ID,Sexo,Ciudad,Asistencia,Nota_Final,Situación_Laboral,Nivel_Educativo_Prev,Conectividad_Hogar,Rango_Etario,Estado_Académico
L-2025-1001,M,La Matanza,35,"6,99",Monotributista / independiente,Secundario completo,No,45 a 54,Aprobado
L-2025-1002,F,Mar del Plata,34,"7,70",Monotributista / independiente,Secundario completo,Si,35 a 44,Aprobado
L-2025-1003,F,La Plata,32,"8,72",Monotributista / independiente,Secundario completo,No,25 a 34,Aprobado
L-2025-1004,F,General San Martín,36,"9,02",No declara,Secundario completo,No,45 a 54,Destacado
L-2025-1005,F,Lomas de Zamora,36,"6,87",Monotributista / independiente,Universitario completo,No,35 a 44,Aprobado
L-2025-1006,F,General San Martín,38,"8,76",Empleo informal,Secundario completo,Si,45 a 54,Aprobado
L-2025-1007,F,Mar del Plata,32,"8,83",Ama de casa / tareas de cuidado,Secundario incompleto,No,55 y más,Aprobado
L-2025-1008,M,La Matanza,38,"5,71",Empleado en relación de dependencia,Secundario incompleto,Si,18 a 24,Desaprobado
L-2025-1009,F,Lomas de Zamora,37,"9,04",Ama de casa / tareas de cuidado,Secundario completo,No,25 a 34,Destacado
L-2025-1010,M,Quilmes,31,"9,73",Ama de casa / tareas de cuidado,Secundario completo,Si,25 a 34,Destacado
L-2025-1011,F,Lomas de Zamora,38,"8,95",Ama de casa / tareas de cuidado,Secundario completo,Si,25 a 34,Aprobado
L-2025-1012,M,La Matanza,34,"3,47",Ama de casa / tareas de cuidado,Secundario completo,Si,35 a 44,Desaprobado
L-2025-1013,F,Mar del Plata,17,"8,74",Ama de casa / tareas de cuidado,Primario completo,Si,25 a 34,Aprobado
L-2025-1014,F,Merlo,37,"7,55",Empleo informal,Secundario completo,Si,18 a 24,Aprobado
L-2025-1015,M,La Matanza,34,"10,00",No declara,Secundario completo,Si,25 a 34,Destacado
L-2025-1016,M,La Plata,20,"8,50",Ama de casa / tareas de cuidado,Secundario incompleto,Si,25 a 34,Aprobado
L-2025-1017,F,La Plata,32,"8,15",Ama de casa / tareas de cuidado,Secundario completo,Si,35 a 44,Aprobado
L-2025-1018,F,Quilmes,34,"7,49",Ama de casa / tareas de cuidado,Sin escolaridad formal,No,25 a 34,Aprobado
L-2025-1019,M,Quilmes,36,"5,68",Empleo informal,Secundario incompleto,Si,35 a 44,Desaprobado
L-2025-1020,M,La Plata,34,"9,31",Ama de casa / tareas de cuidado,Secundario completo,Si,45 a 54,Destacado
L-2025-1021,F,Almirante Brown,38,"5,30",Desempleado,Secundario incompleto,Si,35 a 44,Desaprobado
L-2025-1022,F,La Matanza,35,"7,50",Ama de casa / tareas de cuidado,Sin escolaridad formal,Si,25 a 34,Aprobado
L-2025-1023,F,General San Martín,39,"5,58",Monotributista / independiente,Universitario incompleto,Si,35 a 44,Desaprobado
L-2025-1024,F,Mar del Plata,36,"7,90",No declara,Secundario incompleto,Si,25 a 34,Aprobado
L-2025-1025,F,Lomas de Zamora,33,"7,49",Monotributista / independiente,Terciario en curso,Si,25 a 34,Aprobado
L-2025-1026,F,Merlo,35,"9,12",Desempleado,Terciario completo,Si,45 a 54,Destacado
L-2025-1027,M,Mar del Plata,32,"5,09",Empleo informal,Primario completo,Si,35 a 44,Desaprobado
L-2025-1028,M,General San Martín,35,"5,98",Monotributista / independiente,Secundario completo,Si,35 a 44,Desaprobado
L-2025-1029,F,Mar del Plata,37,"8,44",Monotributista / independiente,Primario completo,No,25 a 34,Aprobado
L-2025-1030,M,La Matanza,38,"5,35",Desempleado,Secundario completo,Si,18 a 24,Desaprobado
L-2025-1031,M,Mar del Plata,36,"7,03",Empleado en relación de dependencia,Secundario completo,Si,25 a 34,Aprobado
L-2025-1032,M,La Matanza,34,"6,24",Monotributista / independiente,Secundario incompleto,Si,25 a 34,Aprobado
L-2025-1033,M,La Matanza,16,"8,99",Empleado en relación de dependencia,Secundario incompleto,Si,25 a 34,Aprobado
L-2025-1034,M,Lanús,32,"4,18",Desempleado,Universitario completo,Si,55 y más,Desaprobado
L-2025-1035,F,Mar del Plata,34,"9,67",Empleado en relación de dependencia,Secundario completo,No,18 a 24,Destacado
L-2025-1036,M,Lomas de Zamora,22,"6,59",Ama de casa / tareas de cuidado,Secundario completo,Si,55 y más,Aprobado
L-2025-1037,M,General San Martín,34,"6,40",Ama de casa / tareas de cuidado,Primario incompleto,Si,18 a 24,Aprobado
L-2025-1038,F,Lomas de Zamora,36,"8,55",Desempleado,Terciario en curso,Si,25 a 34,Aprobado
L-2025-1039,M,La Matanza,36,"6,67",Monotributista / independiente,Secundario incompleto,Si,18 a 24,Aprobado
L-2025-1040,F,Lomas de Zamora,15,"7,90",Monotributista / independiente,Secundario completo,Si,25 a 34,Aprobado
L-2025-1041,M,La Plata,36,"5,58",Desempleado,Primario completo,Si,25 a 34,Destacado
L-2025-1042,F,La Plata,35,"8,26",Trabajos esporádicos,Secundario completo,Si,25 a 34,Aprobado
L-2025-1043,M,Quilmes,38,"8,81",Empleo informal,Secundario incompleto,Si,45 a 54,Aprobado
L-2025-1044,F,Lomas de Zamora,35,"5,60",Empleado en relación de dependencia,Secundario incompleto,No,18 a 24,Desaprobado
L-2025-1045,F,Quilmes,35,"8,18",Empleo informal,Terciario en curso,No,25 a 34,Aprobado
L-2025-1046,M,Lomas de Zamora,21,"4,43",Trabajos esporádicos,Sin escolaridad formal,Si,45 a 54,Destacado
L-2025-1047,F,La Matanza,37,"7,15",Monotributista / independiente,Primario incompleto,Si,25 a 34,Aprobado
L-2025-1048,M,Almirante Brown,37,"6,55",No declara,Universitario incompleto,Si,35 a 44,Aprobado
L-2025-1049,F,Avellaneda,34,"8,72",Empleado en relación de dependencia,Secundario completo,Si,45 a 54,Aprobado
L-2025-1050,F,Mar del Plata,35,"4,42",Trabajos esporádicos,Secundario incompleto,No,45 a 54,Destacado
L-2025-1051,M,La Matanza,35,"4,08",Empleo informal,Secundario incompleto,Si,25 a 34,Destacado
L-2025-1052,F,Merlo,35,"4,88",Empleado en relación de dependencia,Secundario completo,No,55 y más,Desaprobado
L-2025-1053,F,Mar del Plata,39,"7,22",Empleo informal,Sin escolaridad formal,Si,45 a 54,Aprobado
L-2025-1054,F,La Plata,36,"2,76",Ama de casa / tareas de cuidado,Terciario en curso,No,55 y más,Desaprobado
L-2025-1055,M,La Matanza,35,"6,73",Ama de casa / tareas de cuidado,Universitario incompleto,Si,35 a 44,Aprobado
L-2025-1056,F,Lomas de Zamora,15,"7,79",Empleado en relación de dependencia,Universitario incompleto,Si,55 y más,Aprobado
L-2025-1057,F,La Matanza,34,"4,69",Monotributista / independiente,Terciario completo,No,55 y más,Desaprobado
L-2025-1058,F,Lomas de Zamora,35,"8,30",Monotributista / independiente,Universitario incompleto,Si,25 a 34,Aprobado
L-2025-1059,F,Quilmes,25,"10,00",Monotributista / independiente,Terciario en curso,No,45 a 54,Destacado
L-2025-1060,F,Quilmes,33,"10,00",Monotributista / independiente,Secundario completo,No,25 a 34,Destacado
L-2025-1061,M,Merlo,20,"7,04",Empleado en relación de dependencia,Secundario completo,Si,18 a 24,Aprobado
L-2025-1062,F,La Plata,35,"8,06",Monotributista / independiente,Secundario completo,Si,25 a 34,Aprobado
L-2025-1063,F,La Plata,35,"7,55",Monotributista / independiente,Secundario completo,Si,25 a 34,Aprobado
L-2025-1064,F,La Matanza,38,"6,32",Ama de casa / tareas de cuidado,Secundario incompleto,Si,35 a 44,Aprobado
L-2025-1065,F,Lomas de Zamora,35,"7,01",Empleo informal,Primario incompleto,No,25 a 34,Destacado
L-2025-1066,M,La Matanza,20,"5,38",Ama de casa / tareas de cuidado,Secundario incompleto,No,35 a 44,Desaprobado
L-2025-1067,F,Quilmes,34,"7,00",Ama de casa / tareas de cuidado,Secundario completo,Si,45 a 54,Aprobado
L-2025-1068,F,La Plata,22,"5,87",Ama de casa / tareas de cuidado,Secundario completo,Si,18 a 24,Desaprobado
L-2025-1069,M,Lanús,33,"9,31",Ama de casa / tareas de cuidado,Secundario completo,No,25 a 34,Destacado
L-2025-1070,M,La Plata,37,"6,09",Empleado en relación de dependencia,Secundario completo,Si,35 a 44,Aprobado
L-2025-1071,F,Almirante Brown,32,"6,70",Empleado en relación de dependencia,Primario completo,Si,25 a 34,Aprobado
L-2025-1072,F,La Matanza,33,"9,68",Ama de casa / tareas de cuidado,Terciario completo,Si,45 a 54,Destacado
L-2025-1073,F,Quilmes,37,"7,93",Desempleado,Secundario completo,Si,25 a 34,Aprobado
L-2025-1074,M,La Matanza,35,"7,28",Desempleado,Secundario completo,No,18 a 24,Aprobado
L-2025-1075,M,Almirante Brown,34,"9,32",Desempleado,Secundario completo,Si,25 a 34,Destacado
L-2025-1076,F,Lanús,35,"10,00",Empleado en relación de dependencia,Universitario completo,Si,25 a 34,Destacado
L-2025-1077,M,La Plata,37,"7,30",Desempleado,Secundario incompleto,Si,25 a 34,Aprobado
L-2025-1078,M,Mar del Plata,34,"5,63",Empleado en relación de dependencia,Secundario incompleto,No,35 a 44,Desaprobado
L-2025-1079,M,Merlo,18,"7,51",Ama de casa / tareas de cuidado,Primario completo,No,25 a 34,Aprobado
L-2025-1080,F,Lomas de Zamora,31,"8,01",Empleado en relación de dependencia,Terciario en curso,Si,35 a 44,Aprobado
L-2025-1081,M,La Matanza,35,"10,00",Empleo informal,Secundario incompleto,Si,25 a 34,Destacado
L-2025-1082,F,General San Martín,37,"3,70",Monotributista / independiente,Secundario incompleto,Si,18 a 24,Desaprobado
L-2025-1083,F,La Plata,35,"6,56",Desempleado,Primario completo,No,25 a 34,Aprobado
L-2025-1084,M,General San Martín,33,"8,21",Desempleado,Terciario en curso,Si,25 a 34,Aprobado
L-2025-1085,F,Quilmes,34,"8,55",Desempleado,Secundario incompleto,Si,25 a 34,Aprobado
L-2025-1086,F,La Matanza,34,"8,31",Empleado en relación de dependencia,Secundario completo,No,45 a 54,Aprobado
L-2025-1087,F,La Plata,35,"6,04",Desempleado,Secundario incompleto,No,35 a 44,Aprobado
L-2025-1088,F,La Matanza,35,"5,96",Monotributista / independiente,Terciario en curso,Si,18 a 24,Desaprobado
L-2025-1089,F,La Matanza,35,"7,47",Monotributista / independiente,Terciario en curso,No,55 y más,Aprobado
L-2025-1090,F,Avellaneda,33,"4,40",Empleado en relación de dependencia,Universitario incompleto,Si,35 a 44,Desaprobado
L-2025-1091,M,La Plata,34,"8,62",Empleado en relación de dependencia,Secundario incompleto,No,25 a 34,Aprobado
L-2025-1092,M,General San Martín,17,"4,43",Ama de casa / tareas de cuidado,Sin escolaridad formal,Si,25 a 34,Aprobado
L-2025-1093,F,La Matanza,37,"5,21",Monotributista / independiente,Terciario en curso,Si,35 a 44,Desaprobado
L-2025-1094,M,Mar del Plata,35,"9,56",Ama de casa / tareas de cuidado,Secundario completo,No,25 a 34,Destacado
L-2025-1095,F,La Matanza,22,"5,35",Monotributista / independiente,Primario completo,Si,18 a 24,Desaprobado
L-2025-1096,F,Mar del Plata,33,"6,58",Monotributista / independiente,Terciario en curso,Si,35 a 44,Aprobado
L-2025-1097,M,Avellaneda,38,"7,63",Monotributista / independiente,Secundario completo,Si,18 a 24,Aprobado
L-2025-1098,M,La Matanza,36,"5,43",Desempleado,Universitario incompleto,Si,18 a 24,Desaprobado
L-2025-1099,M,La Plata,34,"8,36",Empleado en relación de dependencia,Primario completo,No,45 a 54,Destacado
L-2025-1100,F,Quilmes,35,"5,20",Ama de casa / tareas de cuidado,Terciario completo,No,18 a 24,Desaprobado
L-2025-1101,M,General San Martín,35,"7,51",Desempleado,Terciario completo,Si,25 a 34,Aprobado
L-2025-1102,F,General San Martín,20,"9,00",Empleado en relación de dependencia,Secundario incompleto,Si,45 a 54,Aprobado
L-2025-1103,F,Almirante Brown,33,"7,22",Trabajos esporádicos,Secundario incompleto,Si,35 a 44,Aprobado
L-2025-1104,M,Mar del Plata,32,"7,37",Empleo informal,Secundario completo,Si,55 y más,Aprobado
L-2025-1105,M,Merlo,21,"4,46",Empleado en relación de dependencia,Sin escolaridad formal,Si,25 a 34,Destacado
L-2025-1106,F,Almirante Brown,39,"5,27",Empleo informal,Primario completo,Si,45 a 54,Aprobado
L-2025-1107,M,La Matanza,35,"8,09",Empleado en relación de dependencia,Secundario incompleto,Si,25 a 34,Aprobado
L-2025-1108,M,La Matanza,32,"6,22",Empleo informal,Terciario completo,Si,35 a 44,Aprobado
L-2025-1109,M,Merlo,34,"5,29",Monotributista / independiente,Secundario completo,Si,35 a 44,Desaprobado
L-2025-1110,M,Quilmes,34,"6,03",Empleado en relación de dependencia,Secundario completo,No,35 a 44,Aprobado
L-2025-1111,F,La Plata,37,"8,69",Desempleado,Universitario incompleto,Si,45 a 54,Aprobado
L-2025-1112,M,Quilmes,38,"6,85",Desempleado,Sin escolaridad formal,Si,35 a 44,Aprobado
L-2025-1113,F,La Matanza,37,"6,32",No declara,Universitario incompleto,Si,45 a 54,Aprobado
L-2025-1114,F,La Matanza,39,"7,72",Empleo informal,Secundario completo,No,25 a 34,Aprobado
L-2025-1115,F,Lomas de Zamora,33,"5,50",Empleado en relación de dependencia,Primario incompleto,Si,35 a 44,Desaprobado
L-2025-1116,M,Avellaneda,34,"7,58",Desempleado,Secundario completo,Si,25 a 34,Aprobado
L-2025-1117,M,La Matanza,35,"7,00",Monotributista / independiente,Terciario en curso,No,55 y más,Aprobado
L-2025-1118,F,Mar del Plata,33,"5,60",Empleado en relación de dependencia,Secundario completo,Si,18 a 24,Desaprobado
L-2025-1119,M,Lomas de Zamora,33,"7,88",Empleo informal,Secundario completo,Si,45 a 54,Aprobado
L-2025-1120,M,La Plata,39,"10,00",Empleo informal,Secundario completo,No,25 a 34,Destacado
L-2025-1121,F,La Plata,35,"9,78",Monotributista / independiente,Universitario incompleto,Si,25 a 34,Destacado
L-2025-1122,M,La Matanza,36,"9,21",Desempleado,Terciario en curso,No,25 a 34,Destacado
L-2025-1123,F,Avellaneda,37,"5,95",Monotributista / independiente,Secundario incompleto,Si,18 a 24,Desaprobado
L-2025-1124,M,La Plata,16,"4,62",Empleado en relación de dependencia,Primario completo,Si,35 a 44,Desaprobado
L-2025-1125,F,La Plata,34,"8,64",Empleado en relación de dependencia,Terciario completo,Si,45 a 54,Aprobado
L-2025-1126,F,Mar del Plata,31,,Desempleado,Secundario completo,Si,18 a 24,Desaprobado
L-2025-1127,F,Quilmes,15,"8,64",Desempleado,Secundario completo,Si,45 a 54,Aprobado
L-2025-1128,M,Merlo,34,"7,14",Ama de casa / tareas de cuidado,Secundario incompleto,Si,25 a 34,Aprobado
L-2025-1129,F,Quilmes,39,"4,46",Monotributista / independiente,Sin escolaridad formal,No,25 a 34,Aprobado
L-2025-1130,M,Lanús,31,"8,27",Empleo informal,Secundario incompleto,Si,25 a 34,Aprobado
L-2025-1131,M,Mar del Plata,35,"7,86",Desempleado,Secundario incompleto,Si,25 a 34,Aprobado
L-2025-1132,M,La Plata,36,"10,00",Monotributista / independiente,Secundario completo,Si,45 a 54,Destacado
L-2025-1133,M,Lanús,35,"8,79",Monotributista / independiente,Secundario incompleto,Si,25 a 34,Aprobado
L-2025-1134,M,La Plata,35,"4,27",Desempleado,Sin escolaridad formal,No,35 a 44,Desaprobado
L-2025-1135,F,La Matanza,35,"5,83",Empleo informal,Secundario completo,No,35 a 44,Desaprobado
L-2025-1136,F,La Plata,33,"5,47",Monotributista / independiente,Primario completo,Si,45 a 54,Aprobado
L-2025-1137,M,Lomas de Zamora,34,"6,65",Empleo informal,Sin escolaridad formal,Si,18 a 24,Aprobado
L-2025-1138,M,La Plata,32,"3,90",Empleo informal,Terciario en curso,Si,55 y más,Desaprobado
L-2025-1139,F,Merlo,22,"7,70",Ama de casa / tareas de cuidado,Terciario en curso,No,25 a 34,Aprobado
L-2025-1140,M,La Plata,33,"7,61",Ama de casa / tareas de cuidado,Universitario incompleto,No,25 a 34,Aprobado
L-2025-1141,F,La Plata,17,"7,11",Empleado en relación de dependencia,Secundario incompleto,Si,55 y más,Aprobado
L-2025-1142,F,La Plata,38,"8,42",Empleo informal,Secundario completo,Si,25 a 34,Aprobado
L-2025-1143,F,General San Martín,18,"8,33",Empleado en relación de dependencia,Secundario incompleto,Si,25 a 34,Aprobado
L-2025-1144,M,La Matanza,22,"10,00",Empleado en relación de dependencia,Universitario incompleto,Si,18 a 24,Destacado
L-2025-1145,M,La Plata,37,"8,40",Monotributista / independiente,Secundario completo,Si,25 a 34,Aprobado
L-2025-1146,F,Almirante Brown,35,"5,83",Monotributista / independiente,Secundario incompleto,Si,35 a 44,Desaprobado
L-2025-1147,F,La Plata,36,"10,00",Empleo informal,Secundario completo,No,25 a 34,Destacado
L-2025-1148,F,Quilmes,36,"8,81",Desempleado,Secundario incompleto,Si,25 a 34,Aprobado
L-2025-1149,F,La Plata,35,"7,14",Monotributista / independiente,Primario completo,Si,55 y más,Aprobado
L-2025-1150,M,General San Martín,31,"9,15",Monotributista / independiente,Secundario completo,No,25 a 34,Destacado
L-2025-1151,M,Quilmes,38,"8,30",Ama de casa / tareas de cuidado,Secundario completo,Si,25 a 34,Aprobado
L-2025-1152,F,Merlo,36,"8,60",Monotributista / independiente,Secundario completo,Si,25 a 34,Aprobado
L-2025-1153,M,Quilmes,33,"7,00",Monotributista / independiente,Primario incompleto,Si,25 a 34,Aprobado
L-2025-1154,F,Merlo,18,"5,17",Ama de casa / tareas de cuidado,Secundario completo,No,35 a 44,Desaprobado
L-2025-1155,M,La Plata,32,"6,13",Ama de casa / tareas de cuidado,Universitario completo,Si,45 a 54,Aprobado
L-2025-1156,M,La Matanza,35,"5,71",Monotributista / independiente,Secundario incompleto,No,55 y más,Desaprobado
L-2025-1157,M,Almirante Brown,34,"4,15",Empleo informal,Secundario completo,Si,35 a 44,Desaprobado
L-2025-1158,M,Lomas de Zamora,33,"7,37",Desempleado,Secundario completo,Si,35 a 44,Aprobado
L-2025-1159,F,La Matanza,35,"10,00",Monotributista / independiente,Universitario incompleto,Si,25 a 34,Destacado
L-2025-1160,M,General San Martín,34,"8,26",Empleo informal,Secundario completo,Si,45 a 54,Aprobado
L-2025-1161,F,Merlo,33,"9,74",Ama de casa / tareas de cuidado,Secundario completo,No,25 a 34,Destacado
L-2025-1162,M,Almirante Brown,39,"7,14",Desempleado,Primario completo,No,45 a 54,Aprobado
L-2025-1163,F,La Matanza,37,"9,70",Empleo informal,Terciario en curso,Si,25 a 34,Destacado
L-2025-1164,F,La Matanza,34,"5,97",No declara,Secundario completo,No,35 a 44,Desaprobado
L-2025-1165,F,Mar del Plata,32,"8,01",No declara,Secundario completo,Si,25 a 34,Aprobado
L-2025-1166,F,La Plata,30,"7,09",Trabajos esporádicos,Universitario incompleto,Si,55 y más,Aprobado
L-2025-1167,F,Lanús,33,"6,62",Ama de casa / tareas de cuidado,Secundario incompleto,Si,35 a 44,Aprobado
L-2025-1168,M,Quilmes,33,"7,25",Monotributista / independiente,Universitario incompleto,Si,35 a 44,Aprobado
L-2025-1169,M,La Matanza,35,"9,52",Ama de casa / tareas de cuidado,Secundario incompleto,Si,25 a 34,Destacado
L-2025-1170,F,Quilmes,33,"4,28",Monotributista / independiente,Secundario completo,Si,45 a 54,Destacado
L-2025-1171,M,La Plata,33,"7,42",Monotributista / independiente,Secundario completo,Si,35 a 44,Aprobado
L-2025-1172,F,Avellaneda,35,"8,22",Desempleado,Secundario completo,No,25 a 34,Aprobado
L-2025-1173,M,La Plata,34,"9,41",Empleado en relación de dependencia,Secundario completo,Si,25 a 34,Destacado
L-2025-1174,F,General San Martín,38,"8,88",Empleado en relación de dependencia,Secundario incompleto,Si,45 a 54,Aprobado
L-2025-1175,M,Merlo,38,"6,06",Monotributista / independiente,Secundario completo,Si,55 y más,Aprobado
L-2025-1176,F,Quilmes,35,"5,73",Ama de casa / tareas de cuidado,Secundario incompleto,Si,25 a 34,Desaprobado
L-2025-1177,M,Merlo,35,"8,06",Empleado en relación de dependencia,Universitario completo,Si,25 a 34,Aprobado
L-2025-1178,F,La Plata,34,"7,82",Desempleado,Secundario completo,Si,25 a 34,Aprobado
L-2025-1179,F,Lomas de Zamora,32,"6,08",No declara,Universitario incompleto,Si,18 a 24,Aprobado
L-2025-1180,M,General San Martín,36,"7,04",Trabajos esporádicos,Secundario completo,Si,18 a 24,Aprobado
L-2025-1181,M,Mar del Plata,36,"8,12",Empleo informal,Secundario completo,Si,45 a 54,Aprobado
L-2025-1182,F,La Matanza,34,"3,14",Monotributista / independiente,Terciario en curso,Si,55 y más,Desaprobado
L-2025-1183,M,Mar del Plata,34,"8,99",Ama de casa / tareas de cuidado,Universitario incompleto,Si,45 a 54,Aprobado
L-2025-1184,M,La Matanza,32,"5,20",Empleado en relación de dependencia,Sin escolaridad formal,Si,18 a 24,Desaprobado
L-2025-1185,F,La Matanza,34,"5,72",Trabajos esporádicos,Universitario completo,Si,18 a 24,Desaprobado
L-2025-1186,F,Mar del Plata,35,"3,79",Empleado en relación de dependencia,Universitario incompleto,No,55 y más,Desaprobado
L-2025-1187,F,Lomas de Zamora,33,"9,21",Ama de casa / tareas de cuidado,Universitario completo,No,25 a 34,Destacado
L-2025-1188,F,La Matanza,36,"8,99",Monotributista / independiente,Secundario completo,Si,45 a 54,Aprobado
L-2025-1189,M,Lanús,26,"7,81",Empleo informal,Secundario completo,Si,25 a 34,Aprobado
L-2025-1190,M,Almirante Brown,34,"8,29",Empleado en relación de dependencia,Secundario completo,Si,45 a 54,Aprobado
L-2025-1191,F,Lanús,36,"4,46",Ama de casa / tareas de cuidado,Secundario incompleto,No,25 a 34,Destacado
L-2025-1192,F,La Matanza,33,"9,52",No declara,Secundario completo,Si,18 a 24,Destacado
L-2025-1193,M,Mar del Plata,35,"7,49",Empleo informal,Terciario en curso,No,35 a 44,Aprobado
L-2025-1194,F,General San Martín,38,"6,69",Desempleado,Terciario completo,Si,35 a 44,Aprobado
L-2025-1195,F,Quilmes,36,"5,63",Ama de casa / tareas de cuidado,Secundario incompleto,Si,35 a 44,Desaprobado
L-2025-1196,M,General San Martín,36,"3,26",Empleado en relación de dependencia,Primario completo,Si,55 y más,Desaprobado
L-2025-1197,M,Lanús,35,"10,00",Empleo informal,Secundario completo,Si,25 a 34,Destacado
L-2025-1198,M,Mar del Plata,38,"6,48",Ama de casa / tareas de cuidado,Secundario completo,No,35 a 44,Aprobado
L-2025-1199,F,La Plata,34,"4,46",Ama de casa / tareas de cuidado,Sin escolaridad formal,Si,35 a 44,Desaprobado
L-2025-1200,M,La Plata,38,"4,08",No declara,Secundario incompleto,No,25 a 34,Destacado
L-2025-1201,M,La Matanza,32,"5,62",Monotributista / independiente,Sin escolaridad formal,Si,35 a 44,Desaprobado
L-2025-1202,M,La Plata,32,"6,20",Ama de casa / tareas de cuidado,Terciario completo,Si,35 a 44,Aprobado
L-2025-1203,F,La Plata,35,"6,89",Desempleado,Primario incompleto,Si,35 a 44,Aprobado
L-2025-1204,F,La Matanza,34,"7,58",Empleo informal,Primario completo,Si,45 a 54,Aprobado
L-2025-1205,F,La Matanza,15,"7,39",Empleado en relación de dependencia,Universitario incompleto,No,45 a 54,Aprobado
L-2025-1206,F,Lanús,34,"5,44",Empleo informal,Secundario incompleto,Si,18 a 24,Desaprobado
L-2025-1207,F,Mar del Plata,35,"5,88",Desempleado,Secundario completo,Si,35 a 44,Desaprobado
L-2025-1208,M,Mar del Plata,35,"7,35",Empleo informal,Secundario completo,No,18 a 24,Aprobado
L-2025-1209,F,Lomas de Zamora,34,"6,80",Empleo informal,Secundario completo,Si,35 a 44,Aprobado
L-2025-1210,F,La Matanza,34,"7,55",Ama de casa / tareas de cuidado,Secundario completo,Si,55 y más,Aprobado
L-2025-1211,F,La Matanza,33,"6,89",Empleado en relación de dependencia,Secundario completo,Si,45 a 54,Aprobado
L-2025-1212,F,Almirante Brown,34,"3,98",Ama de casa / tareas de cuidado,Secundario incompleto,Si,35 a 44,Desaprobado
L-2025-1213,F,Mar del Plata,32,"8,44",Monotributista / independiente,Primario completo,No,25 a 34,Destacado
L-2025-1214,F,General San Martín,31,"10,00",Desempleado,Universitario incompleto,Si,45 a 54,Destacado
L-2025-1215,M,La Matanza,34,"9,47",Empleado en relación de dependencia,Terciario en curso,Si,25 a 34,Destacado
L-2025-1216,M,La Matanza,36,"10,00",Empleado en relación de dependencia,Secundario completo,Si,25 a 34,Destacado
L-2025-1217,M,La Plata,34,"5,23",Empleo informal,Primario completo,Si,25 a 34,Destacado
L-2025-1218,F,General San Martín,38,"7,82",Ama de casa / tareas de cuidado,Secundario incompleto,Si,18 a 24,Aprobado
L-2025-1219,F,La Matanza,33,"6,04",Empleado en relación de dependencia,Universitario incompleto,No,18 a 24,Aprobado
L-2025-1220,F,Almirante Brown,38,"5,70",Empleado en relación de dependencia,Secundario completo,Si,25 a 34,Desaprobado
L-2025-1221,F,Quilmes,35,"6,08",Monotributista / independiente,Secundario incompleto,Si,35 a 44,Aprobado
L-2025-1222,M,Avellaneda,35,"6,27",Empleo informal,Secundario incompleto,No,35 a 44,Aprobado
L-2025-1223,F,Lomas de Zamora,37,"5,31",Monotributista / independiente,Primario completo,No,55 y más,Aprobado
L-2025-1224,F,Lomas de Zamora,33,"4,37",Monotributista / independiente,Secundario completo,Si,25 a 34,Destacado
L-2025-1225,F,General San Martín,33,"4,46",Monotributista / independiente,Sin escolaridad formal,No,25 a 34,Aprobado
L-2025-1226,F,Mar del Plata,34,"6,42",Empleo informal,Secundario completo,Si,35 a 44,Aprobado
L-2025-1227,M,Quilmes,32,"5,70",Ama de casa / tareas de cuidado,Secundario incompleto,Si,55 y más,Desaprobado
L-2025-1228,M,La Plata,40,"7,00",Empleo informal,Primario completo,No,55 y más,Aprobado
L-2025-1229,F,La Matanza,35,"5,12",Ama de casa / tareas de cuidado,Secundario incompleto,Si,25 a 34,Desaprobado
L-2025-1230,F,Avellaneda,16,"7,01",Ama de casa / tareas de cuidado,Primario incompleto,Si,18 a 24,Aprobado
L-2025-1231,M,La Plata,38,"8,83",Empleado en relación de dependencia,Secundario completo,Si,25 a 34,Aprobado
L-2025-1232,M,Quilmes,36,"8,61",Desempleado,Universitario incompleto,Si,25 a 34,Aprobado
L-2025-1233,M,Merlo,32,"8,57",Desempleado,Secundario incompleto,No,25 a 34,Aprobado
L-2025-1234,F,Mar del Plata,21,"7,39",Empleado en relación de dependencia,Secundario incompleto,Si,45 a 54,Aprobado
L-2025-1235,M,La Matanza,36,"5,55",Desempleado,Secundario completo,No,18 a 24,Desaprobado
L-2025-1236,F,La Plata,34,"7,85",Desempleado,Secundario completo,No,25 a 34,Aprobado
L-2025-1237,M,Merlo,35,"8,77",Empleo informal,Secundario incompleto,No,45 a 54,Aprobado
L-2025-1238,F,Lomas de Zamora,34,"8,25",No declara,Secundario completo,No,25 a 34,Aprobado
L-2025-1239,F,Lanús,34,"8,82",Ama de casa / tareas de cuidado,Universitario incompleto,Si,25 a 34,Aprobado
L-2025-1240,M,La Matanza,18,"7,78",Ama de casa / tareas de cuidado,Secundario completo,Si,35 a 44,Aprobado
L-2025-1241,M,Almirante Brown,37,"7,40",Monotributista / independiente,Terciario en curso,Si,18 a 24,Aprobado
L-2025-1242,F,Mar del Plata,34,"6,14",Ama de casa / tareas de cuidado,Secundario incompleto,Si,35 a 44,Aprobado
L-2025-1243,M,Lomas de Zamora,18,"6,49",Ama de casa / tareas de cuidado,Secundario incompleto,Si,25 a 34,Aprobado
L-2025-1244,F,Almirante Brown,32,"8,65",Desempleado,Secundario completo,No,25 a 34,Aprobado
L-2025-1245,F,La Plata,34,"8,25",Empleo informal,Secundario completo,No,25 a 34,Aprobado
L-2025-1246,M,La Plata,17,"7,63",Empleado en relación de dependencia,Secundario incompleto,Si,25 a 34,Aprobado
L-2025-1247,F,Mar del Plata,35,"7,03",Desempleado,Primario incompleto,Si,45 a 54,Destacado
L-2025-1248,M,Lanús,35,"7,55",Desempleado,Secundario completo,No,25 a 34,Aprobado
L-2025-1249,F,General San Martín,35,"9,34",Monotributista / independiente,Secundario completo,No,45 a 54,Destacado
L-2025-1250,F,Quilmes,36,"6,88",Ama de casa / tareas de cuidado,Primario incompleto,No,25 a 34,Aprobado
L-2025-1251,M,La Matanza,31,"9,86",Monotributista / independiente,Universitario incompleto,Si,45 a 54,Destacado
L-2025-1252,M,Quilmes,33,"8,81",Desempleado,Secundario completo,No,25 a 34,Aprobado
L-2025-1253,F,Almirante Brown,32,"7,29",Monotributista / independiente,Primario completo,Si,18 a 24,Aprobado
L-2025-1254,F,Merlo,36,"8,51",Monotributista / independiente,Terciario en curso,Si,25 a 34,Aprobado
L-2025-1255,F,La Matanza,35,"8,77",Monotributista / independiente,Secundario completo,Si,45 a 54,Aprobado
L-2025-1256,F,La Matanza,35,"6,99",Monotributista / independiente,Secundario completo,Si,25 a 34,Aprobado
L-2025-1257,F,La Plata,36,"8,98",Monotributista / independiente,Terciario en curso,Si,25 a 34,Aprobado
L-2025-1258,M,Lanús,33,"8,12",Empleo informal,Primario completo,Si,45 a 54,Aprobado
L-2025-1259,M,General San Martín,33,"7,14",Empleado en relación de dependencia,Secundario completo,Si,25 a 34,Aprobado
L-2025-1260,F,Avellaneda,37,"8,76",Monotributista / independiente,Secundario completo,Si,45 a 54,Aprobado
L-2025-1261,M,Mar del Plata,38,"6,23",Desempleado,Universitario completo,Si,25 a 34,Aprobado
L-2025-1262,F,Lanús,34,"9,41",Empleo informal,Terciario en curso,Si,45 a 54,Destacado
L-2025-1263,M,Lomas de Zamora,31,"8,30",Empleo informal,Secundario incompleto,Si,25 a 34,Aprobado
L-2025-1264,F,Avellaneda,34,"8,33",Empleado en relación de dependencia,Secundario completo,Si,45 a 54,Aprobado
L-2025-1265,M,La Matanza,37,"5,88",Desempleado,Universitario incompleto,No,55 y más,Desaprobado
L-2025-1266,M,La Plata,15,"9,40",Empleado en relación de dependencia,Secundario completo,No,25 a 34,Destacado
L-2025-1267,F,Lomas de Zamora,33,"8,86",Ama de casa / tareas de cuidado,Universitario completo,Si,25 a 34,Aprobado
L-2025-1268,F,La Plata,39,"9,15",Desempleado,Terciario en curso,No,25 a 34,Destacado
L-2025-1269,M,La Matanza,34,"5,60",No declara,Secundario completo,No,55 y más,Desaprobado
L-2025-1270,F,La Plata,32,"8,20",Empleo informal,Universitario incompleto,Si,25 a 34,Aprobado
L-2025-1271,M,Mar del Plata,22,"7,57",Empleado en relación de dependencia,Universitario completo,No,45 a 54,Aprobado
L-2025-1272,F,Almirante Brown,36,"8,73",Empleo informal,Secundario incompleto,Si,25 a 34,Aprobado
L-2025-1273,M,Mar del Plata,17,"8,49",Empleado en relación de dependencia,Secundario completo,Si,25 a 34,Aprobado
L-2025-1274,F,Mar del Plata,36,"6,66",Monotributista / independiente,Secundario completo,Si,35 a 44,Aprobado
L-2025-1275,F,Lomas de Zamora,31,"7,06",Empleado en relación de dependencia,Secundario incompleto,Si,35 a 44,Aprobado
L-2025-1276,F,General San Martín,31,"5,84",Empleo informal,Secundario completo,Si,35 a 44,Desaprobado
L-2025-1277,F,La Matanza,34,"8,58",Ama de casa / tareas de cuidado,Secundario completo,No,45 a 54,Aprobado
L-2025-1278,M,La Matanza,18,"4,43",Ama de casa / tareas de cuidado,Sin escolaridad formal,Si,25 a 34,Destacado
L-2025-1279,F,La Plata,31,"8,66",Empleado en relación de dependencia,Secundario completo,Si,25 a 34,Aprobado
L-2025-1280,M,La Matanza,36,"6,30",Empleo informal,Secundario completo,Si,35 a 44,Aprobado
L-2025-1281,F,La Matanza,35,"6,19",Ama de casa / tareas de cuidado,Secundario completo,Si,55 y más,Aprobado
L-2025-1282,F,La Matanza,17,"5,36",Empleado en relación de dependencia,Secundario incompleto,No,35 a 44,Desaprobado
L-2025-1283,M,La Matanza,36,"4,43",Monotributista / independiente,Sin escolaridad formal,No,45 a 54,Destacado
L-2025-1284,M,Mar del Plata,34,"8,61",Empleo informal,Universitario incompleto,Si,25 a 34,Aprobado
L-2025-1285,F,La Matanza,33,"9,90",Ama de casa / tareas de cuidado,Universitario incompleto,Si,25 a 34,Destacado
L-2025-1286,F,La Plata,34,"6,27",Empleo informal,Secundario completo,No,18 a 24,Aprobado
L-2025-1287,M,La Plata,35,"6,98",Monotributista / independiente,Terciario en curso,Si,18 a 24,Aprobado
L-2025-1288,F,Lomas de Zamora,37,"7,22",Empleo informal,Secundario completo,Si,55 y más,Aprobado
L-2025-1289,F,La Matanza,40,"3,99",Monotributista / independiente,Universitario incompleto,Si,45 a 54,Desaprobado
L-2025-1290,M,Mar del Plata,32,"7,16",No declara,Terciario completo,Si,25 a 34,Aprobado
L-2025-1291,M,Merlo,15,"6,89",Empleado en relación de dependencia,Primario incompleto,Si,25 a 34,Destacado
L-2025-1292,F,Lomas de Zamora,37,"6,50",Desempleado,Secundario completo,Si,18 a 24,Aprobado
L-2025-1293,F,La Plata,35,"8,68",Trabajos esporádicos,Secundario completo,Si,25 a 34,Aprobado
L-2025-1294,F,Mar del Plata,35,"7,07",Ama de casa / tareas de cuidado,Primario completo,Si,18 a 24,Aprobado
L-2025-1295,F,La Matanza,32,"8,40",Desempleado,Universitario completo,Si,25 a 34,Aprobado
L-2025-1296,F,Lomas de Zamora,32,"7,64",Empleado en relación de dependencia,Primario completo,Si,55 y más,Aprobado
L-2025-1297,M,Mar del Plata,38,"10,00",Empleado en relación de dependencia,Universitario completo,Si,45 a 54,Destacado
L-2025-1298,M,La Matanza,36,"7,06",Desempleado,Universitario completo,No,25 a 34,Aprobado
L-2025-1299,M,Mar del Plata,32,"9,06",Ama de casa / tareas de cuidado,Universitario incompleto,Si,25 a 34,Destacado
L-2025-1300,F,Lanús,34,"7,53",Monotributista / independiente,Secundario completo,Si,25 a 34,Aprobado
L-2025-1301,F,General San Martín,32,"8,36",Empleado en relación de dependencia,Secundario completo,Si,55 y más,Aprobado
L-2025-1302,F,Lanús,35,"6,75",Desempleado,Secundario completo,Si,45 a 54,Aprobado
L-2025-1303,F,La Plata,31,"6,94",Monotributista / independiente,Primario incompleto,Si,25 a 34,Destacado
L-2025-1304,M,La Matanza,36,"5,64",Empleado en relación de dependencia,Secundario completo,Si,35 a 44,Desaprobado
L-2025-1305,M,Lomas de Zamora,34,"6,84",Ama de casa / tareas de cuidado,Universitario incompleto,No,55 y más,Aprobado
L-2025-1306,M,La Plata,18,"10,00",Empleado en relación de dependencia,Primario completo,Si,45 a 54,Destacado
L-2025-1307,F,La Plata,16,"9,28",Ama de casa / tareas de cuidado,Universitario incompleto,Si,25 a 34,Destacado
L-2025-1308,F,Mar del Plata,35,"7,14",Empleo informal,Universitario incompleto,Si,35 a 44,Aprobado
L-2025-1309,M,Quilmes,33,"4,42",Ama de casa / tareas de cuidado,Secundario incompleto,No,45 a 54,Destacado
L-2025-1310,M,Mar del Plata,20,"5,90",Ama de casa / tareas de cuidado,Universitario completo,Si,18 a 24,Desaprobado
L-2025-1311,F,Merlo,35,"7,83",Trabajos esporádicos,Universitario incompleto,Si,25 a 34,Aprobado
L-2025-1312,F,Almirante Brown,36,"7,17",Trabajos esporádicos,Sin escolaridad formal,Si,25 a 34,Aprobado
L-2025-1313,F,General San Martín,34,"8,62",Empleo informal,Secundario incompleto,Si,25 a 34,Aprobado
L-2025-1314,M,General San Martín,37,"7,18",Desempleado,Primario completo,Si,55 y más,Aprobado
L-2025-1315,F,General San Martín,36,"9,21",Empleo informal,Primario completo,No,45 a 54,Destacado
L-2025-1316,M,General San Martín,15,"5,44",Empleado en relación de dependencia,Primario completo,No,25 a 34,Destacado
L-2025-1317,M,Quilmes,39,"8,12",Desempleado,Secundario incompleto,Si,25 a 34,Aprobado
L-2025-1318,M,La Plata,18,"9,10",Empleado en relación de dependencia,Terciario en curso,Si,25 a 34,Destacado
L-2025-1319,F,Avellaneda,33,"4,03",Empleado en relación de dependencia,Secundario completo,No,55 y más,Desaprobado
L-2025-1320,F,Merlo,36,"8,25",Desempleado,Universitario incompleto,No,25 a 34,Aprobado
L-2025-1321,F,Mar del Plata,33,"6,16",Monotributista / independiente,Secundario completo,No,18 a 24,Aprobado
L-2025-1322,F,La Matanza,34,"6,27",Empleado en relación de dependencia,Secundario completo,Si,35 a 44,Aprobado
L-2025-1323,M,Avellaneda,38,"6,39",Desempleado,Universitario incompleto,Si,18 a 24,Aprobado
L-2025-1324,F,General San Martín,36,"8,23",Desempleado,Terciario completo,Si,25 a 34,Aprobado
L-2025-1325,M,La Matanza,35,"8,50",Desempleado,Terciario en curso,Si,18 a 24,Aprobado
L-2025-1326,M,La Plata,35,"7,29",Monotributista / independiente,Terciario completo,Si,25 a 34,Aprobado
L-2025-1327,F,La Plata,36,"8,13",Ama de casa / tareas de cuidado,Secundario completo,No,18 a 24,Aprobado
L-2025-1328,F,Merlo,34,"8,66",Empleo informal,Secundario completo,Si,25 a 34,Aprobado
L-2025-1329,F,Lomas de Zamora,36,"9,02",Empleado en relación de dependencia,Secundario completo,No,45 a 54,Destacado
L-2025-1330,M,Almirante Brown,34,"9,62",Empleado en relación de dependencia,Secundario completo,Si,25 a 34,Destacado
L-2025-1331,F,La Plata,36,"8,76",Ama de casa / tareas de cuidado,Secundario completo,Si,25 a 34,Aprobado
L-2025-1332,M,La Plata,16,"7,30",Empleado en relación de dependencia,Secundario completo,Si,45 a 54,Aprobado
L-2025-1333,F,La Matanza,18,"8,04",Ama de casa / tareas de cuidado,Secundario incompleto,Si,25 a 34,Aprobado
L-2025-1334,F,Mar del Plata,34,"5,97",Empleo informal,Universitario incompleto,No,35 a 44,Desaprobado
L-2025-1335,M,La Matanza,33,"4,27",Ama de casa / tareas de cuidado,Sin escolaridad formal,Si,25 a 34,Destacado
L-2025-1336,M,Lomas de Zamora,38,"5,88",Empleado en relación de dependencia,Secundario completo,Si,35 a 44,Desaprobado
L-2025-1337,F,La Matanza,36,"6,95",Empleo informal,Secundario incompleto,No,18 a 24,Aprobado
L-2025-1338,F,Lanús,38,"8,20",Ama de casa / tareas de cuidado,Secundario completo,Si,25 a 34,Aprobado
L-2025-1339,M,Lomas de Zamora,17,"10,00",Empleado en relación de dependencia,Secundario incompleto,Si,55 y más,Destacado
L-2025-1340,F,Avellaneda,32,"9,24",Ama de casa / tareas de cuidado,Terciario en curso,No,25 a 34,Destacado
L-2025-1341,F,Lomas de Zamora,35,"9,70",Ama de casa / tareas de cuidado,Universitario incompleto,Si,25 a 34,Destacado
L-2025-1342,M,Merlo,34,"9,14",Desempleado,Universitario completo,Si,25 a 34,Destacado
L-2025-1343,F,La Plata,39,"6,91",Empleo informal,Terciario completo,Si,45 a 54,Aprobado
L-2025-1344,M,Quilmes,38,"7,50",Ama de casa / tareas de cuidado,Terciario en curso,No,25 a 34,Aprobado
L-2025-1345,F,La Matanza,38,"7,03",Ama de casa / tareas de cuidado,Primario incompleto,No,45 a 54,Aprobado
L-2025-1346,M,La Matanza,31,"7,46",Desempleado,Universitario incompleto,Si,25 a 34,Aprobado
L-2025-1347,M,Lomas de Zamora,32,"3,95",Empleado en relación de dependencia,Secundario completo,Si,55 y más,Desaprobado
L-2025-1348,M,Lomas de Zamora,34,"9,70",Ama de casa / tareas de cuidado,Secundario completo,Si,25 a 34,Destacado
L-2025-1349,M,Mar del Plata,37,"3,77",Monotributista / independiente,Secundario incompleto,Si,35 a 44,Desaprobado
L-2025-1350,M,La Matanza,34,"7,50",Empleo informal,Terciario en curso,Si,45 a 54,Aprobado
L-2025-1351,M,La Matanza,16,"5,52",Empleado en relación de dependencia,Secundario completo,Si,35 a 44,Desaprobado
L-2025-1352,F,Lomas de Zamora,32,"4,42",Monotributista / independiente,Universitario incompleto,Si,55 y más,Desaprobado
L-2025-1353,F,General San Martín,16,"6,86",Empleado en relación de dependencia,Secundario completo,No,35 a 44,Aprobado
L-2025-1354,M,La Plata,34,"6,65",Empleo informal,Secundario completo,Si,25 a 34,Aprobado
L-2025-1355,F,Quilmes,31,"5,65",Trabajos esporádicos,Universitario incompleto,Si,35 a 44,Desaprobado
L-2025-1356,M,Almirante Brown,37,"10,00",Empleo informal,Terciario completo,Si,25 a 34,Destacado
L-2025-1357,M,Mar del Plata,36,"4,88",Monotributista / independiente,Secundario incompleto,Si,35 a 44,Desaprobado
L-2025-1358,M,Almirante Brown,31,"6,67",Desempleado,Secundario completo,Si,55 y más,Aprobado
L-2025-1359,F,Lanús,34,"6,85",Monotributista / independiente,Secundario completo,Si,18 a 24,Aprobado
L-2025-1360,M,General San Martín,38,"8,28",Empleo informal,Secundario completo,Si,25 a 34,Aprobado
L-2025-1361,F,Lanús,33,"5,40",Desempleado,Universitario completo,No,25 a 34,Desaprobado
L-2025-1362,F,La Matanza,34,"4,90",Empleo informal,Primario completo,Si,18 a 24,Desaprobado
L-2025-1363,F,Almirante Brown,37,"8,98",Monotributista / independiente,Secundario completo,No,45 a 54,Aprobado
L-2025-1364,M,Mar del Plata,37,"6,91",Empleo informal,Terciario en curso,Si,25 a 34,Aprobado
L-2025-1365,M,La Matanza,18,"2,79",Trabajos esporádicos,Primario incompleto,Si,45 a 54,Desaprobado
L-2025-1366,F,Quilmes,36,"6,43",Empleo informal,Secundario incompleto,Si,18 a 24,Aprobado
L-2025-1367,F,Mar del Plata,36,"6,45",No declara,Universitario completo,Si,35 a 44,Aprobado
L-2025-1368,F,La Matanza,38,"7,23",Desempleado,Secundario incompleto,No,35 a 44,Aprobado
L-2025-1369,M,La Plata,23,"5,61",Ama de casa / tareas de cuidado,Secundario incompleto,Si,25 a 34,Desaprobado
L-2025-1370,M,La Matanza,36,"6,74",Empleo informal,Secundario completo,No,25 a 34,Aprobado
L-2025-1371,F,Avellaneda,33,"7,49",Monotributista / independiente,Secundario incompleto,Si,25 a 34,Aprobado
L-2025-1372,M,La Plata,36,"9,11",Monotributista / independiente,Terciario en curso,No,25 a 34,Destacado
L-2025-1373,M,General San Martín,33,"5,38",Monotributista / independiente,Primario completo,Si,25 a 34,Aprobado
L-2025-1374,F,Mar del Plata,35,"5,57",Empleado en relación de dependencia,Universitario incompleto,No,18 a 24,Desaprobado
L-2025-1375,M,Lomas de Zamora,16,"7,90",Empleado en relación de dependencia,Secundario completo,Si,45 a 54,Aprobado
L-2025-1376,F,Almirante Brown,33,"6,81",Empleo informal,Terciario en curso,Si,25 a 34,Aprobado
L-2025-1377,M,Merlo,36,"6,47",No declara,Secundario completo,No,25 a 34,Aprobado
L-2025-1378,F,Almirante Brown,33,"7,48",Ama de casa / tareas de cuidado,Secundario completo,Si,35 a 44,Aprobado
L-2025-1379,M,La Matanza,34,"5,40",Empleado en relación de dependencia,Primario completo,Si,45 a 54,Destacado
L-2025-1380,F,La Plata,35,"6,65",Trabajos esporádicos,Secundario completo,Si,18 a 24,Aprobado
L-2025-1381,M,Mar del Plata,36,"6,48",Ama de casa / tareas de cuidado,Secundario completo,No,18 a 24,Aprobado
L-2025-1382,F,Quilmes,31,"5,15",Desempleado,Universitario incompleto,Si,35 a 44,Desaprobado
L-2025-1383,M,Quilmes,34,"7,03",No declara,Secundario completo,No,18 a 24,Aprobado
L-2025-1384,F,La Matanza,36,"6,09",Monotributista / independiente,Secundario incompleto,Si,35 a 44,Aprobado
L-2025-1385,F,La Plata,38,"7,63",Ama de casa / tareas de cuidado,Universitario incompleto,No,35 a 44,Aprobado
L-2025-1386,M,La Matanza,18,"9,40",Trabajos esporádicos,Terciario en curso,Si,45 a 54,Destacado
L-2025-1387,F,La Matanza,38,"7,48",Empleado en relación de dependencia,Primario completo,Si,25 a 34,Aprobado
L-2025-1388,M,Almirante Brown,32,"6,96",Empleo informal,Primario incompleto,Si,45 a 54,Destacado
L-2025-1389,M,La Matanza,32,"8,11",Empleo informal,Secundario completo,Si,25 a 34,Aprobado
L-2025-1390,F,La Matanza,33,"10,00",Desempleado,Secundario completo,Si,25 a 34,Destacado
L-2025-1391,F,La Matanza,33,"8,07",Empleado en relación de dependencia,Secundario incompleto,Si,25 a 34,Aprobado
L-2025-1392,M,General San Martín,34,"6,40",Desempleado,Universitario incompleto,Si,55 y más,Aprobado
L-2025-1393,M,Avellaneda,35,"7,68",Empleado en relación de dependencia,Secundario completo,Si,35 a 44,Aprobado
L-2025-1394,M,Mar del Plata,15,"6,48",Monotributista / independiente,Secundario incompleto,No,35 a 44,Aprobado
L-2025-1395,F,Quilmes,32,"6,23",Ama de casa / tareas de cuidado,Secundario completo,Si,25 a 34,Aprobado
L-2025-1396,M,General San Martín,40,"4,43",Monotributista / independiente,Sin escolaridad formal,Si,25 a 34,Aprobado
L-2025-1397,F,La Matanza,33,"7,43",Empleo informal,Secundario completo,No,25 a 34,Aprobado
L-2025-1398,M,Mar del Plata,32,"8,15",Ama de casa / tareas de cuidado,Secundario completo,Si,25 a 34,Aprobado
L-2025-1399,F,Lomas de Zamora,35,"9,81",Desempleado,Secundario completo,No,45 a 54,Destacado
L-2025-1400,M,La Plata,34,"7,93",Empleado en relación de dependencia,Secundario completo,Si,35 a 44,Aprobado
L-2025-1401,F,La Plata,16,"5,22",Empleado en relación de dependencia,Secundario incompleto,Si,35 a 44,Desaprobado
L-2025-1402,M,Avellaneda,36,"6,18",Empleado en relación de dependencia,Terciario en curso,Si,35 a 44,Aprobado
L-2025-1403,F,Mar del Plata,34,"7,26",Empleado en relación de dependencia,Secundario incompleto,Si,25 a 34,Aprobado
L-2025-1404,M,Mar del Plata,36,"7,07",Ama de casa / tareas de cuidado,Universitario incompleto,Si,25 a 34,Aprobado
L-2025-1405,M,La Plata,35,"9,08",Empleado en relación de dependencia,Secundario incompleto,Si,25 a 34,Destacado
L-2025-1406,M,La Plata,22,"7,16",Ama de casa / tareas de cuidado,Terciario completo,Si,35 a 44,Aprobado
L-2025-1407,M,Mar del Plata,38,"5,67",Empleado en relación de dependencia,Secundario completo,Si,35 a 44,Desaprobado
L-2025-1408,F,Lomas de Zamora,36,"6,29",Empleo informal,Universitario incompleto,Si,25 a 34,Aprobado
L-2025-1409,M,Lomas de Zamora,37,"8,48",Monotributista / independiente,Universitario completo,Si,45 a 54,Aprobado
L-2025-1410,M,Merlo,34,"5,47",Ama de casa / tareas de cuidado,Secundario completo,Si,35 a 44,Desaprobado
L-2025-1411,M,Merlo,35,"7,01",Empleado en relación de dependencia,Primario incompleto,Si,25 a 34,Aprobado
L-2025-1412,F,Avellaneda,35,"6,40",Ama de casa / tareas de cuidado,Secundario incompleto,Si,35 a 44,Aprobado
L-2025-1413,F,Mar del Plata,22,"5,91",Ama de casa / tareas de cuidado,Secundario incompleto,Si,35 a 44,Desaprobado
L-2025-1414,M,Lanús,34,"9,56",Ama de casa / tareas de cuidado,Secundario completo,Si,25 a 34,Destacado
L-2025-1415,F,La Plata,35,"10,00",Monotributista / independiente,Secundario incompleto,No,25 a 34,Destacado
L-2025-1416,F,Almirante Brown,20,"8,88",Empleado en relación de dependencia,Universitario incompleto,No,45 a 54,Aprobado
L-2025-1417,F,Mar del Plata,34,"8,03",Empleado en relación de dependencia,Secundario completo,No,35 a 44,Aprobado
L-2025-1418,M,Quilmes,38,"6,86",Ama de casa / tareas de cuidado,Secundario completo,Si,35 a 44,Aprobado
L-2025-1419,M,Lomas de Zamora,32,"10,00",Empleado en relación de dependencia,Universitario incompleto,Si,25 a 34,Destacado
L-2025-1420,M,Quilmes,39,"8,87",Desempleado,Terciario en curso,Si,45 a 54,Aprobado
L-2025-1421,M,Avellaneda,23,"5,85",Ama de casa / tareas de cuidado,Primario completo,Si,55 y más,Desaprobado
L-2025-1422,M,Quilmes,15,"8,12",Empleado en relación de dependencia,Secundario completo,Si,25 a 34,Aprobado
L-2025-1423,F,Quilmes,34,"8,01",Empleado en relación de dependencia,Terciario en curso,No,25 a 34,Aprobado
L-2025-1424,M,Almirante Brown,34,"7,29",Ama de casa / tareas de cuidado,Terciario completo,Si,25 a 34,Aprobado
L-2025-1425,F,Lomas de Zamora,36,"8,44",Empleo informal,Secundario completo,Si,45 a 54,Aprobado
L-2025-1426,F,Almirante Brown,36,"6,87",Monotributista / independiente,Secundario incompleto,Si,25 a 34,Aprobado
L-2025-1427,F,La Matanza,15,"10,00",Trabajos esporádicos,Secundario completo,Si,25 a 34,Destacado
L-2025-1428,F,La Matanza,34,"8,43",Desempleado,Secundario completo,Si,25 a 34,Aprobado
L-2025-1429,F,Lomas de Zamora,34,"7,88",Ama de casa / tareas de cuidado,Universitario incompleto,Si,45 a 54,Aprobado
L-2025-1430,M,Quilmes,36,"6,71",Desempleado,Primario completo,Si,35 a 44,Aprobado
L-2025-1431,F,Almirante Brown,36,"8,00",Desempleado,Secundario completo,Si,25 a 34,Aprobado
L-2025-1432,M,La Matanza,34,"5,35",Monotributista / independiente,Secundario completo,Si,35 a 44,Desaprobado
L-2025-1433,M,Quilmes,34,"6,36",Desempleado,Universitario incompleto,Si,25 a 34,Aprobado
L-2025-1434,M,La Plata,20,"10,00",Empleado en relación de dependencia,Secundario completo,Si,25 a 34,Destacado
L-2025-1435,F,La Matanza,34,"6,21",Empleado en relación de dependencia,Terciario en curso,No,55 y más,Aprobado
L-2025-1436,M,La Matanza,34,"4,92",Trabajos esporádicos,Universitario completo,Si,18 a 24,Desaprobado
L-2025-1437,F,Mar del Plata,38,"4,60",Empleado en relación de dependencia,Secundario completo,Si,55 y más,Desaprobado
L-2025-1438,F,Avellaneda,33,"6,39",Empleo informal,Primario completo,Si,35 a 44,Aprobado
L-2025-1439,F,Mar del Plata,35,"6,21",Empleado en relación de dependencia,Secundario completo,No,18 a 24,Aprobado
L-2025-1440,F,Merlo,39,"5,67",Empleo informal,Secundario completo,Si,55 y más,Desaprobado
L-2025-1441,F,Lomas de Zamora,35,"9,53",Monotributista / independiente,Terciario en curso,No,25 a 34,Destacado
L-2025-1442,F,La Matanza,38,"9,04",Ama de casa / tareas de cuidado,Secundario completo,Si,45 a 54,Destacado
L-2025-1443,F,La Plata,33,"7,18",Monotributista / independiente,Primario incompleto,Si,25 a 34,Aprobado
L-2025-1444,M,General San Martín,39,"7,44",Desempleado,Secundario incompleto,No,25 a 34,Aprobado
L-2025-1445,M,General San Martín,34,"8,20",Ama de casa / tareas de cuidado,Primario completo,Si,25 a 34,Destacado
L-2025-1446,F,Merlo,35,"8,31",Ama de casa / tareas de cuidado,Secundario completo,Si,25 a 34,Aprobado
L-2025-1447,M,Quilmes,34,"8,99",Desempleado,Terciario en curso,Si,25 a 34,Aprobado
L-2025-1448,M,Lomas de Zamora,35,"7,22",Desempleado,Secundario completo,Si,25 a 34,Aprobado
L-2025-1449,F,La Plata,17,"7,81",Empleado en relación de dependencia,Secundario incompleto,Si,25 a 34,Aprobado
L-2025-1450,F,La Plata,37,"6,54",Monotributista / independiente,Universitario incompleto,Si,35 a 44,Aprobado
L-2025-1451,F,La Matanza,35,"5,32",Ama de casa / tareas de cuidado,Primario completo,Si,18 a 24,Aprobado
L-2025-1452,F,Mar del Plata,35,"9,70",Empleado en relación de dependencia,Secundario completo,Si,25 a 34,Destacado
L-2025-1453,M,La Matanza,33,"8,09",Empleado en relación de dependencia,Secundario incompleto,Si,25 a 34,Aprobado
L-2025-1454,F,General San Martín,16,"4,86",Empleado en relación de dependencia,Universitario incompleto,Si,18 a 24,Desaprobado
L-2025-1455,M,Mar del Plata,31,"4,24",Monotributista / independiente,Secundario incompleto,Si,25 a 34,Destacado
L-2025-1456,F,Avellaneda,37,"8,62",Monotributista / independiente,Secundario incompleto,Si,25 a 34,Aprobado
L-2025-1457,F,Mar del Plata,33,"8,86",Empleo informal,Secundario incompleto,Si,25 a 34,Aprobado
L-2025-1458,F,La Matanza,36,"6,77",Desempleado,Secundario completo,No,35 a 44,Aprobado
L-2025-1459,M,Quilmes,34,"6,37",Monotributista / independiente,Secundario completo,Si,55 y más,Aprobado
L-2025-1460,F,Merlo,21,"8,61",Ama de casa / tareas de cuidado,Secundario completo,No,45 a 54,Aprobado
L-2025-1461,F,Lanús,33,"7,61",Empleado en relación de dependencia,Secundario incompleto,Si,25 a 34,Aprobado
L-2025-1462,F,La Matanza,35,"5,78",Ama de casa / tareas de cuidado,Secundario incompleto,Si,55 y más,Desaprobado
L-2025-1463,F,Mar del Plata,39,"7,57",Empleo informal,Secundario completo,Si,18 a 24,Aprobado
L-2025-1464,F,La Plata,38,"4,08",Monotributista / independiente,Secundario incompleto,Si,35 a 44,Desaprobado
L-2025-1465,M,General San Martín,34,"10,00",Desempleado,Secundario completo,Si,25 a 34,Destacado
L-2025-1466,F,Mar del Plata,37,"8,85",Monotributista / independiente,Secundario completo,Si,45 a 54,Aprobado
L-2025-1467,M,Almirante Brown,35,"4,48",No declara,Universitario incompleto,Si,45 a 54,Desaprobado
L-2025-1468,M,Lomas de Zamora,34,"8,76",Monotributista / independiente,Secundario incompleto,No,25 a 34,Aprobado
L-2025-1469,F,La Matanza,38,"6,72",Ama de casa / tareas de cuidado,Terciario en curso,No,35 a 44,Aprobado
L-2025-1470,M,General San Martín,33,"8,00",Ama de casa / tareas de cuidado,Secundario completo,Si,45 a 54,Aprobado
L-2025-1471,M,La Matanza,36,"7,59",Trabajos esporádicos,Secundario completo,Si,25 a 34,Aprobado
L-2025-1472,F,Quilmes,36,"8,69",Monotributista / independiente,Secundario completo,Si,45 a 54,Aprobado
L-2025-1473,F,Lanús,37,"5,82",Empleo informal,Secundario incompleto,Si,35 a 44,Desaprobado
L-2025-1474,F,Merlo,17,"10,00",Ama de casa / tareas de cuidado,Secundario completo,Si,25 a 34,Destacado
L-2025-1475,M,La Plata,38,"3,78",Empleado en relación de dependencia,Terciario en curso,Si,35 a 44,Desaprobado
L-2025-1476,F,General San Martín,30,"7,61",Empleado en relación de dependencia,Secundario completo,No,25 a 34,Aprobado
L-2025-1477,F,Lomas de Zamora,32,"4,65",Empleo informal,Primario completo,No,18 a 24,Desaprobado
L-2025-1478,F,La Matanza,36,"6,52",Monotributista / independiente,Secundario completo,Si,18 a 24,Aprobado
L-2025-1479,M,General San Martín,16,"6,88",Empleado en relación de dependencia,Terciario en curso,No,25 a 34,Aprobado
L-2025-1480,F,Quilmes,36,"4,43",Empleado en relación de dependencia,Sin escolaridad formal,Si,45 a 54,Destacado
L-2025-1481,M,Lanús,37,"7,56",Monotributista / independiente,Universitario incompleto,Si,55 y más,Aprobado
L-2025-1482,M,La Matanza,34,"8,58",Empleado en relación de dependencia,Universitario incompleto,Si,25 a 34,Aprobado
L-2025-1483,M,Quilmes,38,"6,94",Empleado en relación de dependencia,Primario incompleto,Si,25 a 34,Aprobado
L-2025-1484,F,La Plata,34,"8,29",Empleo informal,Secundario completo,No,25 a 34,Aprobado
L-2025-1485,M,Avellaneda,38,"8,31",Ama de casa / tareas de cuidado,Terciario en curso,No,25 a 34,Aprobado
L-2025-1486,M,Mar del Plata,36,"7,00",Desempleado,Terciario en curso,Si,18 a 24,Aprobado
L-2025-1487,M,La Matanza,34,"7,67",Monotributista / independiente,Terciario completo,No,55 y más,Aprobado
L-2025-1488,F,La Matanza,34,"9,51",Desempleado,Universitario incompleto,Si,25 a 34,Destacado
L-2025-1489,M,Quilmes,35,"7,56",Empleado en relación de dependencia,Secundario incompleto,Si,18 a 24,Aprobado
L-2025-1490,M,Avellaneda,33,"9,36",Desempleado,Secundario completo,Si,55 y más,Destacado
L-2025-1491,M,La Matanza,32,"5,65",Desempleado,Secundario incompleto,Si,18 a 24,Desaprobado
L-2025-1492,M,Almirante Brown,34,"6,33",Empleo informal,Secundario completo,Si,25 a 34,Aprobado
L-2025-1493,F,Quilmes,34,"8,43",Empleado en relación de dependencia,Secundario completo,Si,45 a 54,Aprobado
L-2025-1494,F,Merlo,34,"7,78",Monotributista / independiente,Secundario completo,Si,18 a 24,Aprobado
L-2025-1495,M,Almirante Brown,35,"5,46",Ama de casa / tareas de cuidado,Secundario completo,Si,35 a 44,Desaprobado
L-2025-1496,F,General San Martín,35,"10,00",Empleado en relación de dependencia,Secundario incompleto,No,25 a 34,Destacado
L-2025-1497,F,Lomas de Zamora,37,"4,46",Desempleado,Sin escolaridad formal,Si,25 a 34,Destacado
L-2025-1498,M,La Plata,21,"4,79",Empleado en relación de dependencia,Secundario completo,Si,18 a 24,Desaprobado
L-2025-1499,M,Lomas de Zamora,20,"7,58",Ama de casa / tareas de cuidado,Sin escolaridad formal,No,35 a 44,Aprobado
L-2025-1500,M,Mar del Plata,20,"5,47",Empleado en relación de dependencia,Secundario completo,Si,25 a 34,Desaprobado
L-2025-1501,M,Mar del Plata,16,"5,31",Empleado en relación de dependencia,Terciario en curso,Si,55 y más,Desaprobado
L-2025-1502,F,General San Martín,18,"7,18",Empleado en relación de dependencia,Primario incompleto,No,25 a 34,Destacado
L-2025-1503,F,La Matanza,33,"5,78",Desempleado,Secundario completo,Si,35 a 44,Desaprobado
L-2025-1504,F,Lanús,35,"7,41",Empleo informal,Terciario en curso,Si,45 a 54,Aprobado
L-2025-1505,F,Almirante Brown,16,"8,66",Empleado en relación de dependencia,Secundario completo,Si,25 a 34,Aprobado
L-2025-1506,M,General San Martín,36,"7,72",Ama de casa / tareas de cuidado,Secundario completo,Si,45 a 54,Aprobado
L-2025-1507,M,La Matanza,34,"8,23",Ama de casa / tareas de cuidado,Secundario completo,Si,25 a 34,Aprobado
L-2025-1508,F,General San Martín,33,"6,91",Desempleado,Universitario completo,Si,35 a 44,Aprobado
L-2025-1509,F,La Plata,36,"6,50",Ama de casa / tareas de cuidado,Secundario incompleto,No,35 a 44,Aprobado
L-2025-1510,M,Quilmes,35,"6,56",Empleado en relación de dependencia,Primario incompleto,Si,18 a 24,Aprobado
L-2025-1511,F,General San Martín,36,"9,66",Monotributista / independiente,Terciario en curso,Si,55 y más,Destacado
L-2025-1512,F,General San Martín,35,"9,61",Empleo informal,Terciario completo,Si,25 a 34,Destacado
L-2025-1513,F,Mar del Plata,34,"7,41",Ama de casa / tareas de cuidado,Primario completo,Si,25 a 34,Aprobado
L-2025-1514,M,Lomas de Zamora,36,"5,51",Monotributista / independiente,Primario completo,Si,35 a 44,Desaprobado
L-2025-1515,M,Merlo,35,"6,45",Empleado en relación de dependencia,Secundario completo,Si,35 a 44,Aprobado
L-2025-1516,F,General San Martín,33,"5,70",Empleo informal,Terciario completo,No,35 a 44,Desaprobado
L-2025-1517,M,Almirante Brown,34,"4,53",Monotributista / independiente,Primario completo,Si,35 a 44,Desaprobado
L-2025-1518,F,Lomas de Zamora,38,"4,82",Desempleado,Sin escolaridad formal,Si,55 y más,Desaprobado
L-2025-1519,M,Avellaneda,33,"8,23",Ama de casa / tareas de cuidado,Universitario incompleto,Si,25 a 34,Aprobado
L-2025-1520,F,La Plata,16,"8,70",Empleado en relación de dependencia,Universitario incompleto,No,25 a 34,Aprobado
L-2025-1521,M,Lanús,35,"9,16",Empleo informal,Secundario incompleto,Si,45 a 54,Destacado
L-2025-1522,M,Almirante Brown,37,"4,64",Desempleado,Secundario completo,Si,35 a 44,Desaprobado
L-2025-1523,F,La Matanza,36,"5,59",Desempleado,Terciario en curso,Si,25 a 34,Desaprobado
L-2025-1524,F,La Plata,36,"5,94",Empleo informal,Secundario completo,Si,18 a 24,Desaprobado
L-2025-1525,F,Lanús,38,"7,42",Empleo informal,Secundario incompleto,No,25 a 34,Aprobado
L-2025-1526,M,Mar del Plata,33,"6,12",Desempleado,Secundario completo,Si,25 a 34,Aprobado
L-2025-1527,F,La Matanza,32,"4,60",Ama de casa / tareas de cuidado,Terciario en curso,Si,55 y más,Desaprobado
L-2025-1528,F,Lomas de Zamora,35,"7,68",Empleo informal,Secundario completo,Si,25 a 34,Aprobado
L-2025-1529,M,Avellaneda,31,"8,16",Empleado en relación de dependencia,Secundario completo,Si,25 a 34,Aprobado
L-2025-1530,F,Avellaneda,36,"8,07",Monotributista / independiente,Secundario completo,Si,25 a 34,Aprobado
L-2025-1531,F,Lanús,17,"7,83",Empleado en relación de dependencia,Secundario incompleto,Si,25 a 34,Aprobado
L-2025-1532,M,Lomas de Zamora,34,"8,25",Ama de casa / tareas de cuidado,Universitario completo,Si,25 a 34,Aprobado
L-2025-1533,M,General San Martín,33,"8,39",Monotributista / independiente,Secundario completo,Si,25 a 34,Aprobado
L-2025-1534,F,Lomas de Zamora,34,"6,89",Empleado en relación de dependencia,Primario incompleto,No,25 a 34,Aprobado
L-2025-1535,F,Mar del Plata,18,"6,77",Empleado en relación de dependencia,Secundario completo,Si,18 a 24,Aprobado
L-2025-1536,F,Lomas de Zamora,32,"7,97",Monotributista / independiente,Secundario completo,No,25 a 34,Aprobado
L-2025-1537,F,Lomas de Zamora,35,"10,00",Empleo informal,Universitario completo,Si,25 a 34,Destacado
L-2025-1538,M,La Matanza,34,"8,27",Ama de casa / tareas de cuidado,Secundario completo,Si,35 a 44,Aprobado
L-2025-1539,F,Quilmes,34,"9,33",Desempleado,Universitario incompleto,Si,25 a 34,Destacado
L-2025-1540,F,La Matanza,36,"8,68",Desempleado,Secundario completo,Si,25 a 34,Aprobado
L-2025-1541,M,Merlo,35,"6,27",Monotributista / independiente,Secundario incompleto,Si,35 a 44,Aprobado
L-2025-1542,M,Almirante Brown,36,"6,86",Ama de casa / tareas de cuidado,Primario incompleto,No,45 a 54,Aprobado
L-2025-1543,F,La Matanza,37,"7,31",Monotributista / independiente,Secundario completo,Si,18 a 24,Aprobado
L-2025-1544,F,Mar del Plata,35,"7,69",Monotributista / independiente,Sin escolaridad formal,Si,25 a 34,Aprobado
L-2025-1545,M,Quilmes,32,"5,26",Empleo informal,Terciario en curso,Si,35 a 44,Desaprobado
L-2025-1546,F,Mar del Plata,38,"4,39",Empleado en relación de dependencia,Secundario incompleto,Si,45 a 54,Destacado
L-2025-1547,M,Mar del Plata,23,"8,49",Ama de casa / tareas de cuidado,Secundario incompleto,Si,25 a 34,Aprobado
L-2025-1548,F,Merlo,36,"8,82",Desempleado,Secundario incompleto,Si,25 a 34,Aprobado
L-2025-1549,M,La Matanza,38,"6,88",Empleado en relación de dependencia,Secundario completo,Si,18 a 24,Aprobado
L-2025-1550,F,La Plata,15,"4,23",Empleado en relación de dependencia,Primario incompleto,Si,35 a 44,Desaprobado
L-2025-1551,F,Merlo,34,"9,43",Empleado en relación de dependencia,Terciario en curso,No,25 a 34,Destacado
L-2025-1552,F,La Matanza,36,"4,42",Monotributista / independiente,Universitario incompleto,No,35 a 44,Desaprobado
L-2025-1553,M,Quilmes,30,"6,72",Empleado en relación de dependencia,Secundario incompleto,Si,45 a 54,Aprobado
L-2025-1554,F,Quilmes,33,"7,31",Trabajos esporádicos,Universitario incompleto,Si,25 a 34,Aprobado
L-2025-1555,F,La Matanza,34,"6,37",Empleo informal,Secundario completo,No,35 a 44,Aprobado
L-2025-1556,M,Mar del Plata,33,"8,74",Empleado en relación de dependencia,Universitario incompleto,Si,45 a 54,Aprobado
L-2025-1557,M,La Plata,37,"7,30",Desempleado,Secundario completo,Si,45 a 54,Aprobado
L-2025-1558,M,La Matanza,40,"9,32",Desempleado,Terciario en curso,No,25 a 34,Destacado
L-2025-1559,M,Quilmes,33,"6,67",Ama de casa / tareas de cuidado,Universitario incompleto,Si,35 a 44,Aprobado
L-2025-1560,M,Lanús,18,"7,17",Empleado en relación de dependencia,Primario completo,Si,18 a 24,Aprobado
L-2025-1561,M,Mar del Plata,34,"9,76",Empleado en relación de dependencia,Terciario completo,Si,45 a 54,Destacado
L-2025-1562,M,Lomas de Zamora,18,"5,96",Empleado en relación de dependencia,Secundario completo,No,25 a 34,Desaprobado
L-2025-1563,F,La Plata,38,"5,76",Ama de casa / tareas de cuidado,Secundario incompleto,Si,55 y más,Desaprobado
L-2025-1564,M,Avellaneda,33,"7,36",Empleado en relación de dependencia,Secundario completo,Si,25 a 34,Aprobado
L-2025-1565,M,La Plata,39,"6,69",Desempleado,Secundario completo,Si,55 y más,Aprobado
L-2025-1566,F,Mar del Plata,34,"4,27",Monotributista / independiente,Sin escolaridad formal,No,25 a 34,Aprobado
L-2025-1567,F,La Plata,36,"7,97",Empleo informal,Secundario completo,Si,25 a 34,Aprobado
L-2025-1568,F,General San Martín,36,"8,43",Empleado en relación de dependencia,Secundario incompleto,Si,25 a 34,Aprobado
L-2025-1569,F,Avellaneda,38,"8,42",Ama de casa / tareas de cuidado,Secundario incompleto,Si,55 y más,Aprobado
L-2025-1570,F,Lomas de Zamora,30,"6,99",Monotributista / independiente,Secundario completo,Si,45 a 54,Aprobado
L-2025-1571,F,Mar del Plata,31,"9,57",Empleado en relación de dependencia,Secundario completo,Si,25 a 34,Destacado
L-2025-1572,M,La Matanza,33,"4,45",Ama de casa / tareas de cuidado,Secundario completo,No,25 a 34,Destacado
L-2025-1573,F,La Matanza,34,"9,11",Ama de casa / tareas de cuidado,Secundario completo,Si,18 a 24,Destacado
L-2025-1574,F,Almirante Brown,36,"4,39",Monotributista / independiente,Secundario incompleto,Si,35 a 44,Desaprobado
L-2025-1575,M,Lomas de Zamora,33,"6,36",Empleo informal,Universitario incompleto,Si,35 a 44,Aprobado
L-2025-1576,F,Merlo,35,"7,44",Monotributista / independiente,Terciario en curso,No,45 a 54,Aprobado
L-2025-1577,F,General San Martín,38,"6,33",Ama de casa / tareas de cuidado,Universitario incompleto,No,18 a 24,Aprobado
L-2025-1578,M,Lanús,34,"9,80",Desempleado,Universitario incompleto,Si,45 a 54,Destacado
L-2025-1579,M,La Plata,37,"4,31",Ama de casa / tareas de cuidado,Secundario completo,Si,35 a 44,Desaprobado
L-2025-1580,M,Lomas de Zamora,35,"6,48",Empleado en relación de dependencia,Secundario completo,Si,35 a 44,Aprobado
L-2025-1581,M,Mar del Plata,37,"8,57",Monotributista / independiente,Terciario completo,No,25 a 34,Aprobado
L-2025-1582,F,General San Martín,32,"7,62",Empleo informal,Terciario en curso,Si,45 a 54,Aprobado
L-2025-1583,F,La Plata,35,"9,66",Monotributista / independiente,Secundario completo,Si,45 a 54,Destacado
L-2025-1584,M,General San Martín,21,"3,72",Empleado en relación de dependencia,Secundario completo,Si,55 y más,Desaprobado
L-2025-1585,M,Mar del Plata,33,"9,71",Empleo informal,Universitario incompleto,No,45 a 54,Destacado
L-2025-1586,M,La Plata,31,"8,08",Empleado en relación de dependencia,Universitario incompleto,Si,45 a 54,Aprobado
L-2025-1587,M,La Matanza,36,"8,47",Monotributista / independiente,Terciario completo,Si,25 a 34,Aprobado
L-2025-1588,F,Avellaneda,33,"6,88",Empleado en relación de dependencia,Primario incompleto,Si,55 y más,Aprobado
L-2025-1589,F,Mar del Plata,21,"5,64",Trabajos esporádicos,Secundario completo,Si,18 a 24,Desaprobado
L-2025-1590,M,Avellaneda,34,"8,14",Empleo informal,Secundario completo,No,25 a 34,Aprobado
L-2025-1591,M,La Plata,31,"5,06",Empleado en relación de dependencia,Secundario completo,Si,55 y más,Desaprobado
L-2025-1592,F,Merlo,35,"8,54",Trabajos esporádicos,Secundario completo,Si,25 a 34,Aprobado
L-2025-1593,F,Lomas de Zamora,20,"4,98",Ama de casa / tareas de cuidado,Universitario completo,Si,35 a 44,Desaprobado
L-2025-1594,F,Mar del Plata,32,"7,63",Empleado en relación de dependencia,Secundario incompleto,No,25 a 34,Aprobado
L-2025-1595,F,Mar del Plata,38,"7,81",Desempleado,Terciario completo,Si,25 a 34,Aprobado
L-2025-1596,M,La Plata,34,"7,12",Ama de casa / tareas de cuidado,Secundario completo,No,25 a 34,Aprobado
L-2025-1597,F,Avellaneda,35,"9,22",Desempleado,Secundario completo,Si,25 a 34,Destacado
L-2025-1598,F,Quilmes,35,"5,17",Trabajos esporádicos,Secundario incompleto,Si,18 a 24,Desaprobado
L-2025-1599,F,La Matanza,17,"5,33",Ama de casa / tareas de cuidado,Secundario incompleto,Si,35 a 44,Desaprobado
L-2025-1600,M,Lomas de Zamora,36,"5,09",Empleo informal,Terciario en curso,Si,35 a 44,Desaprobado
L-2025-1601,M,Quilmes,34,"5,25",Desempleado,Universitario incompleto,Si,55 y más,Desaprobado
L-2025-1602,F,General San Martín,34,"6,19",Empleado en relación de dependencia,Sin escolaridad formal,No,18 a 24,Aprobado
L-2025-1603,F,La Plata,35,"7,58",Monotributista / independiente,Universitario incompleto,Si,25 a 34,Aprobado
L-2025-1604,M,Mar del Plata,36,"9,19",Desempleado,Secundario completo,Si,25 a 34,Destacado
L-2025-1605,M,La Plata,35,"4,72",Empleado en relación de dependencia,Secundario completo,Si,55 y más,Desaprobado
L-2025-1606,F,Mar del Plata,32,"2,85",Empleo informal,Primario completo,Si,55 y más,Desaprobado
L-2025-1607,M,General San Martín,36,"8,28",Empleado en relación de dependencia,Secundario incompleto,Si,45 a 54,Aprobado
L-2025-1608,F,Almirante Brown,31,"5,34",Empleado en relación de dependencia,Universitario incompleto,No,18 a 24,Desaprobado
L-2025-1609,M,La Plata,34,"6,75",Desempleado,Secundario completo,Si,25 a 34,Aprobado
L-2025-1610,F,Almirante Brown,37,"8,26",Empleado en relación de dependencia,Primario completo,Si,25 a 34,Aprobado
L-2025-1611,F,Almirante Brown,18,"8,83",Empleado en relación de dependencia,Universitario completo,Si,25 a 34,Aprobado
L-2025-1612,M,La Plata,38,"8,95",Empleado en relación de dependencia,Secundario completo,Si,45 a 54,Aprobado
L-2025-1613,F,Almirante Brown,35,"6,13",Monotributista / independiente,Terciario en curso,Si,55 y más,Aprobado
L-2025-1614,F,Mar del Plata,38,,Empleo informal,Secundario completo,Si,25 a 34,Aprobado
L-2025-1615,M,La Plata,37,"7,53",Ama de casa / tareas de cuidado,Terciario en curso,Si,35 a 44,Aprobado
L-2025-1616,F,Mar del Plata,18,"3,79",Ama de casa / tareas de cuidado,Secundario completo,No,35 a 44,Desaprobado
L-2025-1617,F,Lomas de Zamora,32,"9,22",Ama de casa / tareas de cuidado,Terciario en curso,Si,25 a 34,Destacado
L-2025-1618,F,Merlo,35,"6,96",Trabajos esporádicos,Primario incompleto,Si,25 a 34,Aprobado
L-2025-1619,F,La Plata,35,"6,33",Desempleado,Secundario completo,Si,35 a 44,Aprobado
L-2025-1620,F,La Plata,37,"7,78",Desempleado,Primario completo,Si,35 a 44,Aprobado
L-2025-1621,F,Lomas de Zamora,39,"8,09",Monotributista / independiente,Primario completo,Si,25 a 34,Aprobado
L-2025-1622,F,Mar del Plata,34,"6,40",Empleado en relación de dependencia,Universitario incompleto,No,18 a 24,Aprobado
L-2025-1623,M,La Matanza,21,"7,95",Empleado en relación de dependencia,Secundario completo,Si,25 a 34,Aprobado
L-2025-1624,F,Mar del Plata,32,"5,58",Empleo informal,Terciario en curso,Si,35 a 44,Desaprobado
L-2025-1625,F,Mar del Plata,36,"5,14",Monotributista / independiente,Secundario incompleto,Si,35 a 44,Desaprobado
L-2025-1626,M,Mar del Plata,20,"5,91",Empleado en relación de dependencia,Secundario completo,Si,18 a 24,Desaprobado
L-2025-1627,F,Lomas de Zamora,32,"7,46",Ama de casa / tareas de cuidado,Secundario completo,No,45 a 54,Aprobado
L-2025-1628,F,La Matanza,38,"8,41",Desempleado,Secundario completo,Si,25 a 34,Aprobado
L-2025-1629,M,Mar del Plata,35,"7,93",Empleo informal,Secundario completo,Si,25 a 34,Aprobado
L-2025-1630,F,Merlo,36,"4,74",Empleado en relación de dependencia,Universitario incompleto,No,35 a 44,Desaprobado
L-2025-1631,F,Avellaneda,34,"9,28",Empleo informal,Universitario incompleto,Si,25 a 34,Destacado
L-2025-1632,F,Merlo,32,"7,03",Empleado en relación de dependencia,Secundario incompleto,Si,35 a 44,Aprobado
L-2025-1633,F,Lomas de Zamora,36,"5,00",Empleado en relación de dependencia,Secundario completo,No,55 y más,Desaprobado
L-2025-1634,F,La Matanza,37,"6,10",No declara,Secundario completo,Si,25 a 34,Aprobado
L-2025-1635,F,Mar del Plata,18,"6,22",Empleado en relación de dependencia,Primario completo,Si,45 a 54,Aprobado
L-2025-1636,M,La Matanza,29,"7,70",Monotributista / independiente,Universitario incompleto,Si,45 a 54,Aprobado
L-2025-1637,M,La Matanza,36,"4,25",Empleo informal,Universitario completo,Si,35 a 44,Desaprobado
L-2025-1638,M,Mar del Plata,36,"6,54",Desempleado,Universitario incompleto,Si,25 a 34,Aprobado
L-2025-1639,F,Lomas de Zamora,34,"9,73",Monotributista / independiente,Secundario completo,Si,25 a 34,Destacado
L-2025-1640,F,Mar del Plata,35,"6,51",Empleo informal,Universitario completo,Si,25 a 34,Aprobado
L-2025-1641,M,La Matanza,35,"5,20",Monotributista / independiente,Terciario en curso,Si,25 a 34,Desaprobado
L-2025-1642,F,Quilmes,18,"7,58",Empleado en relación de dependencia,Secundario completo,Si,25 a 34,Aprobado
L-2025-1643,M,La Matanza,23,"8,04",Ama de casa / tareas de cuidado,Universitario incompleto,No,35 a 44,Aprobado
L-2025-1644,F,La Plata,17,"7,92",Empleado en relación de dependencia,Secundario completo,Si,25 a 34,Aprobado
L-2025-1645,F,Merlo,38,"5,71",Desempleado,Primario incompleto,No,35 a 44,Desaprobado
L-2025-1646,M,Quilmes,34,"4,89",Empleo informal,Universitario incompleto,Si,18 a 24,Desaprobado
L-2025-1647,M,General San Martín,32,"8,43",Ama de casa / tareas de cuidado,Secundario completo,Si,25 a 34,Aprobado
L-2025-1648,F,La Matanza,34,"10,00",Monotributista / independiente,Secundario completo,Si,25 a 34,Destacado
L-2025-1649,M,La Matanza,35,"4,11",Empleo informal,Primario completo,Si,18 a 24,Desaprobado
L-2025-1650,F,Quilmes,35,"7,93",Desempleado,Secundario incompleto,Si,25 a 34,Aprobado
L-2025-1651,M,General San Martín,18,"4,12",Ama de casa / tareas de cuidado,Secundario incompleto,Si,35 a 44,Desaprobado
L-2025-1652,F,Quilmes,18,"8,84",Empleado en relación de dependencia,Secundario completo,Si,55 y más,Aprobado
L-2025-1653,M,La Matanza,34,"8,63",Empleado en relación de dependencia,Secundario completo,Si,25 a 34,Aprobado
L-2025-1654,F,General San Martín,33,"6,88",Desempleado,Primario incompleto,No,45 a 54,Aprobado
L-2025-1655,M,Quilmes,35,"9,12",Monotributista / independiente,Secundario incompleto,Si,25 a 34,Destacado
L-2025-1656,F,La Matanza,33,"7,08",Desempleado,Secundario completo,Si,35 a 44,Aprobado
L-2025-1657,F,Lomas de Zamora,40,"8,29",Monotributista / independiente,Secundario incompleto,Si,25 a 34,Aprobado
L-2025-1658,M,Avellaneda,31,"9,20",Empleo informal,Primario completo,Si,45 a 54,Destacado
L-2025-1659,M,La Plata,38,"5,14",Ama de casa / tareas de cuidado,Primario completo,Si,35 a 44,Desaprobado
L-2025-1660,F,La Plata,17,"9,23",Empleado en relación de dependencia,Terciario en curso,Si,25 a 34,Destacado
L-2025-1661,F,Quilmes,38,"3,55",No declara,Secundario incompleto,Si,18 a 24,Desaprobado
L-2025-1662,F,Mar del Plata,36,"7,87",Empleo informal,Secundario completo,Si,25 a 34,Aprobado
L-2025-1663,F,Mar del Plata,33,"9,05",Empleado en relación de dependencia,Secundario completo,No,45 a 54,Destacado
L-2025-1664,M,Avellaneda,37,"8,13",Empleado en relación de dependencia,Secundario completo,Si,25 a 34,Aprobado
L-2025-1665,M,La Plata,34,"5,41",Empleado en relación de dependencia,Secundario completo,Si,55 y más,Desaprobado
L-2025-1666,F,Merlo,33,"4,20",Monotributista / independiente,Secundario completo,No,35 a 44,Desaprobado
L-2025-1667,M,Lomas de Zamora,35,"7,27",Monotributista / independiente,Secundario completo,Si,25 a 34,Aprobado
L-2025-1668,M,La Plata,36,"8,41",No declara,Secundario incompleto,Si,45 a 54,Aprobado
L-2025-1669,F,Almirante Brown,32,"5,81",Empleado en relación de dependencia,Secundario incompleto,No,25 a 34,Desaprobado
L-2025-1670,M,Lanús,35,"5,75",No declara,Terciario en curso,Si,35 a 44,Desaprobado
L-2025-1671,F,La Matanza,34,"6,29",Monotributista / independiente,Secundario completo,No,45 a 54,Aprobado
L-2025-1672,M,Lomas de Zamora,35,"6,43",Empleo informal,Secundario completo,Si,35 a 44,Aprobado
L-2025-1673,M,La Matanza,34,"7,46",Ama de casa / tareas de cuidado,Terciario completo,Si,25 a 34,Aprobado
L-2025-1674,M,Avellaneda,36,"5,74",Monotributista / independiente,Secundario completo,Si,18 a 24,Desaprobado
L-2025-1675,M,Lomas de Zamora,36,"10,00",Empleado en relación de dependencia,Secundario completo,Si,25 a 34,Destacado
L-2025-1676,M,Lanús,37,"6,44",Monotributista / independiente,Secundario incompleto,No,55 y más,Aprobado
L-2025-1677,F,La Plata,35,"8,70",Monotributista / independiente,Secundario completo,Si,25 a 34,Aprobado
L-2025-1678,F,Mar del Plata,22,"9,82",Empleado en relación de dependencia,Secundario completo,Si,25 a 34,Destacado
L-2025-1679,M,Avellaneda,33,"6,28",Empleo informal,Primario incompleto,No,35 a 44,Aprobado
L-2025-1680,M,La Matanza,38,"4,33",Empleo informal,Universitario incompleto,Si,18 a 24,Desaprobado
L-2025-1681,F,Quilmes,35,"4,77",Monotributista / independiente,Secundario completo,Si,35 a 44,Desaprobado
L-2025-1682,M,Lomas de Zamora,34,"6,03",Empleo informal,Primario incompleto,Si,35 a 44,Aprobado
L-2025-1683,M,La Matanza,33,"5,53",Empleado en relación de dependencia,Sin escolaridad formal,Si,35 a 44,Desaprobado
L-2025-1684,M,Merlo,36,"9,34",Empleado en relación de dependencia,Universitario incompleto,Si,25 a 34,Destacado
L-2025-1685,F,Lanús,35,"6,97",Empleo informal,Secundario completo,Si,35 a 44,Aprobado
L-2025-1686,F,Lomas de Zamora,32,"4,46",Empleo informal,Sin escolaridad formal,No,25 a 34,Destacado
L-2025-1687,F,Quilmes,31,"9,15",Desempleado,Secundario incompleto,Si,25 a 34,Destacado
L-2025-1688,F,Mar del Plata,33,"9,07",Empleo informal,Primario completo,Si,25 a 34,Destacado
L-2025-1689,M,Lanús,30,"6,98",Desempleado,Secundario completo,Si,25 a 34,Aprobado
L-2025-1690,M,Mar del Plata,34,"7,32",Empleado en relación de dependencia,Secundario completo,Si,18 a 24,Aprobado
L-2025-1691,M,Lomas de Zamora,33,"9,16",Empleo informal,Universitario incompleto,Si,25 a 34,Destacado
L-2025-1692,M,La Matanza,37,"9,23",Monotributista / independiente,Secundario completo,No,25 a 34,Destacado
L-2025-1693,F,General San Martín,37,"5,80",Desempleado,Secundario incompleto,Si,35 a 44,Desaprobado
L-2025-1694,F,Avellaneda,32,"8,39",Monotributista / independiente,Universitario completo,Si,25 a 34,Aprobado
L-2025-1695,M,La Matanza,37,"10,00",Empleado en relación de dependencia,Universitario completo,No,25 a 34,Destacado
L-2025-1696,M,Mar del Plata,33,"8,69",Monotributista / independiente,Terciario completo,Si,25 a 34,Aprobado
L-2025-1697,F,Lomas de Zamora,35,"4,51",Desempleado,Secundario incompleto,Si,35 a 44,Desaprobado
L-2025-1698,F,La Plata,34,"2,34",Desempleado,Universitario completo,Si,55 y más,Desaprobado
L-2025-1699,F,General San Martín,34,"7,36",Desempleado,Secundario incompleto,Si,18 a 24,Aprobado
L-2025-1700,F,La Plata,38,"8,42",Desempleado,Secundario incompleto,Si,55 y más,Aprobado
L-2025-1701,M,La Plata,36,"4,22",Monotributista / independiente,Secundario completo,Si,18 a 24,Desaprobado
L-2025-1702,F,Lomas de Zamora,34,"10,00",Empleado en relación de dependencia,Secundario completo,Si,45 a 54,Destacado
L-2025-1703,M,Quilmes,32,"8,74",Empleado en relación de dependencia,Terciario completo,Si,25 a 34,Aprobado
L-2025-1704,F,La Matanza,34,"9,60",Monotributista / independiente,Secundario completo,Si,45 a 54,Destacado
L-2025-1705,F,Quilmes,33,"7,33",Empleo informal,Secundario incompleto,Si,18 a 24,Aprobado
L-2025-1706,M,La Matanza,35,"9,72",Empleo informal,Terciario completo,Si,25 a 34,Destacado
L-2025-1707,M,La Plata,36,"7,85",Desempleado,Primario completo,Si,25 a 34,Aprobado
L-2025-1708,M,General San Martín,34,"6,80",Empleado en relación de dependencia,Sin escolaridad formal,Si,18 a 24,Aprobado
L-2025-1709,M,Almirante Brown,33,"5,56",Ama de casa / tareas de cuidado,Secundario completo,No,35 a 44,Desaprobado
L-2025-1710,F,Quilmes,36,"5,27",Empleo informal,Secundario completo,Si,35 a 44,Desaprobado
L-2025-1711,F,La Matanza,35,"7,65",Monotributista / independiente,Universitario completo,Si,25 a 34,Aprobado
L-2025-1712,M,Quilmes,15,"5,87",Empleado en relación de dependencia,Primario completo,Si,35 a 44,Desaprobado
L-2025-1713,M,Quilmes,34,"5,15",Empleo informal,Universitario incompleto,No,45 a 54,Desaprobado
L-2025-1714,M,Lanús,36,"8,32",Monotributista / independiente,Secundario completo,Si,25 a 34,Aprobado
L-2025-1715,M,Almirante Brown,30,"9,01",Ama de casa / tareas de cuidado,Secundario completo,Si,25 a 34,Destacado
L-2025-1716,M,Lomas de Zamora,37,"6,13",Desempleado,Secundario incompleto,Si,18 a 24,Aprobado
L-2025-1717,F,Merlo,18,"7,13",Ama de casa / tareas de cuidado,Universitario incompleto,Si,45 a 54,Aprobado
L-2025-1718,M,General San Martín,35,"7,85",Desempleado,Secundario completo,Si,25 a 34,Aprobado
L-2025-1719,M,Lomas de Zamora,36,"4,98",Empleo informal,Secundario completo,Si,55 y más,Desaprobado
L-2025-1720,M,Quilmes,33,"9,13",Desempleado,Secundario completo,Si,25 a 34,Destacado
L-2025-1721,M,Mar del Plata,37,"4,58",Monotributista / independiente,Secundario completo,Si,35 a 44,Desaprobado
L-2025-1722,M,Quilmes,15,"7,85",Empleado en relación de dependencia,Secundario completo,Si,45 a 54,Aprobado
L-2025-1723,M,Lanús,35,"8,15",Desempleado,Terciario completo,Si,25 a 34,Aprobado
L-2025-1724,M,Quilmes,34,"7,61",Empleado en relación de dependencia,Secundario incompleto,Si,25 a 34,Aprobado
L-2025-1725,F,Lomas de Zamora,34,"8,56",Empleado en relación de dependencia,Secundario incompleto,Si,25 a 34,Aprobado
L-2025-1726,F,La Matanza,33,"8,72",Empleado en relación de dependencia,Secundario completo,Si,25 a 34,Aprobado
L-2025-1727,M,La Plata,36,"8,77",Empleo informal,Secundario completo,No,45 a 54,Aprobado
L-2025-1728,F,General San Martín,32,"8,47",Empleo informal,Terciario completo,Si,25 a 34,Aprobado
L-2025-1729,F,General San Martín,34,"8,63",Ama de casa / tareas de cuidado,Secundario incompleto,Si,25 a 34,Aprobado
L-2025-1730,M,La Matanza,33,"6,93",Empleado en relación de dependencia,Secundario incompleto,Si,25 a 34,Aprobado
L-2025-1731,M,La Plata,37,"6,84",Monotributista / independiente,Secundario completo,Si,18 a 24,Aprobado
L-2025-1732,F,General San Martín,20,"8,87",Ama de casa / tareas de cuidado,Secundario completo,Si,25 a 34,Aprobado
L-2025-1733,F,La Matanza,33,"6,98",Monotributista / independiente,Secundario completo,Si,25 a 34,Aprobado
L-2025-1734,F,La Plata,36,"9,39",Monotributista / independiente,Secundario completo,Si,25 a 34,Destacado
L-2025-1735,F,La Matanza,36,"7,66",Desempleado,Sin escolaridad formal,Si,25 a 34,Aprobado
L-2025-1736,F,Lomas de Zamora,31,"5,58",Empleado en relación de dependencia,Primario completo,Si,35 a 44,Desaprobado
L-2025-1737,F,La Matanza,31,"8,86",Ama de casa / tareas de cuidado,Secundario incompleto,Si,25 a 34,Aprobado
L-2025-1738,F,Mar del Plata,35,"3,40",Empleo informal,Secundario completo,Si,55 y más,Desaprobado
L-2025-1739,M,La Plata,37,"6,07",No declara,Terciario completo,No,35 a 44,Aprobado
L-2025-1740,M,Quilmes,33,"9,50",Ama de casa / tareas de cuidado,Universitario incompleto,Si,45 a 54,Destacado
L-2025-1741,M,Mar del Plata,38,"6,56",Desempleado,Terciario en curso,No,35 a 44,Aprobado
L-2025-1742,F,Quilmes,35,"7,21",Desempleado,Secundario incompleto,No,45 a 54,Aprobado
L-2025-1743,M,Lomas de Zamora,35,"5,48",Monotributista / independiente,Secundario completo,No,35 a 44,Desaprobado
L-2025-1744,M,Lanús,39,"10,00",Monotributista / independiente,Secundario completo,Si,45 a 54,Destacado
L-2025-1745,F,Mar del Plata,35,"6,31",Ama de casa / tareas de cuidado,Secundario incompleto,Si,35 a 44,Aprobado
L-2025-1746,F,La Matanza,35,"5,63",Empleado en relación de dependencia,Secundario incompleto,No,35 a 44,Desaprobado
L-2025-1747,M,La Matanza,36,"6,31",Monotributista / independiente,Secundario incompleto,Si,55 y más,Aprobado
L-2025-1748,F,Quilmes,34,"8,17",Monotributista / independiente,Terciario en curso,Si,25 a 34,Aprobado
L-2025-1749,F,Lanús,31,"5,94",Ama de casa / tareas de cuidado,Secundario incompleto,Si,35 a 44,Desaprobado
L-2025-1750,F,Lanús,35,"8,38",Monotributista / independiente,Secundario incompleto,Si,45 a 54,Aprobado
L-2025-1751,M,Lomas de Zamora,39,"4,12",Empleo informal,Secundario incompleto,Si,18 a 24,Destacado
L-2025-1752,F,General San Martín,34,"8,97",Empleo informal,Secundario completo,Si,25 a 34,Aprobado
L-2025-1753,F,La Matanza,35,"4,67",Desempleado,Secundario completo,Si,35 a 44,Desaprobado
L-2025-1754,F,La Matanza,39,"4,46",Empleo informal,Secundario incompleto,Si,45 a 54,Destacado
L-2025-1755,M,La Matanza,38,"7,15",Monotributista / independiente,Primario completo,Si,45 a 54,Aprobado
L-2025-1756,F,Mar del Plata,37,"8,70",Desempleado,Secundario incompleto,Si,45 a 54,Aprobado
L-2025-1757,F,La Matanza,36,"5,36",Empleo informal,Universitario incompleto,Si,35 a 44,Desaprobado
L-2025-1758,M,Mar del Plata,31,"7,74",Empleado en relación de dependencia,Universitario incompleto,Si,35 a 44,Aprobado
L-2025-1759,M,Quilmes,37,"5,89",Empleo informal,Secundario incompleto,Si,35 a 44,Desaprobado
L-2025-1760,F,La Matanza,36,"10,00",No declara,Secundario incompleto,Si,55 y más,Destacado
L-2025-1761,M,Merlo,32,"8,59",Ama de casa / tareas de cuidado,Universitario incompleto,No,25 a 34,Aprobado
L-2025-1762,M,Avellaneda,35,"8,36",Empleado en relación de dependencia,Secundario completo,Si,25 a 34,Aprobado
L-2025-1763,M,La Matanza,35,"8,41",Ama de casa / tareas de cuidado,Terciario en curso,Si,45 a 54,Aprobado
L-2025-1764,F,Lanús,36,"5,39",Monotributista / independiente,Primario incompleto,Si,55 y más,Desaprobado
L-2025-1765,F,Lomas de Zamora,37,"7,66",Monotributista / independiente,Terciario en curso,No,25 a 34,Aprobado
L-2025-1766,M,La Matanza,36,"9,02",Empleo informal,Secundario incompleto,No,25 a 34,Destacado
L-2025-1767,M,Almirante Brown,35,"5,51",Empleo informal,Secundario completo,No,18 a 24,Desaprobado
L-2025-1768,M,Avellaneda,34,"5,62",Ama de casa / tareas de cuidado,Primario completo,No,18 a 24,Desaprobado
L-2025-1769,M,Lanús,37,"8,14",Desempleado,Secundario completo,Si,25 a 34,Aprobado
L-2025-1770,F,Merlo,35,"7,03",Empleado en relación de dependencia,Universitario completo,Si,35 a 44,Aprobado
L-2025-1771,F,Mar del Plata,20,"5,31",Empleado en relación de dependencia,Secundario completo,Si,35 a 44,Desaprobado
L-2025-1772,M,La Matanza,36,"8,12",Empleo informal,Secundario incompleto,Si,25 a 34,Aprobado
L-2025-1773,F,Avellaneda,15,"7,76",Empleado en relación de dependencia,Secundario completo,Si,25 a 34,Aprobado
L-2025-1774,M,Lanús,38,"6,17",Monotributista / independiente,Secundario incompleto,Si,35 a 44,Aprobado
L-2025-1775,M,La Plata,16,"10,00",Empleado en relación de dependencia,Secundario completo,Si,45 a 54,Destacado
L-2025-1776,M,Lanús,33,"5,47",Empleo informal,Secundario incompleto,Si,35 a 44,Desaprobado
L-2025-1777,F,La Matanza,34,"7,84",Empleado en relación de dependencia,Secundario completo,Si,25 a 34,Aprobado
L-2025-1778,M,La Matanza,35,"7,59",Empleado en relación de dependencia,Secundario completo,Si,18 a 24,Aprobado
L-2025-1779,F,La Matanza,31,"6,47",Desempleado,Terciario completo,No,18 a 24,Aprobado
L-2025-1780,F,Mar del Plata,38,"5,00",Empleado en relación de dependencia,Terciario en curso,Si,55 y más,Desaprobado
L-2025-1781,F,La Matanza,32,"5,16",Desempleado,Secundario completo,No,55 y más,Desaprobado
L-2025-1782,M,Avellaneda,31,"4,63",Empleo informal,Sin escolaridad formal,Si,35 a 44,Desaprobado
L-2025-1783,F,Mar del Plata,18,"7,03",Empleado en relación de dependencia,Primario incompleto,Si,45 a 54,Aprobado
L-2025-1784,F,Lomas de Zamora,36,"4,83",Desempleado,Secundario completo,Si,35 a 44,Desaprobado
L-2025-1785,F,Mar del Plata,17,"9,22",Ama de casa / tareas de cuidado,Terciario en curso,Si,55 y más,Destacado
L-2025-1786,M,Mar del Plata,34,"6,29",Monotributista / independiente,Secundario completo,Si,18 a 24,Aprobado
L-2025-1787,F,Avellaneda,35,"5,31",Empleo informal,Primario completo,Si,35 a 44,Desaprobado
L-2025-1788,M,Mar del Plata,37,"7,35",Empleado en relación de dependencia,Secundario incompleto,No,35 a 44,Aprobado
L-2025-1789,M,La Plata,37,"5,20",Desempleado,Secundario incompleto,Si,18 a 24,Desaprobado
L-2025-1790,F,Merlo,34,"5,74",Empleado en relación de dependencia,Secundario completo,Si,35 a 44,Desaprobado
L-2025-1791,F,Mar del Plata,38,"7,18",Trabajos esporádicos,Primario incompleto,Si,25 a 34,Destacado
L-2025-1792,M,La Matanza,32,"5,74",Empleado en relación de dependencia,Secundario completo,No,18 a 24,Desaprobado
L-2025-1793,M,La Matanza,34,"9,40",Ama de casa / tareas de cuidado,Secundario completo,Si,25 a 34,Destacado
L-2025-1794,M,Lomas de Zamora,34,"4,86",Empleo informal,Secundario incompleto,Si,35 a 44,Desaprobado
L-2025-1795,M,General San Martín,35,"5,23",Empleo informal,Secundario completo,Si,35 a 44,Desaprobado
L-2025-1796,F,Almirante Brown,34,"5,75",Monotributista / independiente,Secundario completo,Si,35 a 44,Desaprobado
L-2025-1797,F,Quilmes,35,"5,25",Desempleado,Universitario incompleto,Si,35 a 44,Desaprobado
L-2025-1798,F,Almirante Brown,35,"7,79",Empleado en relación de dependencia,Terciario en curso,Si,25 a 34,Aprobado
L-2025-1799,F,Mar del Plata,36,"9,51",Monotributista / independiente,Secundario completo,Si,25 a 34,Destacado
L-2025-1800,M,Quilmes,35,"10,00",Ama de casa / tareas de cuidado,Secundario incompleto,Si,25 a 34,Destacado
L-2025-1801,F,La Matanza,33,"6,49",Ama de casa / tareas de cuidado,Secundario incompleto,Si,25 a 34,Aprobado
L-2025-1802,M,Avellaneda,34,"8,84",Monotributista / independiente,Terciario en curso,Si,25 a 34,Aprobado
L-2025-1803,M,Avellaneda,36,"7,03",Empleado en relación de dependencia,Primario incompleto,Si,25 a 34,Aprobado
L-2025-1804,F,Almirante Brown,37,"5,62",Empleado en relación de dependencia,Secundario incompleto,Si,35 a 44,Desaprobado
L-2025-1805,M,Quilmes,37,"8,40",Empleo informal,Secundario incompleto,Si,35 a 44,Aprobado
L-2025-1806,M,La Matanza,36,"7,91",Monotributista / independiente,Secundario completo,Si,45 a 54,Aprobado
L-2025-1807,M,La Plata,33,"5,89",Monotributista / independiente,Secundario completo,Si,35 a 44,Desaprobado
L-2025-1808,F,La Matanza,34,"6,46",Empleado en relación de dependencia,Secundario completo,No,35 a 44,Aprobado
L-2025-1809,M,Mar del Plata,36,"7,37",Empleo informal,Terciario completo,Si,18 a 24,Aprobado
L-2025-1810,M,Lomas de Zamora,35,"8,45",Monotributista / independiente,Secundario completo,Si,45 a 54,Aprobado
L-2025-1811,M,Mar del Plata,34,"6,68",Ama de casa / tareas de cuidado,Secundario incompleto,Si,35 a 44,Aprobado
L-2025-1812,M,La Matanza,37,"5,29",Monotributista / independiente,Terciario en curso,Si,25 a 34,Desaprobado
L-2025-1813,M,General San Martín,33,"9,48",Desempleado,Secundario completo,Si,25 a 34,Destacado
L-2025-1814,M,Avellaneda,35,"7,99",Empleo informal,Universitario incompleto,Si,45 a 54,Aprobado
L-2025-1815,M,Almirante Brown,34,"5,47",Ama de casa / tareas de cuidado,Primario completo,Si,45 a 54,Aprobado
L-2025-1816,M,General San Martín,34,"10,00",Ama de casa / tareas de cuidado,Secundario completo,No,25 a 34,Destacado
L-2025-1817,M,Almirante Brown,34,"9,66",Ama de casa / tareas de cuidado,Secundario completo,Si,25 a 34,Destacado
L-2025-1818,M,La Matanza,34,"8,12",Desempleado,Secundario incompleto,Si,25 a 34,Aprobado
L-2025-1819,F,La Matanza,20,"9,75",Ama de casa / tareas de cuidado,Secundario completo,Si,45 a 54,Destacado
L-2025-1820,M,Avellaneda,32,"7,10",Desempleado,Secundario completo,Si,18 a 24,Aprobado
L-2025-1821,M,Quilmes,38,"4,97",Empleo informal,Primario completo,Si,55 y más,Desaprobado
L-2025-1822,M,La Plata,34,"8,61",Ama de casa / tareas de cuidado,Terciario en curso,Si,45 a 54,Aprobado
L-2025-1823,F,Avellaneda,36,"5,79",Empleo informal,Secundario incompleto,Si,35 a 44,Desaprobado
L-2025-1824,M,Merlo,22,"4,95",Empleado en relación de dependencia,Secundario completo,Si,55 y más,Desaprobado
L-2025-1825,F,Quilmes,17,"7,87",Empleado en relación de dependencia,Universitario completo,Si,25 a 34,Aprobado
L-2025-1826,F,Almirante Brown,38,"4,31",Empleado en relación de dependencia,Secundario completo,Si,35 a 44,Desaprobado
L-2025-1827,M,Almirante Brown,34,"6,72",Desempleado,Secundario completo,No,55 y más,Aprobado
L-2025-1828,F,Merlo,33,"7,64",Ama de casa / tareas de cuidado,Terciario completo,Si,25 a 34,Aprobado
L-2025-1829,F,General San Martín,33,"5,41",Empleado en relación de dependencia,Secundario incompleto,Si,18 a 24,Desaprobado
L-2025-1830,F,Merlo,33,"5,33",Ama de casa / tareas de cuidado,Terciario en curso,Si,18 a 24,Desaprobado
L-2025-1831,M,Lanús,37,"8,03",Desempleado,Sin escolaridad formal,No,25 a 34,Aprobado
L-2025-1832,F,La Plata,34,"5,69",Monotributista / independiente,Terciario completo,Si,55 y más,Desaprobado
L-2025-1833,M,La Plata,36,"9,03",Desempleado,Universitario incompleto,Si,45 a 54,Destacado
L-2025-1834,M,Quilmes,35,"6,55",Empleo informal,Secundario completo,Si,18 a 24,Aprobado
L-2025-1835,F,Mar del Plata,38,"9,64",Ama de casa / tareas de cuidado,Universitario completo,Si,25 a 34,Destacado
L-2025-1836,M,General San Martín,16,"8,51",Empleado en relación de dependencia,Secundario incompleto,No,25 a 34,Aprobado
L-2025-1837,F,La Plata,38,"7,74",Empleado en relación de dependencia,Universitario incompleto,No,45 a 54,Aprobado
L-2025-1838,F,La Plata,33,"4,46",Monotributista / independiente,Secundario incompleto,No,25 a 34,Destacado
L-2025-1839,M,Mar del Plata,31,"7,39",Empleado en relación de dependencia,Secundario completo,Si,35 a 44,Aprobado
L-2025-1840,M,La Plata,38,"5,30",No declara,Universitario incompleto,Si,35 a 44,Desaprobado
L-2025-1841,F,La Matanza,35,"6,62",Desempleado,Secundario incompleto,Si,55 y más,Aprobado
L-2025-1842,M,General San Martín,36,"8,57",Ama de casa / tareas de cuidado,Secundario completo,No,25 a 34,Aprobado
L-2025-1843,M,La Matanza,34,"5,35",Desempleado,Universitario completo,No,35 a 44,Desaprobado
L-2025-1844,F,Mar del Plata,20,"8,02",Ama de casa / tareas de cuidado,Universitario incompleto,No,25 a 34,Aprobado
L-2025-1845,F,Lomas de Zamora,34,"6,85",Trabajos esporádicos,Secundario completo,Si,35 a 44,Aprobado
L-2025-1846,F,Mar del Plata,35,"5,03",Monotributista / independiente,Secundario incompleto,Si,18 a 24,Desaprobado
L-2025-1847,F,Lomas de Zamora,34,"8,24",Empleado en relación de dependencia,Universitario incompleto,Si,25 a 34,Aprobado
L-2025-1848,M,Mar del Plata,35,"6,29",Empleo informal,Universitario completo,No,45 a 54,Aprobado
L-2025-1849,F,General San Martín,37,"7,81",Monotributista / independiente,Secundario completo,Si,25 a 34,Aprobado
L-2025-1850,F,La Matanza,36,"8,43",Monotributista / independiente,Universitario incompleto,Si,25 a 34,Aprobado
L-2025-1851,F,Quilmes,39,"3,84",Monotributista / independiente,Secundario completo,Si,55 y más,Desaprobado
L-2025-1852,M,La Matanza,34,"7,99",Desempleado,Terciario en curso,Si,25 a 34,Aprobado
L-2025-1853,F,La Matanza,36,"3,82",Empleado en relación de dependencia,Secundario incompleto,Si,35 a 44,Desaprobado
L-2025-1854,M,Quilmes,37,"6,29",Monotributista / independiente,Sin escolaridad formal,No,35 a 44,Aprobado
L-2025-1855,F,La Matanza,22,"4,12",Ama de casa / tareas de cuidado,Secundario incompleto,Si,45 a 54,Destacado
L-2025-1856,M,Lomas de Zamora,35,"8,81",Empleado en relación de dependencia,Terciario completo,Si,25 a 34,Aprobado
L-2025-1857,M,Lomas de Zamora,32,"9,65",Monotributista / independiente,Terciario en curso,Si,45 a 54,Destacado
L-2025-1858,F,Lomas de Zamora,35,"5,81",Desempleado,Secundario completo,No,35 a 44,Desaprobado
L-2025-1859,M,Lomas de Zamora,37,"5,56",Desempleado,Primario completo,Si,45 a 54,Aprobado
L-2025-1860,F,La Plata,36,"9,83",Desempleado,Terciario en curso,Si,25 a 34,Destacado
L-2025-1861,M,Mar del Plata,35,"7,00",Ama de casa / tareas de cuidado,Primario incompleto,Si,25 a 34,Aprobado
L-2025-1862,M,Avellaneda,35,"9,38",Desempleado,Universitario completo,Si,25 a 34,Destacado
L-2025-1863,M,La Plata,34,"3,61",Empleado en relación de dependencia,Secundario incompleto,Si,35 a 44,Desaprobado
L-2025-1864,M,Mar del Plata,33,"4,46",Empleado en relación de dependencia,Sin escolaridad formal,Si,18 a 24,Aprobado
L-2025-1865,M,Almirante Brown,33,"8,06",Monotributista / independiente,Secundario completo,Si,25 a 34,Aprobado
L-2025-1866,F,La Matanza,34,"9,19",Ama de casa / tareas de cuidado,Secundario completo,Si,25 a 34,Destacado
L-2025-1867,M,Almirante Brown,33,"6,53",Desempleado,Secundario completo,Si,35 a 44,Aprobado
L-2025-1868,F,La Matanza,37,"6,26",Monotributista / independiente,Terciario en curso,Si,55 y más,Aprobado
L-2025-1869,M,La Plata,33,"7,38",Empleo informal,Terciario en curso,Si,25 a 34,Aprobado
L-2025-1870,M,Merlo,18,"7,01",Ama de casa / tareas de cuidado,Secundario completo,Si,25 a 34,Aprobado
L-2025-1871,M,La Plata,34,"5,40",Empleado en relación de dependencia,Primario completo,No,25 a 34,Aprobado
L-2025-1872,F,La Plata,39,"6,58",No declara,Secundario completo,Si,18 a 24,Aprobado
L-2025-1873,F,Almirante Brown,32,"8,36",Ama de casa / tareas de cuidado,Universitario incompleto,Si,45 a 54,Aprobado
L-2025-1874,M,Avellaneda,36,"8,77",Monotributista / independiente,Secundario completo,Si,25 a 34,Aprobado
L-2025-1875,F,La Plata,34,"8,46",Empleado en relación de dependencia,Primario completo,Si,25 a 34,Aprobado
L-2025-1876,M,La Plata,33,"8,99",Empleado en relación de dependencia,Terciario completo,Si,25 a 34,Aprobado
L-2025-1877,F,General San Martín,37,"8,61",Desempleado,Universitario incompleto,No,25 a 34,Aprobado
L-2025-1878,F,Lomas de Zamora,35,"8,75",Empleado en relación de dependencia,Secundario incompleto,Si,45 a 54,Aprobado
L-2025-1879,F,La Plata,16,"5,58",Ama de casa / tareas de cuidado,Primario completo,Si,55 y más,Desaprobado
L-2025-1880,F,Quilmes,18,"3,88",Empleado en relación de dependencia,Secundario completo,Si,55 y más,Desaprobado
L-2025-1881,F,Mar del Plata,34,"5,18",Empleo informal,Secundario completo,No,55 y más,Desaprobado
L-2025-1882,M,Avellaneda,39,"7,19",Empleo informal,Secundario incompleto,Si,55 y más,Aprobado
L-2025-1883,M,Avellaneda,37,"8,32",Monotributista / independiente,Secundario incompleto,Si,25 a 34,Aprobado
L-2025-1884,M,Lanús,36,"5,69",Monotributista / independiente,Secundario incompleto,Si,35 a 44,Desaprobado
L-2025-1885,F,La Matanza,35,"5,53",Empleo informal,Secundario incompleto,Si,55 y más,Desaprobado
L-2025-1886,F,Merlo,32,"8,94",Trabajos esporádicos,Universitario completo,No,25 a 34,Aprobado
L-2025-1887,M,La Plata,36,"8,86",Desempleado,Secundario completo,Si,25 a 34,Aprobado
L-2025-1888,F,La Plata,33,"8,10",Desempleado,Secundario incompleto,Si,25 a 34,Aprobado
L-2025-1889,M,Almirante Brown,32,"8,00",Empleado en relación de dependencia,Secundario completo,No,25 a 34,Aprobado
L-2025-1890,M,Almirante Brown,18,"8,14",Empleado en relación de dependencia,Secundario incompleto,Si,45 a 54,Aprobado
L-2025-1891,M,Almirante Brown,30,"5,57",Empleado en relación de dependencia,Sin escolaridad formal,Si,35 a 44,Desaprobado
L-2025-1892,M,La Plata,30,"5,53",No declara,Secundario completo,Si,35 a 44,Desaprobado
L-2025-1893,F,La Plata,35,"8,42",Monotributista / independiente,Secundario completo,Si,25 a 34,Aprobado
L-2025-1894,M,Avellaneda,20,"7,52",Empleado en relación de dependencia,Secundario completo,Si,25 a 34,Aprobado
L-2025-1895,M,La Matanza,37,"6,36",Desempleado,Secundario completo,Si,35 a 44,Aprobado
L-2025-1896,M,Mar del Plata,33,"4,26",Empleo informal,Primario completo,Si,35 a 44,Desaprobado
L-2025-1897,M,Lanús,35,"8,06",Empleo informal,Universitario incompleto,Si,18 a 24,Aprobado
L-2025-1898,F,Quilmes,33,"8,85",Empleado en relación de dependencia,Secundario incompleto,Si,45 a 54,Aprobado
L-2025-1899,M,La Matanza,39,"9,92",Desempleado,Universitario incompleto,Si,25 a 34,Destacado
L-2025-1900,M,General San Martín,35,"7,96",Empleado en relación de dependencia,Secundario incompleto,Si,18 a 24,Aprobado
L-2025-1901,M,La Plata,33,"5,28",Empleado en relación de dependencia,Primario incompleto,No,35 a 44,Desaprobado
L-2025-1902,F,Quilmes,39,"5,25",Empleo informal,Secundario incompleto,Si,35 a 44,Desaprobado
L-2025-1903,F,La Matanza,15,"9,96",Empleado en relación de dependencia,Universitario incompleto,Si,25 a 34,Destacado
L-2025-1904,F,Merlo,20,"8,20",Empleado en relación de dependencia,Secundario completo,Si,35 a 44,Aprobado
L-2025-1905,M,Avellaneda,33,"6,45",Desempleado,Secundario completo,No,18 a 24,Aprobado
L-2025-1906,F,Mar del Plata,34,"7,97",Monotributista / independiente,Terciario en curso,Si,25 a 34,Aprobado
L-2025-1907,F,La Plata,35,"2,03",Empleo informal,Terciario en curso,Si,55 y más,Desaprobado
L-2025-1908,M,La Plata,33,"7,49",Ama de casa / tareas de cuidado,Secundario completo,Si,18 a 24,Aprobado
L-2025-1909,M,Quilmes,33,"5,94",Trabajos esporádicos,Secundario completo,No,35 a 44,Desaprobado
L-2025-1910,F,Avellaneda,38,"9,13",Empleo informal,Universitario incompleto,Si,25 a 34,Destacado
L-2025-1911,F,Merlo,36,"7,73",Monotributista / independiente,Secundario completo,Si,25 a 34,Aprobado
L-2025-1912,M,La Plata,33,"9,70",Desempleado,Secundario completo,Si,45 a 54,Destacado
L-2025-1913,M,Merlo,36,"9,43",Empleo informal,Secundario completo,Si,25 a 34,Destacado
L-2025-1914,F,La Matanza,33,"9,22",Empleado en relación de dependencia,Terciario en curso,Si,25 a 34,Destacado
L-2025-1915,F,Almirante Brown,36,"8,16",Desempleado,Primario completo,Si,25 a 34,Destacado
L-2025-1916,F,Almirante Brown,39,"5,09",Empleo informal,Primario completo,No,55 y más,Desaprobado
L-2025-1917,F,La Matanza,34,"4,37",Desempleado,Terciario en curso,Si,18 a 24,Desaprobado
L-2025-1918,M,Almirante Brown,33,"7,77",Empleado en relación de dependencia,Secundario completo,Si,45 a 54,Aprobado
L-2025-1919,F,La Matanza,32,"6,78",Empleado en relación de dependencia,Secundario completo,Si,18 a 24,Aprobado
L-2025-1920,F,Almirante Brown,32,"5,19",Monotributista / independiente,Secundario incompleto,Si,35 a 44,Desaprobado
L-2025-1921,M,Mar del Plata,32,"5,98",Empleado en relación de dependencia,Terciario completo,No,18 a 24,Desaprobado
L-2025-1922,F,General San Martín,38,"6,34",Empleado en relación de dependencia,Secundario completo,Si,25 a 34,Aprobado
L-2025-1923,M,Lanús,35,"8,58",No declara,Secundario incompleto,Si,45 a 54,Aprobado
L-2025-1924,F,La Matanza,35,"5,44",Empleado en relación de dependencia,Secundario completo,No,35 a 44,Desaprobado
L-2025-1925,F,La Matanza,36,"4,27",Desempleado,Sin escolaridad formal,Si,35 a 44,Aprobado
L-2025-1926,M,La Plata,39,"8,33",Monotributista / independiente,Secundario completo,Si,25 a 34,Aprobado
L-2025-1927,M,La Plata,30,"4,42",Monotributista / independiente,Secundario incompleto,Si,25 a 34,Destacado
L-2025-1928,F,Mar del Plata,34,"7,75",Empleado en relación de dependencia,Secundario completo,No,25 a 34,Aprobado
L-2025-1929,M,Mar del Plata,33,"8,21",Desempleado,Primario completo,Si,25 a 34,Destacado
L-2025-1930,F,Mar del Plata,33,"5,92",Empleado en relación de dependencia,Terciario en curso,No,35 a 44,Desaprobado
L-2025-1931,M,Avellaneda,36,"7,65",Empleado en relación de dependencia,Secundario completo,Si,25 a 34,Aprobado
L-2025-1932,F,Mar del Plata,36,"7,59",Empleado en relación de dependencia,Secundario completo,Si,35 a 44,Aprobado
L-2025-1933,M,Almirante Brown,35,"7,01",Desempleado,Secundario completo,Si,35 a 44,Aprobado
L-2025-1934,F,Lanús,37,"3,14",Empleo informal,Secundario completo,No,35 a 44,Desaprobado
L-2025-1935,M,Lomas de Zamora,23,"5,87",Ama de casa / tareas de cuidado,Secundario incompleto,Si,35 a 44,Desaprobado
L-2025-1936,F,Mar del Plata,35,"7,36",No declara,Secundario completo,Si,25 a 34,Aprobado
L-2025-1937,F,Lomas de Zamora,37,"5,34",Desempleado,Secundario completo,Si,18 a 24,Desaprobado
L-2025-1938,F,Lanús,37,"7,46",No declara,Secundario completo,Si,45 a 54,Aprobado
L-2025-1939,F,Lomas de Zamora,36,"9,65",Monotributista / independiente,Terciario en curso,Si,25 a 34,Destacado
L-2025-1940,M,La Plata,36,"5,98",No declara,Universitario incompleto,Si,35 a 44,Desaprobado
L-2025-1941,M,Mar del Plata,30,"6,21",Empleo informal,Primario incompleto,Si,18 a 24,Aprobado
L-2025-1942,M,Lomas de Zamora,36,"7,61",Empleado en relación de dependencia,Primario completo,Si,18 a 24,Aprobado
L-2025-1943,F,Lanús,36,"9,46",Monotributista / independiente,Secundario completo,Si,55 y más,Destacado
L-2025-1944,F,Lomas de Zamora,35,"6,94",Empleado en relación de dependencia,Terciario en curso,Si,35 a 44,Aprobado
L-2025-1945,F,La Plata,38,"9,52",Empleado en relación de dependencia,Secundario incompleto,Si,45 a 54,Destacado
L-2025-1946,F,Mar del Plata,34,"5,78",Ama de casa / tareas de cuidado,Universitario incompleto,No,55 y más,Desaprobado
L-2025-1947,F,General San Martín,32,"7,71",Ama de casa / tareas de cuidado,Secundario completo,No,25 a 34,Aprobado
L-2025-1948,M,Mar del Plata,37,"4,93",Desempleado,Terciario completo,No,55 y más,Desaprobado
L-2025-1949,F,Lanús,34,"5,35",Monotributista / independiente,Universitario incompleto,Si,55 y más,Desaprobado
L-2025-1950,M,Lomas de Zamora,35,"8,00",Empleo informal,Secundario completo,No,25 a 34,Aprobado
L-2025-1951,F,Quilmes,34,"7,31",Monotributista / independiente,Secundario completo,Si,55 y más,Aprobado
L-2025-1952,F,Lomas de Zamora,39,"8,41",Desempleado,Secundario incompleto,Si,45 a 54,Aprobado
L-2025-1953,M,Almirante Brown,35,"8,70",Trabajos esporádicos,Secundario completo,No,45 a 54,Aprobado
L-2025-1954,M,Merlo,36,"8,31",Empleo informal,Terciario en curso,Si,45 a 54,Aprobado
L-2025-1955,F,La Plata,38,"8,16",Empleo informal,Sin escolaridad formal,Si,25 a 34,Aprobado
L-2025-1956,F,La Matanza,34,"5,92",Empleado en relación de dependencia,Primario completo,Si,18 a 24,Desaprobado
L-2025-1957,M,Lomas de Zamora,36,"7,37",Empleado en relación de dependencia,Secundario incompleto,Si,25 a 34,Aprobado
L-2025-1958,F,La Plata,35,"6,20",Monotributista / independiente,Terciario en curso,Si,35 a 44,Aprobado
L-2025-1959,F,Lomas de Zamora,34,"6,74",Ama de casa / tareas de cuidado,Secundario incompleto,Si,35 a 44,Aprobado
L-2025-1960,M,Mar del Plata,38,"8,44",No declara,Secundario completo,Si,45 a 54,Aprobado
L-2025-1961,F,Quilmes,22,"9,36",Empleado en relación de dependencia,Universitario incompleto,Si,25 a 34,Destacado
L-2025-1962,M,Lanús,34,"7,77",Desempleado,Secundario incompleto,Si,25 a 34,Aprobado
L-2025-1963,F,General San Martín,36,"10,00",Empleo informal,Secundario incompleto,No,25 a 34,Destacado
L-2025-1964,F,La Matanza,35,"9,43",Monotributista / independiente,Universitario completo,Si,35 a 44,Destacado
L-2025-1965,F,La Matanza,34,"5,53",Ama de casa / tareas de cuidado,Secundario completo,Si,35 a 44,Desaprobado
L-2025-1966,F,Avellaneda,33,"6,19",Monotributista / independiente,Universitario incompleto,Si,18 a 24,Aprobado
L-2025-1967,M,Lomas de Zamora,32,"8,57",Empleado en relación de dependencia,Terciario completo,Si,45 a 54,Aprobado
L-2025-1968,M,General San Martín,32,"7,48",Empleado en relación de dependencia,Sin escolaridad formal,Si,25 a 34,Aprobado
L-2025-1969,F,Mar del Plata,31,"6,17",Monotributista / independiente,Secundario completo,Si,35 a 44,Aprobado
L-2025-1970,F,La Plata,36,"6,16",Empleo informal,Sin escolaridad formal,Si,35 a 44,Aprobado
L-2025-1971,M,General San Martín,37,"10,00",Empleo informal,Terciario en curso,No,25 a 34,Destacado
L-2025-1972,M,Lomas de Zamora,36,"4,09",Monotributista / independiente,Terciario en curso,No,35 a 44,Desaprobado
L-2025-1973,F,Lomas de Zamora,36,"7,61",Monotributista / independiente,Secundario incompleto,No,45 a 54,Aprobado
L-2025-1974,M,General San Martín,36,"6,44",Trabajos esporádicos,Secundario incompleto,Si,45 a 54,Aprobado
L-2025-1975,M,General San Martín,38,"5,83",Ama de casa / tareas de cuidado,Secundario completo,Si,35 a 44,Desaprobado
L-2025-1976,M,La Matanza,36,"9,59",Trabajos esporádicos,Secundario completo,No,25 a 34,Destacado
L-2025-1977,F,Lomas de Zamora,36,"4,93",Empleo informal,Secundario incompleto,Si,55 y más,Desaprobado
L-2025-1978,F,La Plata,38,"5,94",Monotributista / independiente,Secundario completo,No,35 a 44,Desaprobado
L-2025-1979,M,Quilmes,31,"6,50",Trabajos esporádicos,Secundario incompleto,Si,55 y más,Aprobado
L-2025-1980,F,Mar del Plata,38,"5,30",Ama de casa / tareas de cuidado,Secundario completo,Si,18 a 24,Desaprobado
L-2025-1981,F,Mar del Plata,37,"8,77",Monotributista / independiente,Primario completo,Si,25 a 34,Aprobado
L-2025-1982,M,Mar del Plata,15,"8,86",Empleado en relación de dependencia,Secundario completo,Si,25 a 34,Aprobado
L-2025-1983,F,Lomas de Zamora,34,"6,91",Ama de casa / tareas de cuidado,Sin escolaridad formal,Si,25 a 34,Aprobado
L-2025-1984,M,La Plata,38,"10,00",Empleado en relación de dependencia,Secundario completo,Si,25 a 34,Destacado
L-2025-1985,M,Lomas de Zamora,31,"7,87",Ama de casa / tareas de cuidado,Terciario completo,Si,25 a 34,Aprobado
L-2025-1986,F,Almirante Brown,35,"5,33",No declara,Secundario completo,No,18 a 24,Desaprobado
L-2025-1987,F,La Plata,37,"6,73",Empleo informal,Terciario completo,Si,25 a 34,Aprobado
L-2025-1988,F,La Plata,34,"6,03",Desempleado,Secundario completo,Si,18 a 24,Aprobado
L-2025-1989,M,Quilmes,38,"5,46",Empleo informal,Sin escolaridad formal,Si,35 a 44,Desaprobado
L-2025-1990,M,Merlo,36,"6,64",No declara,Secundario completo,Si,25 a 34,Aprobado
L-2025-1991,F,Almirante Brown,35,"8,79",Empleo informal,Secundario completo,Si,25 a 34,Aprobado
L-2025-1992,M,La Matanza,34,"9,75",Ama de casa / tareas de cuidado,Secundario completo,Si,55 y más,Destacado
L-2025-1993,F,Mar del Plata,31,"6,45",Empleado en relación de dependencia,Secundario completo,No,25 a 34,Aprobado
L-2025-1994,F,Mar del Plata,35,"8,54",Empleo informal,Secundario incompleto,Si,25 a 34,Aprobado
L-2025-1995,F,La Plata,22,"8,96",Empleado en relación de dependencia,Universitario incompleto,No,25 a 34,Aprobado
L-2025-1996,F,Mar del Plata,36,"5,17",Empleo informal,Secundario completo,Si,55 y más,Desaprobado
L-2025-1997,M,Lomas de Zamora,35,"8,12",Ama de casa / tareas de cuidado,Primario completo,Si,25 a 34,Aprobado
L-2025-1998,F,Mar del Plata,34,"8,77",Ama de casa / tareas de cuidado,Secundario incompleto,Si,25 a 34,Aprobado
L-2025-1999,M,Avellaneda,34,"9,38",Ama de casa / tareas de cuidado,Secundario completo,Si,25 a 34,Destacado
L-2025-2000,M,La Plata,38,"6,35",Ama de casa / tareas de cuidado,Primario completo,Si,35 a 44,Aprobado
L-2025-2001,F,General San Martín,35,"7,76",Monotributista / independiente,Secundario incompleto,Si,55 y más,Aprobado
L-2025-2002,F,Mar del Plata,31,"4,77",Empleo informal,Secundario completo,Si,35 a 44,Desaprobado
L-2025-2003,F,La Matanza,35,"5,63",Empleo informal,Secundario completo,No,18 a 24,Desaprobado
L-2025-2004,M,Quilmes,18,"7,24",Empleado en relación de dependencia,Terciario en curso,No,35 a 44,Aprobado
L-2025-2005,M,Quilmes,36,"4,18",Desempleado,Secundario completo,Si,55 y más,Desaprobado
L-2025-2006,M,Lomas de Zamora,36,"6,14",Empleado en relación de dependencia,Secundario incompleto,Si,55 y más,Aprobado
L-2025-2007,M,La Plata,35,"8,00",Monotributista / independiente,Secundario completo,Si,25 a 34,Aprobado
L-2025-2008,M,Avellaneda,36,"5,39",Monotributista / independiente,Terciario en curso,No,18 a 24,Desaprobado
L-2025-2009,M,Lanús,35,"8,43",Empleo informal,Terciario completo,Si,25 a 34,Aprobado
L-2025-2010,F,Almirante Brown,34,"10,00",Empleado en relación de dependencia,Secundario completo,Si,45 a 54,Destacado
L-2025-2011,F,Almirante Brown,22,"7,51",Ama de casa / tareas de cuidado,Sin escolaridad formal,Si,45 a 54,Aprobado
L-2025-2012,F,La Plata,32,"5,76",Monotributista / independiente,Universitario incompleto,Si,18 a 24,Desaprobado
L-2025-2013,F,Lomas de Zamora,17,"6,00",Empleado en relación de dependencia,Secundario incompleto,Si,35 a 44,Aprobado
L-2025-2014,F,Lanús,35,"6,75",Empleo informal,Secundario completo,Si,25 a 34,Aprobado
L-2025-2015,M,Lomas de Zamora,33,"6,02",Ama de casa / tareas de cuidado,Secundario completo,No,35 a 44,Aprobado
L-2025-2016,F,La Matanza,37,"8,21",Monotributista / independiente,Primario completo,Si,18 a 24,Aprobado
L-2025-2017,M,Merlo,33,"6,95",Empleado en relación de dependencia,Secundario incompleto,Si,45 a 54,Aprobado
L-2025-2018,F,La Plata,36,"8,91",Monotributista / independiente,Secundario completo,Si,45 a 54,Aprobado
L-2025-2019,M,La Matanza,32,"7,45",Empleado en relación de dependencia,Secundario incompleto,Si,35 a 44,Aprobado
L-2025-2020,M,La Plata,36,"7,12",Monotributista / independiente,Universitario incompleto,Si,35 a 44,Aprobado
L-2025-2021,F,La Plata,34,"8,58",Empleo informal,Secundario completo,Si,45 a 54,Aprobado
L-2025-2022,F,La Matanza,33,"6,05",Ama de casa / tareas de cuidado,Secundario completo,No,18 a 24,Aprobado
L-2025-2023,M,Lanús,33,"5,75",Monotributista / independiente,Universitario completo,Si,35 a 44,Desaprobado
L-2025-2024,F,Almirante Brown,35,"8,37",Monotributista / independiente,Sin escolaridad formal,Si,25 a 34,Aprobado
L-2025-2025,M,Avellaneda,35,"8,32",Ama de casa / tareas de cuidado,Universitario incompleto,Si,45 a 54,Aprobado
L-2025-2026,M,La Matanza,23,"8,45",Ama de casa / tareas de cuidado,Secundario completo,Si,25 a 34,Aprobado
L-2025-2027,M,Quilmes,21,"8,45",Empleado en relación de dependencia,Secundario incompleto,No,25 a 34,Aprobado
L-2025-2028,F,Mar del Plata,35,"9,01",Empleo informal,Secundario incompleto,Si,45 a 54,Destacado
L-2025-2029,F,Lomas de Zamora,34,"3,23",Empleado en relación de dependencia,Secundario completo,Si,55 y más,Desaprobado
L-2025-2030,M,Almirante Brown,37,"4,93",Empleado en relación de dependencia,Secundario incompleto,Si,35 a 44,Desaprobado
L-2025-2031,F,Almirante Brown,38,"3,55",Empleado en relación de dependencia,Secundario completo,Si,55 y más,Desaprobado
L-2025-2032,M,Lomas de Zamora,37,"9,49",Empleo informal,Secundario incompleto,Si,45 a 54,Destacado
L-2025-2033,M,Quilmes,35,"7,19",Empleo informal,Terciario en curso,Si,25 a 34,Aprobado
L-2025-2034,M,Mar del Plata,34,"8,06",Empleo informal,Secundario incompleto,Si,18 a 24,Aprobado
L-2025-2035,F,Almirante Brown,32,"8,80",Empleo informal,Secundario completo,Si,18 a 24,Aprobado
L-2025-2036,M,General San Martín,32,"6,40",Desempleado,Secundario completo,Si,35 a 44,Aprobado
L-2025-2037,M,La Matanza,34,"8,53",Empleado en relación de dependencia,Universitario incompleto,No,25 a 34,Aprobado
L-2025-2038,F,La Plata,15,"9,04",Ama de casa / tareas de cuidado,Secundario completo,Si,25 a 34,Destacado
L-2025-2039,M,La Matanza,33,"5,88",Desempleado,Secundario completo,Si,18 a 24,Desaprobado
L-2025-2040,M,La Plata,31,"8,57",Empleado en relación de dependencia,Secundario incompleto,No,35 a 44,Aprobado
L-2025-2041,M,General San Martín,35,"7,00",Ama de casa / tareas de cuidado,Primario completo,Si,35 a 44,Aprobado
L-2025-2042,F,Almirante Brown,33,"9,03",Ama de casa / tareas de cuidado,Terciario en curso,Si,25 a 34,Destacado
L-2025-2043,F,La Plata,37,"7,24",Empleo informal,Universitario incompleto,Si,25 a 34,Aprobado
L-2025-2044,F,Quilmes,36,"9,01",Desempleado,Secundario incompleto,Si,45 a 54,Destacado
L-2025-2045,M,Merlo,34,"7,69",Ama de casa / tareas de cuidado,Universitario completo,Si,25 a 34,Aprobado
L-2025-2046,F,La Plata,35,"10,00",Empleado en relación de dependencia,Universitario incompleto,Si,35 a 44,Destacado
L-2025-2047,M,La Plata,33,"7,89",Monotributista / independiente,Secundario incompleto,No,25 a 34,Aprobado
L-2025-2048,M,General San Martín,35,"5,86",Monotributista / independiente,Secundario incompleto,Si,35 a 44,Desaprobado
L-2025-2049,M,Quilmes,40,"7,13",Monotributista / independiente,Primario completo,Si,35 a 44,Aprobado
L-2025-2050,M,Almirante Brown,34,"6,34",Desempleado,Universitario incompleto,Si,45 a 54,Aprobado
L-2025-2051,F,Lomas de Zamora,39,"9,06",Desempleado,Universitario incompleto,Si,45 a 54,Destacado
L-2025-2052,F,Lomas de Zamora,34,"8,27",Empleado en relación de dependencia,Secundario completo,Si,25 a 34,Aprobado
L-2025-2053,M,La Plata,38,"7,08",Empleo informal,Secundario completo,Si,18 a 24,Aprobado
L-2025-2054,F,Quilmes,18,"6,68",Empleado en relación de dependencia,Secundario completo,Si,25 a 34,Aprobado
L-2025-2055,F,La Plata,34,"5,03",Empleado en relación de dependencia,Secundario completo,Si,18 a 24,Desaprobado
L-2025-2056,M,La Matanza,33,"6,85",Empleado en relación de dependencia,Terciario completo,No,35 a 44,Aprobado
L-2025-2057,M,Merlo,32,"8,53",Monotributista / independiente,Terciario en curso,Si,35 a 44,Aprobado
L-2025-2058,F,Lanús,34,"6,50",Empleado en relación de dependencia,Secundario completo,Si,18 a 24,Aprobado
L-2025-2059,F,La Plata,32,"8,45",Empleo informal,Secundario completo,Si,45 a 54,Aprobado
L-2025-2060,M,Lanús,39,"6,17",Empleo informal,Secundario completo,Si,35 a 44,Aprobado
L-2025-2061,M,Lanús,33,"5,83",Monotributista / independiente,Secundario incompleto,No,55 y más,Desaprobado
L-2025-2062,M,Mar del Plata,36,"7,26",Empleado en relación de dependencia,Primario incompleto,Si,25 a 34,Aprobado
L-2025-2063,M,La Plata,36,"8,13",Desempleado,Secundario incompleto,Si,25 a 34,Aprobado
L-2025-2064,F,La Matanza,36,"6,77",Empleado en relación de dependencia,Secundario completo,Si,25 a 34,Aprobado
L-2025-2065,F,La Plata,20,"7,30",Ama de casa / tareas de cuidado,Terciario completo,Si,35 a 44,Aprobado
L-2025-2066,M,La Matanza,21,"8,59",Ama de casa / tareas de cuidado,Secundario incompleto,Si,25 a 34,Aprobado
L-2025-2067,M,Merlo,40,"10,00",Monotributista / independiente,Secundario incompleto,Si,25 a 34,Destacado
L-2025-2068,F,Mar del Plata,37,"8,53",Desempleado,Secundario incompleto,No,25 a 34,Aprobado
L-2025-2069,M,Lanús,35,"9,65",Empleo informal,Universitario completo,Si,25 a 34,Destacado
L-2025-2070,M,La Matanza,37,"6,31",No declara,Secundario incompleto,No,25 a 34,Aprobado
L-2025-2071,M,Lomas de Zamora,17,"7,09",Empleado en relación de dependencia,Universitario incompleto,Si,35 a 44,Aprobado
L-2025-2072,M,Quilmes,35,"6,28",Desempleado,Secundario incompleto,Si,18 a 24,Aprobado
L-2025-2073,M,Merlo,37,"7,51",Desempleado,Secundario incompleto,No,25 a 34,Aprobado
L-2025-2074,M,Avellaneda,22,"9,16",Empleado en relación de dependencia,Secundario incompleto,Si,25 a 34,Destacado
L-2025-2075,F,La Matanza,32,"9,03",Ama de casa / tareas de cuidado,Secundario incompleto,Si,45 a 54,Destacado
L-2025-2076,F,Mar del Plata,20,"6,24",Empleado en relación de dependencia,Universitario completo,Si,18 a 24,Aprobado
L-2025-2077,M,Lanús,34,"5,51",Desempleado,Primario completo,Si,25 a 34,Aprobado
L-2025-2078,F,Quilmes,36,"7,21",Empleado en relación de dependencia,Secundario incompleto,Si,25 a 34,Aprobado
L-2025-2079,M,General San Martín,32,"7,15",Empleado en relación de dependencia,Secundario completo,Si,35 a 44,Aprobado
L-2025-2080,F,Avellaneda,34,"10,00",Empleado en relación de dependencia,Secundario completo,Si,45 a 54,Destacado
L-2025-2081,F,La Plata,34,"10,00",Desempleado,Terciario en curso,No,25 a 34,Destacado
L-2025-2082,M,Mar del Plata,39,"6,33",Empleo informal,Secundario completo,Si,25 a 34,Aprobado
L-2025-2083,M,Lomas de Zamora,31,"6,71",Empleado en relación de dependencia,Secundario incompleto,Si,35 a 44,Aprobado
L-2025-2084,F,Lomas de Zamora,34,"7,30",Empleo informal,Universitario incompleto,Si,35 a 44,Aprobado
L-2025-2085,F,La Matanza,38,"4,40",Desempleado,Secundario incompleto,Si,35 a 44,Desaprobado
L-2025-2086,F,Avellaneda,35,"9,15",Empleo informal,Primario completo,Si,25 a 34,Destacado
L-2025-2087,F,Quilmes,36,"7,04",No declara,Universitario incompleto,No,35 a 44,Aprobado
L-2025-2088,F,Quilmes,37,"9,53",Empleo informal,Secundario completo,Si,45 a 54,Destacado
L-2025-2089,F,Almirante Brown,33,"6,05",Empleo informal,Primario incompleto,Si,18 a 24,Aprobado
L-2025-2090,F,La Matanza,33,"5,27",Monotributista / independiente,Primario completo,Si,25 a 34,Aprobado
L-2025-2091,M,Lomas de Zamora,21,"8,86",Ama de casa / tareas de cuidado,Secundario incompleto,Si,25 a 34,Aprobado
L-2025-2092,M,Lomas de Zamora,38,"8,32",Ama de casa / tareas de cuidado,Universitario incompleto,Si,45 a 54,Aprobado
L-2025-2093,F,La Matanza,35,"3,70",Monotributista / independiente,Secundario completo,Si,25 a 34,Desaprobado
L-2025-2094,M,General San Martín,33,"5,51",Empleado en relación de dependencia,Primario completo,Si,25 a 34,Aprobado
L-2025-2095,M,La Plata,31,"7,45",Ama de casa / tareas de cuidado,Sin escolaridad formal,Si,18 a 24,Aprobado
L-2025-2096,F,General San Martín,36,"4,39",Monotributista / independiente,Secundario incompleto,No,25 a 34,Destacado
L-2025-2097,F,Almirante Brown,34,"5,66",Desempleado,Secundario completo,Si,35 a 44,Desaprobado
L-2025-2098,F,La Plata,32,"6,96",Empleo informal,Primario incompleto,Si,45 a 54,Aprobado
L-2025-2099,M,Quilmes,33,"9,19",Monotributista / independiente,Secundario incompleto,Si,45 a 54,Destacado
L-2025-2100,M,La Matanza,35,"6,18",Monotributista / independiente,Secundario completo,Si,55 y más,Aprobado
L-2025-2101,F,La Plata,34,"7,03",Trabajos esporádicos,Primario incompleto,Si,45 a 54,Destacado
L-2025-2102,M,Lanús,34,"7,99",Desempleado,Secundario completo,Si,25 a 34,Aprobado
L-2025-2103,F,La Matanza,32,"4,12",Desempleado,Secundario completo,Si,25 a 34,Destacado
L-2025-2104,F,Avellaneda,34,"8,35",Monotributista / independiente,Secundario completo,Si,25 a 34,Aprobado
L-2025-2105,F,General San Martín,35,"6,29",Monotributista / independiente,Secundario incompleto,Si,45 a 54,Aprobado
L-2025-2106,F,Lanús,33,"6,73",Empleado en relación de dependencia,Secundario incompleto,Si,35 a 44,Aprobado
L-2025-2107,M,La Matanza,35,"8,24",Desempleado,Secundario completo,Si,25 a 34,Aprobado
L-2025-2108,M,Lanús,33,"5,21",Empleo informal,Primario completo,No,25 a 34,Destacado
L-2025-2109,M,Lanús,34,"7,66",Empleo informal,Secundario completo,Si,25 a 34,Aprobado
L-2025-2110,M,La Plata,34,"5,36",Ama de casa / tareas de cuidado,Secundario completo,Si,18 a 24,Desaprobado
L-2025-2111,M,La Plata,32,"4,44",Ama de casa / tareas de cuidado,Secundario completo,Si,25 a 34,Destacado
L-2025-2112,M,Quilmes,34,"8,08",Desempleado,Primario completo,Si,25 a 34,Aprobado
L-2025-2113,M,Lomas de Zamora,35,"8,26",Monotributista / independiente,Secundario completo,Si,45 a 54,Aprobado
L-2025-2114,F,Almirante Brown,36,"5,40",Desempleado,Primario completo,Si,55 y más,Aprobado
L-2025-2115,M,La Plata,18,"9,42",Ama de casa / tareas de cuidado,Secundario completo,No,45 a 54,Destacado
L-2025-2116,F,Almirante Brown,35,"9,09",Empleado en relación de dependencia,Secundario completo,Si,25 a 34,Destacado
L-2025-2117,F,General San Martín,34,"6,57",Empleado en relación de dependencia,Secundario completo,Si,35 a 44,Aprobado
L-2025-2118,F,General San Martín,16,"6,49",Empleado en relación de dependencia,Universitario incompleto,Si,45 a 54,Aprobado
L-2025-2119,F,Quilmes,37,"8,16",Monotributista / independiente,Secundario completo,Si,25 a 34,Aprobado
L-2025-2120,F,La Matanza,38,"7,04",Monotributista / independiente,Secundario completo,Si,35 a 44,Aprobado
L-2025-2121,F,Mar del Plata,32,"5,37",Empleado en relación de dependencia,Secundario completo,Si,18 a 24,Desaprobado
L-2025-2122,F,Merlo,38,"8,02",Monotributista / independiente,Universitario incompleto,Si,25 a 34,Aprobado
L-2025-2123,M,Lomas de Zamora,35,"8,83",Trabajos esporádicos,Secundario incompleto,Si,25 a 34,Aprobado
L-2025-2124,M,La Plata,34,"7,45",Monotributista / independiente,Secundario completo,No,35 a 44,Aprobado
L-2025-2125,M,General San Martín,35,"6,60",Empleo informal,Terciario en curso,No,25 a 34,Aprobado
L-2025-2126,M,Lanús,33,"9,52",Desempleado,Universitario completo,Si,25 a 34,Destacado
L-2025-2127,F,La Plata,36,"7,39",Desempleado,Universitario incompleto,Si,25 a 34,Aprobado
L-2025-2128,F,La Matanza,30,"5,74",Ama de casa / tareas de cuidado,Secundario incompleto,Si,18 a 24,Desaprobado
L-2025-2129,F,Lomas de Zamora,18,"7,19",Ama de casa / tareas de cuidado,Secundario incompleto,Si,55 y más,Aprobado
L-2025-2130,F,Avellaneda,21,"5,83",Empleado en relación de dependencia,Universitario completo,Si,35 a 44,Desaprobado
L-2025-2131,M,Merlo,32,"4,43",Ama de casa / tareas de cuidado,Sin escolaridad formal,Si,35 a 44,Desaprobado
L-2025-2132,M,La Matanza,35,"4,11",Ama de casa / tareas de cuidado,Secundario completo,Si,45 a 54,Destacado
L-2025-2133,M,Lomas de Zamora,36,"9,24",Empleado en relación de dependencia,Primario completo,Si,25 a 34,Destacado
L-2025-2134,M,Mar del Plata,36,"6,96",Monotributista / independiente,Primario incompleto,Si,25 a 34,Aprobado
L-2025-2135,F,La Matanza,34,"9,67",Ama de casa / tareas de cuidado,Terciario en curso,Si,45 a 54,Destacado
L-2025-2136,F,Avellaneda,31,"6,34",Desempleado,Primario completo,Si,35 a 44,Aprobado
L-2025-2137,M,La Matanza,37,"7,16",Desempleado,Secundario incompleto,Si,35 a 44,Aprobado
L-2025-2138,M,General San Martín,15,"7,23",Ama de casa / tareas de cuidado,Secundario completo,Si,25 a 34,Aprobado
L-2025-2139,F,La Matanza,35,"5,41",Monotributista / independiente,Terciario completo,Si,35 a 44,Desaprobado
L-2025-2140,F,La Plata,39,"5,99",Empleo informal,Universitario incompleto,Si,35 a 44,Desaprobado
L-2025-2141,F,Mar del Plata,36,"7,75",Empleo informal,Secundario incompleto,Si,25 a 34,Aprobado
L-2025-2142,F,La Plata,32,"7,85",Desempleado,Terciario en curso,Si,25 a 34,Aprobado
L-2025-2143,F,Quilmes,17,"7,50",Ama de casa / tareas de cuidado,Secundario incompleto,Si,18 a 24,Aprobado
L-2025-2144,F,Merlo,37,"7,94",Desempleado,Terciario en curso,Si,25 a 34,Aprobado
L-2025-2145,F,La Plata,35,"8,17",Empleo informal,Universitario completo,Si,45 a 54,Aprobado
L-2025-2146,M,Merlo,39,"7,23",Monotributista / independiente,Universitario incompleto,No,55 y más,Aprobado
L-2025-2147,F,La Plata,37,"7,27",Empleado en relación de dependencia,Primario incompleto,Si,45 a 54,Aprobado
L-2025-2148,F,Mar del Plata,32,"7,62",Desempleado,Secundario completo,Si,25 a 34,Aprobado
L-2025-2149,F,La Plata,35,"9,05",No declara,Primario completo,Si,18 a 24,Destacado
L-2025-2150,F,Lomas de Zamora,34,"8,17",Empleado en relación de dependencia,Secundario incompleto,No,25 a 34,Aprobado
L-2025-2151,M,Avellaneda,38,"8,36",Empleo informal,Secundario completo,No,25 a 34,Aprobado
L-2025-2152,F,General San Martín,35,"7,20",Empleado en relación de dependencia,Secundario completo,Si,25 a 34,Aprobado
L-2025-2153,F,Quilmes,33,"6,13",Desempleado,Secundario incompleto,Si,25 a 34,Aprobado
L-2025-2154,M,La Matanza,34,"10,00",Desempleado,Secundario completo,Si,25 a 34,Destacado
L-2025-2155,M,General San Martín,36,"8,67",No declara,Secundario incompleto,Si,25 a 34,Aprobado
L-2025-2156,M,Almirante Brown,34,"5,06",Ama de casa / tareas de cuidado,Terciario en curso,Si,35 a 44,Desaprobado
L-2025-2157,M,La Matanza,36,"6,99",Empleo informal,Secundario completo,Si,45 a 54,Aprobado
L-2025-2158,F,Avellaneda,18,"10,00",Ama de casa / tareas de cuidado,Universitario incompleto,No,45 a 54,Destacado
L-2025-2159,M,Almirante Brown,39,"8,55",Desempleado,Secundario incompleto,No,25 a 34,Aprobado
L-2025-2160,F,La Matanza,33,"5,58",Empleo informal,Terciario en curso,Si,18 a 24,Desaprobado
L-2025-2161,F,Mar del Plata,36,"8,19",Monotributista / independiente,Secundario completo,Si,25 a 34,Aprobado
L-2025-2162,F,La Matanza,33,"9,19",Empleado en relación de dependencia,Secundario completo,Si,25 a 34,Destacado
L-2025-2163,M,La Matanza,15,"7,10",Ama de casa / tareas de cuidado,Secundario completo,Si,18 a 24,Aprobado
L-2025-2164,M,Quilmes,33,"7,78",Empleado en relación de dependencia,Primario completo,No,25 a 34,Aprobado
L-2025-2165,M,La Matanza,32,"9,05",Ama de casa / tareas de cuidado,Secundario completo,No,45 a 54,Destacado
L-2025-2166,M,Lomas de Zamora,36,"6,76",Monotributista / independiente,Secundario incompleto,Si,35 a 44,Aprobado
L-2025-2167,M,Mar del Plata,39,"4,46",Monotributista / independiente,Universitario incompleto,Si,35 a 44,Desaprobado
L-2025-2168,F,General San Martín,38,"4,43",Empleo informal,Sin escolaridad formal,Si,45 a 54,Aprobado
L-2025-2169,F,La Matanza,32,"9,02",Desempleado,Secundario completo,No,25 a 34,Destacado
L-2025-2170,M,General San Martín,18,"5,83",Ama de casa / tareas de cuidado,Secundario incompleto,Si,18 a 24,Desaprobado
L-2025-2171,F,Quilmes,34,"8,18",Trabajos esporádicos,Secundario incompleto,Si,25 a 34,Aprobado
L-2025-2172,F,Avellaneda,15,"7,85",Empleado en relación de dependencia,Universitario completo,Si,35 a 44,Aprobado
L-2025-2173,F,Quilmes,23,"7,32",Empleado en relación de dependencia,Terciario en curso,Si,35 a 44,Aprobado
L-2025-2174,M,La Matanza,32,"9,86",Empleo informal,Universitario incompleto,No,45 a 54,Destacado
L-2025-2175,F,La Plata,28,"7,21",Desempleado,Secundario incompleto,Si,18 a 24,Aprobado
L-2025-2176,M,Lomas de Zamora,32,"8,46",Desempleado,Secundario completo,Si,45 a 54,Aprobado
L-2025-2177,F,Almirante Brown,35,"4,27",Empleado en relación de dependencia,Sin escolaridad formal,Si,25 a 34,Destacado
L-2025-2178,F,Mar del Plata,37,"7,46",Empleo informal,Secundario incompleto,No,45 a 54,Aprobado
L-2025-2179,M,La Plata,34,"7,51",Empleado en relación de dependencia,Secundario completo,Si,35 a 44,Aprobado
L-2025-2180,M,Quilmes,34,"7,06",Monotributista / independiente,Secundario incompleto,Si,45 a 54,Aprobado
L-2025-2181,M,La Plata,32,"6,71",Empleado en relación de dependencia,Terciario completo,Si,45 a 54,Aprobado
L-2025-2182,F,Lanús,35,"8,36",Empleo informal,Secundario incompleto,Si,45 a 54,Aprobado
L-2025-2183,M,La Matanza,36,"9,06",Empleado en relación de dependencia,Secundario incompleto,Si,25 a 34,Destacado
L-2025-2184,F,Lomas de Zamora,20,"8,00",Empleado en relación de dependencia,Primario completo,Si,25 a 34,Aprobado
L-2025-2185,M,Mar del Plata,33,"4,71",Empleo informal,Secundario incompleto,Si,55 y más,Desaprobado
L-2025-2186,M,General San Martín,21,"8,35",Ama de casa / tareas de cuidado,Secundario completo,Si,25 a 34,Aprobado
L-2025-2187,F,Mar del Plata,33,"3,95",Empleado en relación de dependencia,Terciario completo,No,35 a 44,Desaprobado
L-2025-2188,F,La Plata,22,"4,72",Trabajos esporádicos,Primario incompleto,No,35 a 44,Desaprobado
L-2025-2189,M,General San Martín,36,"8,19",Monotributista / independiente,Secundario completo,Si,25 a 34,Aprobado
L-2025-2190,M,Quilmes,34,"7,01",Empleo informal,Sin escolaridad formal,No,35 a 44,Aprobado
L-2025-2191,M,La Matanza,17,"7,00",Ama de casa / tareas de cuidado,Secundario completo,No,35 a 44,Aprobado
L-2025-2192,M,Lanús,36,"8,76",Desempleado,Secundario incompleto,No,45 a 54,Aprobado
L-2025-2193,F,Lanús,33,"8,54",Empleado en relación de dependencia,Secundario incompleto,No,25 a 34,Aprobado
L-2025-2194,M,La Matanza,34,"4,50",Trabajos esporádicos,Secundario incompleto,Si,55 y más,Desaprobado
L-2025-2195,F,La Matanza,34,"6,68",Empleado en relación de dependencia,Universitario incompleto,Si,35 a 44,Aprobado
L-2025-2196,F,La Matanza,34,"7,28",Ama de casa / tareas de cuidado,Universitario incompleto,Si,55 y más,Aprobado
L-2025-2197,M,La Matanza,35,"6,15",Desempleado,Sin escolaridad formal,Si,18 a 24,Aprobado
L-2025-2198,M,Quilmes,34,"7,25",Desempleado,Terciario completo,Si,45 a 54,Aprobado
L-2025-2199,F,Avellaneda,18,"4,63",Empleado en relación de dependencia,Secundario completo,Si,35 a 44,Desaprobado
L-2025-2200,F,Lanús,21,"8,51",Ama de casa / tareas de cuidado,Secundario completo,Si,45 a 54,Aprobado
L-2025-2201,F,Merlo,40,"9,26",Desempleado,Secundario completo,Si,25 a 34,Destacado
L-2025-2202,F,Avellaneda,36,"9,15",Monotributista / independiente,Secundario incompleto,Si,25 a 34,Destacado
L-2025-2203,F,Quilmes,38,"8,62",Monotributista / independiente,Terciario en curso,No,45 a 54,Aprobado
L-2025-2204,M,La Plata,33,"7,11",Desempleado,Secundario completo,No,35 a 44,Aprobado
L-2025-2205,M,La Matanza,32,"4,16",Ama de casa / tareas de cuidado,Secundario completo,Si,55 y más,Desaprobado
L-2025-2206,F,Lomas de Zamora,34,"9,24",Monotributista / independiente,Terciario en curso,Si,25 a 34,Destacado
L-2025-2207,F,La Plata,38,"8,46",No declara,Secundario completo,Si,25 a 34,Aprobado
L-2025-2208,M,Lomas de Zamora,18,"8,59",Ama de casa / tareas de cuidado,Secundario incompleto,Si,25 a 34,Aprobado
L-2025-2209,M,Almirante Brown,36,"6,91",Empleado en relación de dependencia,Sin escolaridad formal,Si,18 a 24,Aprobado
L-2025-2210,F,La Matanza,16,"6,73",Trabajos esporádicos,Secundario incompleto,Si,35 a 44,Aprobado
L-2025-2211,M,La Matanza,17,"6,23",Ama de casa / tareas de cuidado,Secundario completo,Si,45 a 54,Aprobado
L-2025-2212,M,Lomas de Zamora,37,"7,14",Empleado en relación de dependencia,Primario incompleto,Si,25 a 34,Aprobado
L-2025-2213,F,Lomas de Zamora,35,"8,73",Monotributista / independiente,Secundario incompleto,No,25 a 34,Aprobado
L-2025-2214,M,La Matanza,21,"5,96",Empleado en relación de dependencia,Secundario completo,Si,25 a 34,Desaprobado
L-2025-2215,F,La Plata,37,"4,46",Desempleado,Secundario incompleto,No,25 a 34,Destacado
L-2025-2216,F,La Matanza,32,"6,06",Empleado en relación de dependencia,Secundario completo,Si,35 a 44,Aprobado
L-2025-2217,F,General San Martín,21,"9,47",Ama de casa / tareas de cuidado,Universitario incompleto,Si,25 a 34,Destacado
L-2025-2218,F,General San Martín,34,"8,29",Monotributista / independiente,Universitario completo,Si,25 a 34,Aprobado
L-2025-2219,F,La Plata,36,"4,97",Empleo informal,Secundario completo,Si,35 a 44,Desaprobado
L-2025-2220,F,Lomas de Zamora,36,"6,65",Ama de casa / tareas de cuidado,Secundario completo,Si,35 a 44,Aprobado
L-2025-2221,F,Quilmes,34,"6,91",Ama de casa / tareas de cuidado,Secundario completo,Si,18 a 24,Aprobado
L-2025-2222,M,Lomas de Zamora,21,"2,24",Empleado en relación de dependencia,Secundario completo,No,45 a 54,Desaprobado
L-2025-2223,F,Avellaneda,38,"8,16",Ama de casa / tareas de cuidado,Primario completo,Si,45 a 54,Aprobado
L-2025-2224,M,La Plata,38,"7,01",Empleado en relación de dependencia,Universitario incompleto,No,18 a 24,Aprobado
L-2025-2225,M,Mar del Plata,36,"10,00",Ama de casa / tareas de cuidado,Secundario incompleto,No,25 a 34,Destacado
L-2025-2226,F,La Matanza,33,"6,08",Desempleado,Universitario incompleto,No,35 a 44,Aprobado
L-2025-2227,F,La Matanza,34,"9,68",Ama de casa / tareas de cuidado,Secundario incompleto,No,25 a 34,Destacado
L-2025-2228,F,La Plata,37,"5,90",Monotributista / independiente,Secundario completo,Si,35 a 44,Desaprobado
L-2025-2229,F,Quilmes,20,"7,10",Trabajos esporádicos,Secundario completo,Si,25 a 34,Aprobado
L-2025-2230,M,Quilmes,35,"7,14",Monotributista / independiente,Secundario incompleto,Si,25 a 34,Aprobado
L-2025-2231,F,La Matanza,36,"10,00",Monotributista / independiente,Secundario completo,Si,45 a 54,Destacado
L-2025-2232,F,Mar del Plata,34,"5,11",Monotributista / independiente,Secundario incompleto,Si,18 a 24,Desaprobado
L-2025-2233,M,Lomas de Zamora,34,"7,41",Desempleado,Secundario completo,Si,35 a 44,Aprobado
L-2025-2234,M,Quilmes,36,"2,92",Monotributista / independiente,Primario completo,Si,55 y más,Desaprobado
L-2025-2235,M,La Plata,35,"7,20",Desempleado,Secundario completo,Si,45 a 54,Aprobado
L-2025-2236,M,La Matanza,33,"4,43",Empleo informal,Sin escolaridad formal,Si,45 a 54,Destacado
L-2025-2237,M,Mar del Plata,32,"7,41",No declara,Secundario incompleto,No,45 a 54,Aprobado
L-2025-2238,M,Almirante Brown,37,"8,08",Desempleado,Secundario completo,Si,25 a 34,Aprobado
L-2025-2239,F,Mar del Plata,33,"5,09",Empleado en relación de dependencia,Secundario completo,Si,55 y más,Desaprobado
L-2025-2240,M,Avellaneda,35,"7,09",Empleado en relación de dependencia,Secundario incompleto,Si,45 a 54,Aprobado
L-2025-2241,F,La Matanza,38,"8,33",Empleado en relación de dependencia,Secundario completo,Si,25 a 34,Aprobado
L-2025-2242,M,Quilmes,34,"4,38",Monotributista / independiente,Universitario completo,No,35 a 44,Desaprobado
L-2025-2243,M,General San Martín,18,"7,43",Empleado en relación de dependencia,Secundario completo,No,25 a 34,Aprobado
L-2025-2244,M,Mar del Plata,33,"9,12",Desempleado,Universitario incompleto,Si,25 a 34,Destacado
L-2025-2245,F,Quilmes,36,"5,38",Desempleado,Primario completo,No,55 y más,Desaprobado
L-2025-2246,M,La Matanza,35,"8,37",Empleo informal,Secundario completo,Si,18 a 24,Aprobado
L-2025-2247,M,La Matanza,37,"8,30",Monotributista / independiente,Terciario en curso,Si,25 a 34,Aprobado
L-2025-2248,F,Lomas de Zamora,30,"4,21",Empleo informal,Secundario completo,Si,35 a 44,Desaprobado
L-2025-2249,F,General San Martín,35,"8,10",Ama de casa / tareas de cuidado,Sin escolaridad formal,Si,35 a 44,Aprobado
L-2025-2250,F,La Plata,34,"9,09",Empleado en relación de dependencia,Universitario incompleto,Si,25 a 34,Destacado
L-2025-2251,F,La Matanza,30,"4,48",Empleado en relación de dependencia,Secundario completo,Si,55 y más,Desaprobado
L-2025-2252,M,La Plata,35,"10,00",Desempleado,Secundario completo,Si,25 a 34,Destacado
L-2025-2253,M,General San Martín,22,"7,89",Empleado en relación de dependencia,Universitario incompleto,Si,45 a 54,Aprobado
L-2025-2254,M,Mar del Plata,35,"5,51",Empleado en relación de dependencia,Primario completo,Si,25 a 34,Destacado
L-2025-2255,F,Almirante Brown,39,"8,76",Empleo informal,Secundario completo,Si,25 a 34,Aprobado
L-2025-2256,M,La Matanza,22,"6,73",Ama de casa / tareas de cuidado,Secundario completo,Si,18 a 24,Aprobado
L-2025-2257,M,Lomas de Zamora,35,"9,62",Empleado en relación de dependencia,Secundario completo,Si,45 a 54,Destacado
L-2025-2258,M,Avellaneda,34,"5,48",Desempleado,Secundario completo,Si,35 a 44,Desaprobado
L-2025-2259,M,La Matanza,34,"7,23",Empleado en relación de dependencia,Secundario completo,Si,45 a 54,Aprobado
L-2025-2260,M,General San Martín,36,"9,19",Ama de casa / tareas de cuidado,Secundario completo,Si,45 a 54,Destacado
L-2025-2261,F,La Plata,34,"5,97",Empleado en relación de dependencia,Terciario en curso,Si,25 a 34,Desaprobado
L-2025-2262,M,Lanús,22,"8,53",Empleado en relación de dependencia,Terciario en curso,No,45 a 54,Aprobado
L-2025-2263,M,Merlo,38,"6,70",Empleo informal,Universitario incompleto,Si,35 a 44,Aprobado
L-2025-2264,F,Merlo,34,"4,25",Desempleado,Secundario completo,Si,25 a 34,Destacado
L-2025-2265,F,La Matanza,34,"3,60",Desempleado,Secundario completo,Si,55 y más,Desaprobado
L-2025-2266,F,Lomas de Zamora,32,"5,31",Monotributista / independiente,Universitario incompleto,No,35 a 44,Desaprobado
L-2025-2267,M,Lanús,37,"7,12",No declara,Sin escolaridad formal,Si,25 a 34,Aprobado
L-2025-2268,M,La Plata,36,"8,90",Empleado en relación de dependencia,Secundario completo,Si,25 a 34,Aprobado
L-2025-2269,M,Avellaneda,31,"9,40",Desempleado,Secundario completo,Si,25 a 34,Destacado
L-2025-2270,F,La Matanza,34,"5,15",Desempleado,Universitario completo,Si,35 a 44,Desaprobado
L-2025-2271,F,La Matanza,34,"4,27",Empleo informal,Sin escolaridad formal,Si,35 a 44,Aprobado
L-2025-2272,M,Almirante Brown,35,"6,09",Empleo informal,Secundario completo,Si,35 a 44,Aprobado
L-2025-2273,F,La Plata,36,"7,19",Empleo informal,Secundario incompleto,Si,35 a 44,Aprobado
L-2025-2274,F,Lanús,33,"10,00",Monotributista / independiente,Secundario completo,No,25 a 34,Destacado
L-2025-2275,F,Mar del Plata,35,"7,16",Empleado en relación de dependencia,Secundario incompleto,Si,25 a 34,Aprobado
L-2025-2276,M,La Plata,35,"7,11",Empleado en relación de dependencia,Primario completo,Si,45 a 54,Aprobado
L-2025-2277,F,Mar del Plata,34,"6,44",Empleado en relación de dependencia,Secundario incompleto,Si,55 y más,Aprobado
L-2025-2278,F,La Plata,39,"8,65",Monotributista / independiente,Secundario completo,No,25 a 34,Aprobado
L-2025-2279,F,Quilmes,36,"10,00",Desempleado,Secundario incompleto,No,25 a 34,Destacado
L-2025-2280,F,La Matanza,34,"9,36",Desempleado,Secundario completo,No,25 a 34,Destacado
L-2025-2281,M,La Matanza,34,"7,18",Empleado en relación de dependencia,Secundario completo,Si,45 a 54,Aprobado
L-2025-2282,F,Merlo,34,"7,94",Monotributista / independiente,Sin escolaridad formal,Si,25 a 34,Aprobado
L-2025-2283,F,La Matanza,37,"7,00",Monotributista / independiente,Primario incompleto,No,35 a 44,Aprobado
L-2025-2284,M,Quilmes,37,"7,52",Monotributista / independiente,Secundario completo,Si,25 a 34,Aprobado
L-2025-2285,F,General San Martín,35,"9,17",Monotributista / independiente,Terciario completo,Si,25 a 34,Destacado
L-2025-2286,M,La Matanza,20,"8,04",Empleado en relación de dependencia,Universitario incompleto,Si,25 a 34,Aprobado
L-2025-2287,F,Mar del Plata,34,"7,92",Ama de casa / tareas de cuidado,Sin escolaridad formal,Si,45 a 54,Aprobado
L-2025-2288,M,Quilmes,34,"8,89",Empleado en relación de dependencia,Secundario completo,Si,25 a 34,Aprobado
L-2025-2289,F,Almirante Brown,33,"4,92",Desempleado,Terciario completo,No,55 y más,Desaprobado
L-2025-2290,F,General San Martín,29,"9,63",Monotributista / independiente,Secundario completo,Si,25 a 34,Destacado
L-2025-2291,F,Quilmes,34,"6,38",Empleado en relación de dependencia,Secundario completo,No,35 a 44,Aprobado
L-2025-2292,F,Quilmes,15,"9,39",Trabajos esporádicos,Secundario completo,No,25 a 34,Destacado
L-2025-2293,M,Mar del Plata,32,"6,77",Monotributista / independiente,Secundario incompleto,Si,35 a 44,Aprobado
L-2025-2294,M,Almirante Brown,31,"7,55",Empleado en relación de dependencia,Universitario incompleto,Si,25 a 34,Aprobado
L-2025-2295,F,Lomas de Zamora,38,"6,05",Empleado en relación de dependencia,Terciario completo,Si,55 y más,Aprobado
L-2025-2296,F,La Matanza,35,"7,75",Monotributista / independiente,Secundario incompleto,Si,25 a 34,Aprobado
L-2025-2297,M,La Matanza,33,"9,01",Empleado en relación de dependencia,Secundario completo,Si,25 a 34,Destacado
L-2025-2298,F,Mar del Plata,16,"6,92",Ama de casa / tareas de cuidado,Terciario completo,Si,18 a 24,Aprobado
L-2025-2299,F,Mar del Plata,38,"8,21",Empleado en relación de dependencia,Primario completo,Si,45 a 54,Destacado
L-2025-2300,F,General San Martín,37,"8,44",Monotributista / independiente,Terciario en curso,Si,25 a 34,Aprobado
L-2025-2301,M,Mar del Plata,38,"8,36",Ama de casa / tareas de cuidado,Terciario en curso,Si,35 a 44,Aprobado
L-2025-2302,M,Lanús,35,"7,63",Empleo informal,Primario completo,Si,35 a 44,Aprobado
L-2025-2303,F,La Plata,37,"7,86",Monotributista / independiente,Universitario incompleto,No,25 a 34,Aprobado
L-2025-2304,F,Lanús,33,"7,40",Empleado en relación de dependencia,Secundario completo,Si,35 a 44,Aprobado
L-2025-2305,F,Lanús,34,"7,56",Empleado en relación de dependencia,Primario completo,Si,25 a 34,Aprobado
L-2025-2306,F,Mar del Plata,33,"5,96",Monotributista / independiente,Secundario incompleto,Si,35 a 44,Desaprobado
L-2025-2307,M,La Plata,37,"7,91",Desempleado,Secundario completo,Si,45 a 54,Aprobado
L-2025-2308,F,Quilmes,35,"6,93",Empleado en relación de dependencia,Secundario incompleto,Si,18 a 24,Aprobado
L-2025-2309,F,Lomas de Zamora,32,"9,00",Empleo informal,Terciario en curso,No,25 a 34,Aprobado
L-2025-2310,M,Almirante Brown,35,"8,25",Empleado en relación de dependencia,Secundario completo,Si,25 a 34,Aprobado
L-2025-2311,M,La Plata,16,"8,99",Ama de casa / tareas de cuidado,Secundario completo,Si,55 y más,Aprobado
L-2025-2312,F,Almirante Brown,35,"5,01",Desempleado,Secundario incompleto,Si,45 a 54,Desaprobado
L-2025-2313,F,La Matanza,33,"8,32",Ama de casa / tareas de cuidado,Sin escolaridad formal,Si,25 a 34,Aprobado
L-2025-2314,F,La Matanza,22,"5,57",Ama de casa / tareas de cuidado,Secundario incompleto,Si,35 a 44,Desaprobado
L-2025-2315,F,Lomas de Zamora,35,"9,55",Empleado en relación de dependencia,Terciario en curso,Si,25 a 34,Destacado
L-2025-2316,F,Quilmes,35,"9,20",Ama de casa / tareas de cuidado,Primario completo,Si,25 a 34,Destacado
L-2025-2317,M,Almirante Brown,33,"7,15",Empleado en relación de dependencia,Secundario incompleto,Si,45 a 54,Aprobado
L-2025-2318,F,Almirante Brown,34,"4,01",Desempleado,Secundario completo,No,55 y más,Desaprobado
L-2025-2319,F,Merlo,33,"5,43",No declara,Secundario completo,Si,18 a 24,Desaprobado
L-2025-2320,M,Almirante Brown,36,"4,88",Desempleado,Universitario completo,No,35 a 44,Desaprobado
L-2025-2321,M,Mar del Plata,36,"7,98",Monotributista / independiente,Secundario completo,Si,25 a 34,Aprobado
L-2025-2322,F,General San Martín,33,"6,43",Desempleado,Secundario completo,Si,35 a 44,Aprobado
L-2025-2323,M,La Matanza,32,"5,27",Empleado en relación de dependencia,Primario completo,Si,18 a 24,Desaprobado
L-2025-2324,F,La Matanza,37,"6,62",Ama de casa / tareas de cuidado,Secundario incompleto,Si,18 a 24,Aprobado
L-2025-2325,F,La Matanza,36,"8,17",Monotributista / independiente,Terciario en curso,Si,25 a 34,Aprobado
L-2025-2326,F,La Plata,35,"8,05",Empleado en relación de dependencia,Terciario en curso,Si,25 a 34,Aprobado
L-2025-2327,F,La Plata,38,"8,32",Trabajos esporádicos,Secundario incompleto,Si,45 a 54,Aprobado
L-2025-2328,M,Merlo,35,"9,04",Empleado en relación de dependencia,Secundario completo,Si,25 a 34,Destacado
L-2025-2329,M,Almirante Brown,16,"6,04",Trabajos esporádicos,Secundario completo,No,18 a 24,Aprobado
L-2025-2330,F,Lomas de Zamora,36,"5,23",Trabajos esporádicos,Primario completo,Si,45 a 54,Aprobado
L-2025-2331,F,Mar del Plata,22,"9,08",Empleado en relación de dependencia,Secundario completo,Si,25 a 34,Destacado
L-2025-2332,F,La Plata,34,"8,91",No declara,Terciario en curso,Si,25 a 34,Aprobado
L-2025-2333,F,La Matanza,37,"8,35",Empleo informal,Universitario incompleto,Si,25 a 34,Aprobado
L-2025-2334,M,Mar del Plata,37,"4,68",Empleo informal,Secundario incompleto,Si,55 y más,Desaprobado
L-2025-2335,M,Mar del Plata,38,"9,24",No declara,Primario completo,Si,25 a 34,Destacado
L-2025-2336,F,General San Martín,37,"5,58",Empleo informal,Secundario incompleto,Si,55 y más,Desaprobado
L-2025-2337,M,La Plata,34,"8,18",Empleo informal,Secundario completo,Si,25 a 34,Aprobado
L-2025-2338,M,La Plata,36,"6,30",Empleo informal,Secundario incompleto,No,18 a 24,Aprobado
L-2025-2339,F,Quilmes,15,"6,20",Empleado en relación de dependencia,Universitario incompleto,No,35 a 44,Aprobado
L-2025-2340,F,Lomas de Zamora,33,"4,69",Empleado en relación de dependencia,Terciario en curso,Si,25 a 34,Desaprobado
L-2025-2341,M,Almirante Brown,32,"5,83",Empleo informal,Secundario incompleto,No,18 a 24,Desaprobado
L-2025-2342,M,Avellaneda,39,"9,39",Desempleado,Terciario en curso,Si,25 a 34,Destacado
L-2025-2343,M,La Matanza,34,"4,77",Desempleado,Secundario incompleto,Si,55 y más,Desaprobado
L-2025-2344,F,Mar del Plata,34,"7,72",Ama de casa / tareas de cuidado,Terciario en curso,Si,18 a 24,Aprobado
L-2025-2345,F,Mar del Plata,33,"7,11",Empleado en relación de dependencia,Secundario completo,No,35 a 44,Aprobado
L-2025-2346,F,La Matanza,34,"7,10",Empleo informal,Primario completo,Si,25 a 34,Aprobado
L-2025-2347,M,General San Martín,35,"5,71",Empleo informal,Universitario incompleto,No,18 a 24,Desaprobado
L-2025-2348,M,La Matanza,39,"7,87",Empleo informal,Secundario completo,Si,45 a 54,Aprobado
L-2025-2349,M,La Matanza,34,"6,12",Desempleado,Universitario incompleto,Si,18 a 24,Aprobado
L-2025-2350,M,General San Martín,38,"8,17",No declara,Secundario incompleto,No,45 a 54,Aprobado
L-2025-2351,M,Mar del Plata,33,"4,31",Ama de casa / tareas de cuidado,Secundario completo,No,55 y más,Destacado
L-2025-2352,M,La Matanza,36,"6,51",Empleo informal,Sin escolaridad formal,No,18 a 24,Aprobado
L-2025-2353,F,La Matanza,32,"4,50",Ama de casa / tareas de cuidado,Terciario en curso,Si,35 a 44,Desaprobado
L-2025-2354,M,Lanús,32,"5,81",Monotributista / independiente,Universitario completo,Si,18 a 24,Desaprobado
L-2025-2355,F,La Plata,16,"4,19",Ama de casa / tareas de cuidado,Secundario incompleto,No,45 a 54,Desaprobado
L-2025-2356,M,Lomas de Zamora,22,"6,49",Ama de casa / tareas de cuidado,Primario completo,Si,25 a 34,Aprobado
L-2025-2357,F,Almirante Brown,34,"6,06",Empleo informal,Universitario completo,Si,25 a 34,Aprobado
L-2025-2358,M,General San Martín,35,"7,02",Empleo informal,Universitario incompleto,No,35 a 44,Aprobado
L-2025-2359,M,La Matanza,33,"9,25",Monotributista / independiente,Secundario completo,Si,45 a 54,Destacado
L-2025-2360,M,Lanús,33,"9,16",Monotributista / independiente,Secundario incompleto,No,25 a 34,Destacado
L-2025-2361,F,Quilmes,37,"10,00",Monotributista / independiente,Secundario completo,Si,45 a 54,Destacado
L-2025-2362,F,Lanús,34,"9,76",Empleo informal,Universitario incompleto,Si,45 a 54,Destacado
L-2025-2363,F,La Plata,21,"7,23",Empleado en relación de dependencia,Secundario incompleto,Si,35 a 44,Aprobado
L-2025-2364,M,La Plata,18,"8,48",Empleado en relación de dependencia,Secundario incompleto,Si,25 a 34,Aprobado
L-2025-2365,F,Avellaneda,34,"6,79",Ama de casa / tareas de cuidado,Secundario incompleto,Si,35 a 44,Aprobado
L-2025-2366,F,La Matanza,35,"8,30",Ama de casa / tareas de cuidado,Secundario incompleto,Si,45 a 54,Aprobado
L-2025-2367,M,General San Martín,35,"6,56",Ama de casa / tareas de cuidado,Universitario incompleto,Si,18 a 24,Aprobado
L-2025-2368,F,La Matanza,37,"4,42",Empleado en relación de dependencia,Secundario incompleto,Si,35 a 44,Desaprobado
L-2025-2369,M,Lomas de Zamora,35,"5,15",Empleo informal,Primario incompleto,Si,35 a 44,Desaprobado
L-2025-2370,M,Avellaneda,37,"4,15",Empleado en relación de dependencia,Secundario completo,Si,25 a 34,Destacado
L-2025-2371,F,Mar del Plata,35,"6,64",Ama de casa / tareas de cuidado,Universitario completo,Si,18 a 24,Aprobado
L-2025-2372,F,La Plata,35,"2,69",Ama de casa / tareas de cuidado,Secundario completo,Si,55 y más,Desaprobado
L-2025-2373,M,General San Martín,33,"7,00",Monotributista / independiente,Secundario incompleto,Si,55 y más,Aprobado
L-2025-2374,M,La Plata,31,"7,52",Monotributista / independiente,Primario completo,No,35 a 44,Aprobado
L-2025-2375,M,Quilmes,35,"5,16",Empleado en relación de dependencia,Secundario incompleto,No,55 y más,Desaprobado
L-2025-2376,F,Merlo,34,"5,97",Ama de casa / tareas de cuidado,Secundario incompleto,Si,55 y más,Desaprobado
L-2025-2377,F,Almirante Brown,33,"7,11",Empleo informal,Secundario completo,Si,25 a 34,Aprobado
L-2025-2378,M,La Matanza,31,"7,03",Empleado en relación de dependencia,Terciario en curso,No,45 a 54,Aprobado
L-2025-2379,M,Mar del Plata,34,"8,42",Ama de casa / tareas de cuidado,Terciario en curso,No,45 a 54,Aprobado
L-2025-2380,F,La Matanza,33,"7,47",Monotributista / independiente,Secundario completo,Si,25 a 34,Aprobado
L-2025-2381,F,Quilmes,37,"8,18",Monotributista / independiente,Secundario completo,Si,25 a 34,Aprobado
L-2025-2382,F,La Matanza,33,"9,28",Empleado en relación de dependencia,Secundario completo,Si,25 a 34,Destacado
L-2025-2383,F,La Matanza,35,"7,14",Monotributista / independiente,Secundario completo,Si,18 a 24,Aprobado
L-2025-2384,F,La Matanza,35,"7,87",Monotributista / independiente,Secundario incompleto,Si,45 a 54,Aprobado
L-2025-2385,F,Quilmes,21,"3,23",Ama de casa / tareas de cuidado,Sin escolaridad formal,Si,55 y más,Desaprobado
L-2025-2386,F,Lanús,31,"7,16",Ama de casa / tareas de cuidado,Secundario completo,No,18 a 24,Aprobado
L-2025-2387,F,Lomas de Zamora,35,"5,19",Ama de casa / tareas de cuidado,Secundario completo,Si,18 a 24,Desaprobado
L-2025-2388,M,Quilmes,35,"8,40",Empleo informal,Secundario completo,Si,45 a 54,Aprobado
L-2025-2389,M,La Matanza,23,"4,33",Ama de casa / tareas de cuidado,Secundario completo,Si,25 a 34,Destacado
L-2025-2390,F,General San Martín,34,"10,00",Monotributista / independiente,Secundario incompleto,Si,25 a 34,Destacado
L-2025-2391,M,La Plata,35,"7,35",Desempleado,Secundario completo,Si,25 a 34,Aprobado
L-2025-2392,M,Lomas de Zamora,35,"6,69",Ama de casa / tareas de cuidado,Secundario completo,Si,35 a 44,Aprobado
L-2025-2393,F,La Matanza,36,"5,30",Ama de casa / tareas de cuidado,Universitario incompleto,No,35 a 44,Desaprobado
L-2025-2394,F,Quilmes,35,"8,95",Monotributista / independiente,Secundario incompleto,Si,25 a 34,Aprobado
L-2025-2395,F,Almirante Brown,34,"6,69",Monotributista / independiente,Sin escolaridad formal,Si,55 y más,Aprobado
L-2025-2396,M,La Plata,20,"5,47",Ama de casa / tareas de cuidado,Secundario completo,No,55 y más,Desaprobado
L-2025-2397,M,La Plata,31,"8,51",Empleado en relación de dependencia,Terciario completo,Si,25 a 34,Aprobado
L-2025-2398,F,La Matanza,32,"7,79",Trabajos esporádicos,Secundario completo,Si,55 y más,Aprobado
L-2025-2399,F,La Plata,35,"5,23",Empleo informal,Primario completo,Si,25 a 34,Aprobado
L-2025-2400,F,La Matanza,39,"6,78",Monotributista / independiente,Primario incompleto,Si,35 a 44,Aprobado
L-2025-2401,F,Quilmes,20,"8,11",Ama de casa / tareas de cuidado,Secundario completo,Si,25 a 34,Aprobado
L-2025-2402,M,La Matanza,33,"6,17",Empleado en relación de dependencia,Secundario completo,No,35 a 44,Aprobado
L-2025-2403,M,General San Martín,34,"5,35",Ama de casa / tareas de cuidado,Secundario incompleto,Si,55 y más,Desaprobado
L-2025-2404,M,Quilmes,33,"8,52",Empleo informal,Secundario incompleto,Si,45 a 54,Aprobado
L-2025-2405,M,La Plata,33,"8,60",Monotributista / independiente,Secundario completo,No,25 a 34,Aprobado
L-2025-2406,F,La Plata,34,"6,25",Empleo informal,Secundario completo,Si,55 y más,Aprobado
L-2025-2407,M,La Matanza,33,"6,58",Ama de casa / tareas de cuidado,Primario incompleto,Si,55 y más,Aprobado
L-2025-2408,F,General San Martín,39,"5,27",Desempleado,Secundario incompleto,No,35 a 44,Desaprobado
L-2025-2409,M,Avellaneda,15,"7,61",Ama de casa / tareas de cuidado,Secundario completo,Si,25 a 34,Aprobado
L-2025-2410,F,Almirante Brown,39,"7,07",Monotributista / independiente,Secundario incompleto,Si,45 a 54,Aprobado
L-2025-2411,F,La Plata,32,"7,14",Empleo informal,Secundario completo,Si,25 a 34,Aprobado
L-2025-2412,M,Mar del Plata,36,"3,58",Desempleado,Secundario incompleto,Si,55 y más,Desaprobado
L-2025-2413,M,Quilmes,37,"8,31",Monotributista / independiente,Terciario en curso,Si,45 a 54,Aprobado
L-2025-2414,M,Lanús,36,"9,30",Trabajos esporádicos,Primario completo,Si,25 a 34,Destacado
L-2025-2415,F,La Plata,33,"6,71",Desempleado,Secundario incompleto,No,25 a 34,Aprobado
L-2025-2416,F,Lomas de Zamora,20,"7,28",Empleado en relación de dependencia,Secundario incompleto,No,25 a 34,Aprobado
L-2025-2417,F,La Matanza,33,"5,53",Desempleado,Secundario completo,Si,18 a 24,Desaprobado
L-2025-2418,M,Lomas de Zamora,35,"5,30",Empleado en relación de dependencia,Sin escolaridad formal,Si,18 a 24,Desaprobado
L-2025-2419,M,General San Martín,20,"5,00",Ama de casa / tareas de cuidado,Universitario completo,Si,55 y más,Desaprobado
L-2025-2420,F,La Matanza,34,"5,32",Ama de casa / tareas de cuidado,Primario completo,Si,45 a 54,Aprobado
L-2025-2421,F,La Matanza,33,"7,24",Empleado en relación de dependencia,Secundario completo,Si,45 a 54,Aprobado
L-2025-2422,F,Quilmes,35,"8,34",Empleado en relación de dependencia,Secundario incompleto,Si,25 a 34,Aprobado
L-2025-2423,M,La Matanza,32,"5,56",Empleado en relación de dependencia,Terciario completo,Si,18 a 24,Desaprobado
L-2025-2424,F,La Plata,36,"9,42",Empleado en relación de dependencia,Terciario completo,Si,25 a 34,Destacado
L-2025-2425,F,Almirante Brown,38,"4,09",Empleado en relación de dependencia,Secundario completo,Si,55 y más,Desaprobado
L-2025-2426,M,Quilmes,32,"7,95",Trabajos esporádicos,Primario completo,Si,25 a 34,Aprobado
L-2025-2427,M,Quilmes,35,"8,71",Desempleado,Universitario completo,No,25 a 34,Aprobado
L-2025-2428,F,La Matanza,34,"5,02",Empleo informal,Secundario completo,Si,35 a 44,Desaprobado
L-2025-2429,F,Quilmes,32,"7,10",No declara,Secundario completo,Si,25 a 34,Aprobado
L-2025-2430,M,La Matanza,22,"8,23",Empleado en relación de dependencia,Universitario incompleto,Si,25 a 34,Aprobado
L-2025-2431,F,La Plata,36,"9,53",Desempleado,Secundario completo,Si,25 a 34,Destacado
L-2025-2432,F,Almirante Brown,37,"8,02",Desempleado,Secundario incompleto,Si,25 a 34,Aprobado
L-2025-2433,M,Quilmes,22,"7,16",Empleado en relación de dependencia,Terciario en curso,Si,18 a 24,Aprobado
L-2025-2434,F,La Plata,36,"7,91",Trabajos esporádicos,Secundario completo,Si,25 a 34,Aprobado
L-2025-2435,F,Avellaneda,36,"8,07",Empleado en relación de dependencia,Secundario completo,No,25 a 34,Aprobado
L-2025-2436,F,Avellaneda,32,"6,28",Ama de casa / tareas de cuidado,Terciario en curso,Si,18 a 24,Aprobado
L-2025-2437,F,La Matanza,33,"7,42",Monotributista / independiente,Secundario incompleto,No,25 a 34,Aprobado
L-2025-2438,M,Almirante Brown,30,"7,89",Empleado en relación de dependencia,Secundario incompleto,Si,25 a 34,Aprobado
L-2025-2439,M,Mar del Plata,16,"7,63",Empleado en relación de dependencia,Universitario incompleto,Si,18 a 24,Aprobado
L-2025-2440,M,La Matanza,35,"9,09",Empleado en relación de dependencia,Universitario incompleto,No,25 a 34,Destacado
L-2025-2441,F,La Matanza,35,"9,27",Monotributista / independiente,Universitario incompleto,Si,25 a 34,Destacado
L-2025-2442,M,Almirante Brown,20,"4,24",Empleado en relación de dependencia,Secundario incompleto,No,35 a 44,Desaprobado
L-2025-2443,F,Mar del Plata,18,"7,77",Empleado en relación de dependencia,Universitario completo,Si,25 a 34,Aprobado
L-2025-2444,M,Almirante Brown,34,"8,72",Empleado en relación de dependencia,Secundario completo,Si,25 a 34,Aprobado
L-2025-2445,M,Lanús,33,"7,23",Empleo informal,Secundario completo,Si,45 a 54,Aprobado
L-2025-2446,F,La Matanza,35,"7,87",Ama de casa / tareas de cuidado,Secundario completo,Si,25 a 34,Aprobado
L-2025-2447,M,Mar del Plata,38,"6,55",Ama de casa / tareas de cuidado,Primario completo,Si,55 y más,Aprobado
L-2025-2448,M,Lomas de Zamora,15,"8,34",Empleado en relación de dependencia,Universitario incompleto,No,45 a 54,Aprobado
L-2025-2449,M,Lomas de Zamora,37,"7,74",Empleo informal,Secundario incompleto,Si,25 a 34,Aprobado
L-2025-2450,M,Almirante Brown,21,"7,80",Empleado en relación de dependencia,Secundario incompleto,Si,25 a 34,Aprobado
L-2025-2451,M,General San Martín,36,"7,27",Empleo informal,Universitario completo,No,35 a 44,Aprobado
L-2025-2452,M,Mar del Plata,38,"5,18",Empleo informal,Primario incompleto,Si,35 a 44,Desaprobado
L-2025-2453,M,La Matanza,21,"10,00",Empleado en relación de dependencia,Terciario en curso,No,18 a 24,Destacado
L-2025-2454,F,Mar del Plata,35,"7,53",Empleo informal,Secundario completo,Si,25 a 34,Aprobado
L-2025-2455,M,Quilmes,36,"5,95",Ama de casa / tareas de cuidado,Secundario incompleto,Si,18 a 24,Desaprobado
L-2025-2456,M,Mar del Plata,38,"4,16",Empleado en relación de dependencia,Secundario completo,Si,35 a 44,Desaprobado
L-2025-2457,F,La Plata,32,"4,23",Empleado en relación de dependencia,Secundario incompleto,No,45 a 54,Destacado
L-2025-2458,M,Almirante Brown,34,"7,82",Desempleado,Terciario completo,Si,25 a 34,Aprobado
L-2025-2459,F,Lomas de Zamora,38,"10,00",Empleado en relación de dependencia,Secundario incompleto,Si,45 a 54,Destacado
L-2025-2460,M,Lomas de Zamora,35,"5,44",Monotributista / independiente,Primario completo,Si,35 a 44,Aprobado
L-2025-2461,M,La Matanza,33,"5,57",Monotributista / independiente,Secundario incompleto,Si,35 a 44,Desaprobado
L-2025-2462,F,La Plata,32,"8,55",Empleado en relación de dependencia,Universitario incompleto,Si,45 a 54,Aprobado
L-2025-2463,M,La Plata,15,"8,21",Empleado en relación de dependencia,Secundario completo,Si,25 a 34,Aprobado
L-2025-2464,F,General San Martín,33,"8,16",Ama de casa / tareas de cuidado,Universitario completo,Si,25 a 34,Aprobado
L-2025-2465,F,La Matanza,34,"6,99",Empleado en relación de dependencia,Secundario completo,Si,35 a 44,Aprobado
L-2025-2466,F,La Matanza,35,"8,82",Empleado en relación de dependencia,Secundario completo,Si,25 a 34,Aprobado
L-2025-2467,M,Quilmes,16,"8,79",Ama de casa / tareas de cuidado,Secundario completo,No,45 a 54,Aprobado
L-2025-2468,F,Avellaneda,33,"6,04",Empleado en relación de dependencia,Secundario completo,Si,35 a 44,Aprobado
L-2025-2469,F,Avellaneda,36,"9,12",Empleo informal,Terciario en curso,Si,45 a 54,Destacado
L-2025-2470,F,Merlo,20,"8,37",Empleado en relación de dependencia,Primario completo,Si,45 a 54,Destacado
L-2025-2471,F,Quilmes,31,"4,46",Monotributista / independiente,Secundario incompleto,No,35 a 44,Desaprobado
L-2025-2472,M,Quilmes,35,"8,74",Empleado en relación de dependencia,Universitario incompleto,Si,45 a 54,Aprobado
L-2025-2473,M,Mar del Plata,35,"4,62",Desempleado,Terciario en curso,Si,18 a 24,Desaprobado
L-2025-2474,M,La Matanza,35,"7,06",Empleado en relación de dependencia,Secundario completo,Si,35 a 44,Aprobado
L-2025-2475,M,Mar del Plata,38,"9,04",Ama de casa / tareas de cuidado,Terciario completo,Si,45 a 54,Destacado
L-2025-2476,M,Quilmes,36,"5,46",Trabajos esporádicos,Terciario completo,Si,35 a 44,Desaprobado
L-2025-2477,F,Avellaneda,21,"6,49",Empleado en relación de dependencia,Sin escolaridad formal,No,25 a 34,Aprobado
L-2025-2478,M,La Matanza,36,"6,32",Monotributista / independiente,Secundario completo,Si,35 a 44,Aprobado
L-2025-2479,F,La Matanza,35,"3,11",Empleo informal,Secundario incompleto,No,55 y más,Desaprobado
L-2025-2480,F,La Plata,22,"6,35",Empleado en relación de dependencia,Terciario en curso,Si,25 a 34,Aprobado
L-2025-2481,F,Mar del Plata,34,"6,67",Desempleado,Primario completo,Si,18 a 24,Aprobado
L-2025-2482,M,Merlo,35,"8,93",Monotributista / independiente,Secundario incompleto,No,45 a 54,Aprobado
L-2025-2483,F,La Matanza,38,"7,90",Empleado en relación de dependencia,Primario completo,Si,25 a 34,Aprobado
L-2025-2484,F,Almirante Brown,38,"8,54",Empleo informal,Secundario incompleto,Si,45 a 54,Aprobado
L-2025-2485,M,Quilmes,21,"4,16",Empleado en relación de dependencia,Secundario completo,Si,25 a 34,Destacado
L-2025-2486,M,General San Martín,38,"5,70",Empleo informal,Terciario en curso,Si,35 a 44,Desaprobado
L-2025-2487,F,Lanús,36,"6,34",Empleo informal,Secundario incompleto,Si,35 a 44,Aprobado
L-2025-2488,F,Merlo,35,"7,79",Desempleado,Universitario incompleto,No,25 a 34,Aprobado
L-2025-2489,M,Almirante Brown,17,"10,00",Empleado en relación de dependencia,Secundario completo,Si,25 a 34,Destacado
L-2025-2490,M,La Matanza,34,"6,51",Trabajos esporádicos,Secundario completo,Si,18 a 24,Aprobado
L-2025-2491,F,Lomas de Zamora,38,"9,58",Ama de casa / tareas de cuidado,Terciario completo,Si,45 a 54,Destacado
L-2025-2492,M,General San Martín,33,"8,15",Ama de casa / tareas de cuidado,Secundario completo,Si,25 a 34,Aprobado
L-2025-2493,M,La Matanza,34,"7,75",Empleo informal,Secundario completo,Si,25 a 34,Aprobado
L-2025-2494,F,Quilmes,38,"6,06",Ama de casa / tareas de cuidado,Universitario incompleto,Si,55 y más,Aprobado
L-2025-2495,F,Mar del Plata,34,"4,27",Monotributista / independiente,Sin escolaridad formal,No,25 a 34,Aprobado
L-2025-2496,F,Lomas de Zamora,38,"8,41",Empleo informal,Secundario incompleto,Si,25 a 34,Aprobado
L-2025-2497,F,La Plata,32,"5,38",Empleado en relación de dependencia,Terciario en curso,Si,35 a 44,Desaprobado
L-2025-2498,M,La Plata,35,"8,34",Desempleado,Secundario completo,Si,45 a 54,Aprobado
L-2025-2499,M,Merlo,23,"4,17",Empleado en relación de dependencia,Secundario completo,Si,45 a 54,Destacado
L-2025-2500,F,Merlo,38,"8,33",Monotributista / independiente,Secundario incompleto,Si,45 a 54,Aprobado
L-2025-2501,M,Almirante Brown,34,"6,86",Empleado en relación de dependencia,Terciario completo,No,18 a 24,Aprobado
L-2025-2502,M,La Matanza,38,"7,09",Empleado en relación de dependencia,Secundario incompleto,Si,25 a 34,Aprobado
L-2025-2503,F,General San Martín,34,"7,32",No declara,Secundario incompleto,Si,25 a 34,Aprobado
L-2025-2504,F,Lomas de Zamora,34,"7,71",Monotributista / independiente,Secundario incompleto,Si,25 a 34,Aprobado
L-2025-2505,M,Quilmes,33,"9,22",Empleo informal,Terciario en curso,Si,25 a 34,Destacado
L-2025-2506,M,Mar del Plata,35,"4,97",Empleo informal,Secundario completo,Si,35 a 44,Desaprobado
L-2025-2507,M,La Matanza,35,"6,55",Empleo informal,Terciario completo,No,25 a 34,Aprobado
L-2025-2508,M,General San Martín,32,"8,27",Monotributista / independiente,Secundario completo,Si,18 a 24,Aprobado
L-2025-2509,M,Quilmes,36,"5,10",Empleo informal,Secundario incompleto,Si,18 a 24,Desaprobado
L-2025-2510,M,General San Martín,36,"6,29",Empleo informal,Secundario completo,Si,25 a 34,Aprobado
L-2025-2511,M,La Matanza,34,"5,20",Monotributista / independiente,Secundario completo,No,55 y más,Desaprobado
L-2025-2512,F,Avellaneda,34,"8,66",Ama de casa / tareas de cuidado,Universitario incompleto,Si,25 a 34,Aprobado
L-2025-2513,M,La Matanza,38,"6,89",Empleado en relación de dependencia,Primario incompleto,No,25 a 34,Aprobado
L-2025-2514,M,Quilmes,18,"9,34",Ama de casa / tareas de cuidado,Secundario completo,Si,45 a 54,Destacado
L-2025-2515,F,Mar del Plata,37,"7,02",Desempleado,Universitario incompleto,No,25 a 34,Aprobado
L-2025-2516,M,Avellaneda,16,"5,25",Ama de casa / tareas de cuidado,Secundario incompleto,Si,35 a 44,Desaprobado
L-2025-2517,F,Almirante Brown,34,"4,02",Empleado en relación de dependencia,Universitario completo,Si,35 a 44,Desaprobado
L-2025-2518,F,Mar del Plata,36,,Empleo informal,Terciario completo,No,25 a 34,Destacado
L-2025-2519,F,La Plata,33,"6,52",Empleo informal,Sin escolaridad formal,Si,55 y más,Aprobado
L-2025-2520,M,La Matanza,33,"9,29",Ama de casa / tareas de cuidado,Terciario en curso,Si,45 a 54,Destacado
L-2025-2521,F,Quilmes,18,"8,16",Empleado en relación de dependencia,Primario completo,Si,45 a 54,Aprobado
L-2025-2522,M,Almirante Brown,33,"7,91",Ama de casa / tareas de cuidado,Universitario incompleto,Si,45 a 54,Aprobado
L-2025-2523,M,Almirante Brown,20,"5,45",Ama de casa / tareas de cuidado,Secundario incompleto,Si,35 a 44,Desaprobado
L-2025-2524,F,La Matanza,15,"6,17",Ama de casa / tareas de cuidado,Secundario completo,Si,18 a 24,Aprobado
L-2025-2525,M,La Matanza,32,"7,73",Monotributista / independiente,Secundario incompleto,Si,45 a 54,Aprobado
L-2025-2526,F,La Matanza,32,"9,37",Desempleado,Secundario completo,Si,45 a 54,Destacado
L-2025-2527,F,Lanús,32,"8,99",Empleado en relación de dependencia,Secundario completo,Si,25 a 34,Aprobado
L-2025-2528,M,General San Martín,35,"8,72",Ama de casa / tareas de cuidado,Secundario completo,No,45 a 54,Aprobado
L-2025-2529,M,La Matanza,36,"6,60",Desempleado,Primario completo,Si,25 a 34,Aprobado
L-2025-2530,F,La Plata,36,"7,58",Desempleado,Universitario incompleto,Si,18 a 24,Aprobado
L-2025-2531,F,Lomas de Zamora,34,"8,47",Empleado en relación de dependencia,Secundario incompleto,Si,45 a 54,Aprobado
L-2025-2532,F,La Plata,20,"4,66",Empleado en relación de dependencia,Secundario completo,Si,35 a 44,Desaprobado
L-2025-2533,M,Lomas de Zamora,35,"4,11",Desempleado,Secundario completo,Si,55 y más,Desaprobado
L-2025-2534,F,Mar del Plata,36,"8,78",Empleo informal,Secundario incompleto,Si,35 a 44,Aprobado
L-2025-2535,M,Almirante Brown,36,"6,00",Desempleado,Secundario incompleto,No,35 a 44,Aprobado
L-2025-2536,F,Almirante Brown,38,"7,14",Empleado en relación de dependencia,Secundario completo,Si,55 y más,Aprobado
L-2025-2537,M,La Plata,35,"8,06",Ama de casa / tareas de cuidado,Secundario completo,Si,25 a 34,Aprobado
L-2025-2538,F,La Matanza,33,"8,36",Empleado en relación de dependencia,Secundario completo,Si,25 a 34,Aprobado
L-2025-2539,M,La Plata,34,"4,43",Monotributista / independiente,Sin escolaridad formal,No,25 a 34,Aprobado
L-2025-2540,M,La Plata,15,"7,54",Empleado en relación de dependencia,Secundario completo,Si,45 a 54,Aprobado
L-2025-2541,F,Mar del Plata,34,"6,92",Empleado en relación de dependencia,Secundario completo,Si,55 y más,Aprobado
L-2025-2542,F,La Matanza,36,"5,26",Empleado en relación de dependencia,Secundario completo,Si,35 a 44,Desaprobado
L-2025-2543,F,Lomas de Zamora,34,"7,30",Empleado en relación de dependencia,Secundario incompleto,Si,45 a 54,Aprobado
L-2025-2544,F,Almirante Brown,38,"8,76",Ama de casa / tareas de cuidado,Universitario incompleto,No,25 a 34,Aprobado
L-2025-2545,M,La Matanza,35,"6,15",Monotributista / independiente,Universitario incompleto,Si,18 a 24,Aprobado
L-2025-2546,F,Avellaneda,34,"9,24",Empleado en relación de dependencia,Universitario incompleto,Si,55 y más,Destacado
L-2025-2547,F,Almirante Brown,33,"7,85",Empleado en relación de dependencia,Secundario completo,Si,45 a 54,Aprobado
L-2025-2548,M,Lomas de Zamora,36,"9,39",Empleo informal,Secundario completo,Si,45 a 54,Destacado
L-2025-2549,M,Almirante Brown,15,"6,15",Empleado en relación de dependencia,Primario incompleto,No,35 a 44,Aprobado
L-2025-2550,F,La Matanza,38,"8,94",Desempleado,Secundario completo,Si,45 a 54,Aprobado
L-2025-2551,M,General San Martín,18,"5,34",Empleado en relación de dependencia,Secundario incompleto,Si,35 a 44,Desaprobado
L-2025-2552,F,Lomas de Zamora,32,"5,27",Monotributista / independiente,Secundario completo,No,35 a 44,Desaprobado
L-2025-2553,F,La Matanza,36,"8,67",Monotributista / independiente,Universitario incompleto,Si,25 a 34,Aprobado
L-2025-2554,M,Almirante Brown,33,"5,23",Empleo informal,Primario completo,Si,18 a 24,Desaprobado
L-2025-2555,M,Lanús,35,"8,99",Empleo informal,Secundario completo,Si,25 a 34,Aprobado
L-2025-2556,F,Mar del Plata,35,"8,96",No declara,Secundario completo,Si,25 a 34,Aprobado
L-2025-2557,F,Lomas de Zamora,33,"9,56",Desempleado,Secundario completo,Si,25 a 34,Destacado
L-2025-2558,M,La Matanza,34,"7,99",Empleado en relación de dependencia,Universitario incompleto,Si,25 a 34,Aprobado
L-2025-2559,M,Mar del Plata,36,"7,47",Ama de casa / tareas de cuidado,Primario completo,Si,25 a 34,Aprobado
L-2025-2560,F,Mar del Plata,35,"10,00",Monotributista / independiente,Secundario completo,Si,25 a 34,Destacado
L-2025-2561,F,La Matanza,33,"4,35",Desempleado,Primario completo,No,35 a 44,Desaprobado
L-2025-2562,F,Mar del Plata,21,"4,29",Ama de casa / tareas de cuidado,Secundario completo,Si,25 a 34,Destacado
L-2025-2563,M,Almirante Brown,31,"6,55",Empleo informal,Sin escolaridad formal,No,45 a 54,Aprobado
L-2025-2564,F,Mar del Plata,34,"4,11",Desempleado,Secundario completo,No,55 y más,Desaprobado
L-2025-2565,F,General San Martín,33,"6,23",Ama de casa / tareas de cuidado,Secundario completo,No,35 a 44,Aprobado
L-2025-2566,F,Avellaneda,33,"5,69",Desempleado,Universitario incompleto,No,55 y más,Desaprobado
L-2025-2567,F,Merlo,34,"7,02",Empleado en relación de dependencia,Primario completo,Si,25 a 34,Aprobado
L-2025-2568,M,La Matanza,34,"5,34",Trabajos esporádicos,Terciario completo,No,55 y más,Desaprobado
L-2025-2569,M,La Matanza,36,"8,85",Empleo informal,Secundario completo,Si,25 a 34,Aprobado
L-2025-2570,F,La Plata,21,"8,26",Empleado en relación de dependencia,Terciario en curso,Si,25 a 34,Aprobado
L-2025-2571,F,Mar del Plata,32,"5,95",Desempleado,Secundario completo,Si,45 a 54,Desaprobado
L-2025-2572,M,General San Martín,36,"7,49",Desempleado,Secundario completo,Si,35 a 44,Aprobado
L-2025-2573,F,Avellaneda,36,"5,40",Empleado en relación de dependencia,Primario incompleto,No,45 a 54,Desaprobado
L-2025-2574,F,La Matanza,33,"5,12",No declara,Secundario incompleto,Si,35 a 44,Desaprobado
L-2025-2575,F,Mar del Plata,34,"8,48",Desempleado,Secundario completo,Si,25 a 34,Aprobado
L-2025-2576,M,La Plata,38,"5,43",Ama de casa / tareas de cuidado,Primario completo,Si,25 a 34,Aprobado
L-2025-2577,F,Merlo,36,"5,29",Ama de casa / tareas de cuidado,Sin escolaridad formal,No,18 a 24,Desaprobado
L-2025-2578,M,Mar del Plata,17,"8,81",Empleado en relación de dependencia,Primario completo,Si,45 a 54,Aprobado
L-2025-2579,F,La Matanza,38,"10,00",Desempleado,Secundario completo,No,45 a 54,Destacado
L-2025-2580,M,Lomas de Zamora,34,"7,45",Ama de casa / tareas de cuidado,Secundario incompleto,Si,25 a 34,Aprobado
L-2025-2581,F,Avellaneda,15,"8,11",Empleado en relación de dependencia,Secundario completo,Si,25 a 34,Aprobado
L-2025-2582,F,Avellaneda,33,"5,50",Empleado en relación de dependencia,Universitario incompleto,Si,35 a 44,Desaprobado
L-2025-2583,M,Quilmes,36,"5,70",Empleo informal,Secundario completo,Si,55 y más,Desaprobado
L-2025-2584,F,La Matanza,33,"7,04",Monotributista / independiente,Terciario en curso,No,18 a 24,Aprobado
L-2025-2585,F,Avellaneda,38,"6,58",Empleado en relación de dependencia,Secundario completo,Si,18 a 24,Aprobado
L-2025-2586,M,Mar del Plata,34,"10,00",Monotributista / independiente,Secundario completo,Si,25 a 34,Destacado
L-2025-2587,F,La Matanza,34,"9,03",Empleado en relación de dependencia,Secundario incompleto,Si,25 a 34,Destacado
L-2025-2588,M,Quilmes,34,"4,63",Desempleado,Secundario incompleto,Si,18 a 24,Desaprobado
L-2025-2589,F,La Plata,36,"9,07",Empleado en relación de dependencia,Secundario incompleto,Si,25 a 34,Destacado
L-2025-2590,M,La Plata,33,"5,06",Monotributista / independiente,Terciario completo,No,35 a 44,Desaprobado
L-2025-2591,M,Avellaneda,32,"4,44",Monotributista / independiente,Secundario completo,Si,18 a 24,Destacado
L-2025-2592,F,La Plata,37,"8,27",Monotributista / independiente,Secundario incompleto,No,35 a 44,Aprobado
L-2025-2593,M,General San Martín,34,"7,20",Empleo informal,Secundario incompleto,No,35 a 44,Aprobado
L-2025-2594,M,Lomas de Zamora,38,"9,58",Empleado en relación de dependencia,Secundario completo,No,45 a 54,Destacado
L-2025-2595,M,La Matanza,36,"4,44",Empleado en relación de dependencia,Secundario completo,No,25 a 34,Desaprobado
L-2025-2596,F,La Matanza,18,"4,46",Empleado en relación de dependencia,Sin escolaridad formal,Si,45 a 54,Destacado
L-2025-2597,F,La Plata,21,"6,17",Ama de casa / tareas de cuidado,Secundario completo,Si,18 a 24,Aprobado
L-2025-2598,M,Lomas de Zamora,33,"6,68",Desempleado,Secundario completo,Si,18 a 24,Aprobado
L-2025-2599,F,Lomas de Zamora,35,"8,76",Ama de casa / tareas de cuidado,Secundario completo,Si,45 a 54,Aprobado
L-2025-2600,F,La Matanza,31,"5,72",Empleado en relación de dependencia,Universitario completo,Si,35 a 44,Desaprobado
L-2025-2601,M,Avellaneda,34,"5,54",Empleado en relación de dependencia,Secundario incompleto,Si,35 a 44,Desaprobado
L-2025-2602,M,La Plata,21,"8,42",Empleado en relación de dependencia,Secundario completo,Si,25 a 34,Aprobado
L-2025-2603,F,La Matanza,39,"7,98",Monotributista / independiente,Secundario completo,Si,25 a 34,Aprobado
L-2025-2604,F,Merlo,36,"7,22",Empleo informal,Secundario completo,No,35 a 44,Aprobado
L-2025-2605,F,General San Martín,35,"8,41",Empleado en relación de dependencia,Terciario en curso,Si,55 y más,Aprobado
L-2025-2606,F,La Matanza,36,"7,88",Ama de casa / tareas de cuidado,Terciario en curso,No,45 a 54,Aprobado
L-2025-2607,F,La Plata,34,"9,30",Empleado en relación de dependencia,Universitario completo,Si,25 a 34,Destacado
L-2025-2608,F,Quilmes,35,"6,87",Empleado en relación de dependencia,Sin escolaridad formal,Si,55 y más,Aprobado
L-2025-2609,M,La Matanza,33,"6,44",Empleado en relación de dependencia,Terciario en curso,No,35 a 44,Aprobado
L-2025-2610,M,Merlo,21,"6,75",Empleado en relación de dependencia,Universitario incompleto,Si,18 a 24,Aprobado
L-2025-2611,M,Mar del Plata,34,"8,05",Empleo informal,Primario completo,Si,25 a 34,Aprobado
L-2025-2612,M,Lanús,35,"6,82",Empleado en relación de dependencia,Secundario incompleto,Si,35 a 44,Aprobado
L-2025-2613,F,Quilmes,35,"5,78",Monotributista / independiente,Terciario en curso,No,25 a 34,Desaprobado
L-2025-2614,M,La Plata,39,"4,58",Monotributista / independiente,Secundario incompleto,No,55 y más,Desaprobado
L-2025-2615,F,Quilmes,20,"6,24",Ama de casa / tareas de cuidado,Secundario completo,Si,35 a 44,Aprobado
L-2025-2616,M,La Matanza,33,"7,53",Empleado en relación de dependencia,Secundario incompleto,Si,45 a 54,Aprobado
L-2025-2617,M,Almirante Brown,34,"9,45",Desempleado,Secundario completo,Si,25 a 34,Destacado
L-2025-2618,F,La Matanza,34,"5,45",Empleado en relación de dependencia,Secundario completo,No,55 y más,Desaprobado
L-2025-2619,F,La Plata,34,"10,00",Monotributista / independiente,Secundario incompleto,No,25 a 34,Destacado
L-2025-2620,M,General San Martín,35,"5,64",Empleo informal,Terciario en curso,Si,35 a 44,Desaprobado
L-2025-2621,F,La Plata,36,"7,29",Monotributista / independiente,Terciario completo,Si,18 a 24,Aprobado
L-2025-2622,F,Avellaneda,30,"6,94",Ama de casa / tareas de cuidado,Primario incompleto,Si,45 a 54,Aprobado
L-2025-2623,M,Lomas de Zamora,36,"6,75",Desempleado,Secundario completo,Si,25 a 34,Aprobado
L-2025-2624,M,General San Martín,38,"10,00",Monotributista / independiente,Secundario completo,No,25 a 34,Destacado
L-2025-2625,M,Lomas de Zamora,33,"5,92",Desempleado,Secundario completo,Si,35 a 44,Desaprobado
L-2025-2626,M,Almirante Brown,35,"6,25",Empleado en relación de dependencia,Secundario incompleto,Si,18 a 24,Aprobado
L-2025-2627,M,Quilmes,36,"8,45",No declara,Secundario completo,No,25 a 34,Aprobado
L-2025-2628,F,Avellaneda,33,"6,25",Ama de casa / tareas de cuidado,Secundario completo,Si,55 y más,Aprobado
L-2025-2629,M,Lomas de Zamora,37,"5,17",Monotributista / independiente,Secundario completo,Si,55 y más,Desaprobado
L-2025-2630,F,La Matanza,36,"7,78",Desempleado,Secundario incompleto,Si,35 a 44,Aprobado
L-2025-2631,M,La Matanza,32,"9,22",Desempleado,Universitario incompleto,Si,45 a 54,Destacado
L-2025-2632,M,La Matanza,36,"9,56",Ama de casa / tareas de cuidado,Universitario incompleto,No,25 a 34,Destacado
L-2025-2633,M,La Matanza,36,"6,87",Monotributista / independiente,Primario completo,Si,25 a 34,Aprobado
L-2025-2634,M,La Plata,20,"7,15",Empleado en relación de dependencia,Primario incompleto,Si,18 a 24,Aprobado
L-2025-2635,F,La Matanza,34,"9,61",Desempleado,Secundario completo,Si,25 a 34,Destacado
L-2025-2636,F,Mar del Plata,35,"8,32",Empleo informal,Secundario incompleto,Si,45 a 54,Aprobado
L-2025-2637,M,La Matanza,33,"8,07",Desempleado,Universitario incompleto,Si,55 y más,Aprobado
L-2025-2638,F,Lomas de Zamora,34,"6,60",Empleado en relación de dependencia,Universitario incompleto,Si,35 a 44,Aprobado
L-2025-2639,F,La Matanza,36,"7,21",Desempleado,Secundario completo,No,18 a 24,Aprobado
L-2025-2640,F,Lomas de Zamora,36,"9,61",Empleo informal,Secundario incompleto,Si,45 a 54,Destacado
L-2025-2641,F,Merlo,36,"10,00",No declara,Secundario incompleto,Si,45 a 54,Destacado
L-2025-2642,F,Lomas de Zamora,34,"7,21",Desempleado,Secundario completo,Si,25 a 34,Aprobado
L-2025-2643,M,La Matanza,33,"4,61",Desempleado,Sin escolaridad formal,No,55 y más,Desaprobado
L-2025-2644,F,Lanús,34,"8,12",Empleado en relación de dependencia,Secundario incompleto,Si,18 a 24,Aprobado
L-2025-2645,M,Mar del Plata,34,"9,09",Empleado en relación de dependencia,Terciario completo,Si,45 a 54,Destacado
L-2025-2646,M,Merlo,38,"8,24",Desempleado,Secundario completo,Si,18 a 24,Aprobado
L-2025-2647,F,Avellaneda,37,"8,25",Desempleado,Universitario incompleto,No,25 a 34,Aprobado
L-2025-2648,M,Almirante Brown,33,"4,27",Monotributista / independiente,Sin escolaridad formal,Si,25 a 34,Destacado
L-2025-2649,F,La Matanza,35,"4,51",Desempleado,Secundario completo,Si,25 a 34,Desaprobado
L-2025-2650,F,Avellaneda,36,"9,49",Empleado en relación de dependencia,Terciario en curso,No,25 a 34,Destacado
L-2025-2651,F,Almirante Brown,38,"6,21",Empleo informal,Primario completo,Si,35 a 44,Aprobado
L-2025-2652,M,Lanús,35,"10,00",Empleado en relación de dependencia,Secundario completo,No,45 a 54,Destacado
L-2025-2653,M,La Plata,35,"4,43",Empleo informal,Sin escolaridad formal,Si,45 a 54,Destacado
L-2025-2654,F,La Plata,37,"9,47",Empleado en relación de dependencia,Secundario completo,Si,45 a 54,Destacado
L-2025-2655,M,Merlo,22,"6,93",Empleado en relación de dependencia,Primario completo,Si,18 a 24,Aprobado
L-2025-2656,F,Mar del Plata,38,"3,66",Ama de casa / tareas de cuidado,Terciario en curso,Si,55 y más,Desaprobado
L-2025-2657,F,La Matanza,36,"8,99",Empleo informal,Terciario completo,Si,45 a 54,Aprobado
L-2025-2658,F,Lomas de Zamora,38,"5,40",Monotributista / independiente,Universitario incompleto,Si,25 a 34,Desaprobado
L-2025-2659,M,La Plata,35,"8,95",Empleado en relación de dependencia,Secundario completo,No,25 a 34,Aprobado
L-2025-2660,M,Lomas de Zamora,32,"6,31",Empleado en relación de dependencia,Primario completo,Si,18 a 24,Aprobado
L-2025-2661,F,Quilmes,22,"7,53",Empleado en relación de dependencia,Secundario incompleto,Si,25 a 34,Aprobado
L-2025-2662,F,La Matanza,37,"5,41",Monotributista / independiente,Secundario completo,No,18 a 24,Desaprobado
L-2025-2663,F,La Matanza,35,"9,63",Empleo informal,Secundario completo,Si,25 a 34,Destacado
L-2025-2664,F,La Matanza,17,"5,11",Empleado en relación de dependencia,Primario completo,Si,18 a 24,Desaprobado
L-2025-2665,M,Mar del Plata,34,"4,41",Empleado en relación de dependencia,Terciario completo,Si,18 a 24,Desaprobado
L-2025-2666,F,Merlo,36,"7,34",Empleo informal,Terciario en curso,Si,25 a 34,Aprobado
L-2025-2667,F,Quilmes,36,"6,23",Empleo informal,Primario completo,Si,45 a 54,Aprobado
L-2025-2668,F,Quilmes,17,"9,74",Empleado en relación de dependencia,Universitario completo,Si,25 a 34,Destacado
L-2025-2669,F,La Matanza,35,"8,65",Empleo informal,Terciario en curso,Si,25 a 34,Aprobado
L-2025-2670,F,Merlo,36,"7,37",Desempleado,Secundario incompleto,Si,25 a 34,Aprobado
L-2025-2671,F,Lanús,38,"6,78",Empleado en relación de dependencia,Secundario completo,Si,35 a 44,Aprobado
L-2025-2672,M,Almirante Brown,38,"8,43",Empleado en relación de dependencia,Universitario incompleto,Si,25 a 34,Aprobado
L-2025-2673,M,Lomas de Zamora,34,"6,16",Empleado en relación de dependencia,Secundario incompleto,No,25 a 34,Aprobado
L-2025-2674,M,Mar del Plata,32,"8,28",Monotributista / independiente,Secundario incompleto,Si,25 a 34,Aprobado
L-2025-2675,F,Quilmes,38,"9,46",Desempleado,Terciario completo,Si,25 a 34,Destacado
L-2025-2676,F,La Matanza,38,"5,50",Ama de casa / tareas de cuidado,Universitario incompleto,Si,18 a 24,Desaprobado
L-2025-2677,F,La Matanza,36,"5,22",Ama de casa / tareas de cuidado,Universitario incompleto,Si,35 a 44,Desaprobado
L-2025-2678,F,Quilmes,18,"7,72",Ama de casa / tareas de cuidado,Universitario incompleto,Si,18 a 24,Aprobado
L-2025-2679,M,Mar del Plata,36,"8,21",Desempleado,Terciario en curso,Si,25 a 34,Aprobado
L-2025-2680,F,Mar del Plata,35,"7,05",Empleado en relación de dependencia,Secundario incompleto,Si,18 a 24,Aprobado
L-2025-2681,M,Lomas de Zamora,37,"5,09",Empleo informal,Universitario completo,Si,35 a 44,Desaprobado
L-2025-2682,F,Merlo,34,"6,94",Monotributista / independiente,Secundario incompleto,No,45 a 54,Aprobado
L-2025-2683,F,Avellaneda,34,"6,57",Empleo informal,Secundario completo,Si,25 a 34,Aprobado
L-2025-2684,F,Avellaneda,35,"7,91",Desempleado,Secundario completo,Si,25 a 34,Aprobado
L-2025-2685,F,La Plata,32,"7,64",Ama de casa / tareas de cuidado,Secundario completo,No,18 a 24,Aprobado
L-2025-2686,F,Lanús,34,"8,83",Empleado en relación de dependencia,Secundario completo,Si,25 a 34,Aprobado
L-2025-2687,M,La Plata,32,"9,18",Empleado en relación de dependencia,Secundario incompleto,Si,45 a 54,Destacado
L-2025-2688,M,Merlo,35,"5,47",Monotributista / independiente,Terciario completo,Si,18 a 24,Desaprobado
L-2025-2689,M,Lanús,32,"8,73",Desempleado,Secundario incompleto,Si,18 a 24,Aprobado
L-2025-2690,F,Mar del Plata,33,"6,06",Ama de casa / tareas de cuidado,Primario incompleto,Si,35 a 44,Aprobado
L-2025-2691,M,Mar del Plata,23,"8,42",Empleado en relación de dependencia,Universitario incompleto,Si,25 a 34,Aprobado
L-2025-2692,F,La Plata,35,"7,19",Monotributista / independiente,Secundario completo,Si,25 a 34,Aprobado
L-2025-2693,F,Merlo,34,"7,63",Desempleado,Secundario incompleto,Si,25 a 34,Aprobado
L-2025-2694,F,Almirante Brown,36,"8,95",Empleo informal,Secundario incompleto,Si,45 a 54,Aprobado
L-2025-2695,F,General San Martín,33,"5,35",Monotributista / independiente,Universitario incompleto,Si,35 a 44,Desaprobado
L-2025-2696,F,Mar del Plata,33,"4,19",Ama de casa / tareas de cuidado,Secundario incompleto,No,25 a 34,Destacado
L-2025-2697,M,La Matanza,18,"7,78",Empleado en relación de dependencia,Primario completo,Si,25 a 34,Aprobado
L-2025-2698,F,Almirante Brown,35,"7,84",Monotributista / independiente,Secundario completo,Si,25 a 34,Aprobado
L-2025-2699,M,La Matanza,37,"5,79",Desempleado,Universitario completo,Si,55 y más,Desaprobado
L-2025-2700,F,Mar del Plata,37,"7,64",Monotributista / independiente,Secundario incompleto,No,25 a 34,Aprobado
L-2025-2701,M,La Plata,38,"5,54",Monotributista / independiente,Terciario en curso,Si,35 a 44,Desaprobado
L-2025-2702,F,La Plata,32,"5,62",Empleado en relación de dependencia,Secundario completo,Si,35 a 44,Desaprobado
L-2025-2703,M,General San Martín,35,"8,03",Empleo informal,Secundario completo,No,25 a 34,Aprobado
L-2025-2704,F,La Matanza,36,"8,12",Monotributista / independiente,Terciario completo,No,25 a 34,Aprobado
L-2025-2705,M,La Plata,33,"8,73",Empleo informal,Secundario completo,No,25 a 34,Aprobado
L-2025-2706,F,Quilmes,37,"5,46",Monotributista / independiente,Terciario en curso,Si,35 a 44,Desaprobado
L-2025-2707,F,Lomas de Zamora,37,"6,59",Ama de casa / tareas de cuidado,Terciario en curso,Si,45 a 54,Aprobado
L-2025-2708,F,La Matanza,32,"8,94",Empleo informal,Terciario en curso,Si,25 a 34,Aprobado
L-2025-2709,F,General San Martín,20,"9,47",Ama de casa / tareas de cuidado,Secundario incompleto,No,45 a 54,Destacado
L-2025-2710,F,La Plata,32,"6,06",Ama de casa / tareas de cuidado,Universitario incompleto,Si,18 a 24,Aprobado
L-2025-2711,F,La Matanza,36,,Desempleado,Secundario completo,Si,45 a 54,Aprobado
L-2025-2712,F,La Matanza,36,"6,32",Ama de casa / tareas de cuidado,Universitario completo,No,18 a 24,Aprobado
L-2025-2713,M,Quilmes,35,"6,05",Empleo informal,Secundario completo,Si,18 a 24,Aprobado
L-2025-2714,F,Mar del Plata,32,"5,01",Empleo informal,Secundario completo,Si,35 a 44,Desaprobado
L-2025-2715,F,La Matanza,36,"5,81",Empleo informal,Secundario completo,Si,35 a 44,Desaprobado
L-2025-2716,M,Lanús,35,"7,15",Desempleado,Primario incompleto,Si,25 a 34,Destacado
L-2025-2717,F,La Matanza,34,"9,16",Monotributista / independiente,Secundario incompleto,No,25 a 34,Destacado
L-2025-2718,F,Lomas de Zamora,36,"7,47",Trabajos esporádicos,Secundario incompleto,Si,55 y más,Aprobado
L-2025-2719,F,La Plata,36,"7,87",Empleado en relación de dependencia,Secundario completo,No,25 a 34,Aprobado
L-2025-2720,F,Lomas de Zamora,37,"5,98",Monotributista / independiente,Primario incompleto,No,35 a 44,Desaprobado
L-2025-2721,F,Avellaneda,15,"5,42",Ama de casa / tareas de cuidado,Secundario incompleto,Si,35 a 44,Desaprobado
L-2025-2722,M,La Matanza,35,"6,42",Desempleado,Terciario en curso,Si,35 a 44,Aprobado
L-2025-2723,F,Quilmes,38,"4,82",Empleado en relación de dependencia,Secundario incompleto,Si,55 y más,Desaprobado
L-2025-2724,F,La Matanza,36,"6,14",Ama de casa / tareas de cuidado,Universitario incompleto,Si,35 a 44,Aprobado
L-2025-2725,M,La Matanza,36,"4,70",Empleado en relación de dependencia,Secundario incompleto,Si,55 y más,Desaprobado
L-2025-2726,M,Mar del Plata,36,"8,08",Empleado en relación de dependencia,Secundario completo,Si,25 a 34,Aprobado
L-2025-2727,M,La Plata,35,"5,24",Ama de casa / tareas de cuidado,Universitario incompleto,Si,18 a 24,Desaprobado
L-2025-2728,M,Lomas de Zamora,35,"5,53",Monotributista / independiente,Secundario completo,No,18 a 24,Desaprobado
L-2025-2729,F,La Matanza,18,"7,37",Trabajos esporádicos,Universitario completo,Si,35 a 44,Aprobado
L-2025-2730,M,Merlo,38,"5,91",Ama de casa / tareas de cuidado,Secundario completo,No,18 a 24,Desaprobado
L-2025-2731,F,La Matanza,16,"8,38",Ama de casa / tareas de cuidado,Terciario en curso,Si,25 a 34,Aprobado
L-2025-2732,M,Lomas de Zamora,35,"8,44",Ama de casa / tareas de cuidado,Primario completo,Si,45 a 54,Aprobado
L-2025-2733,M,Lanús,36,"9,20",Monotributista / independiente,Secundario completo,No,25 a 34,Destacado
L-2025-2734,F,La Plata,34,"4,88",Empleado en relación de dependencia,Universitario incompleto,Si,55 y más,Desaprobado
L-2025-2735,M,La Plata,34,"5,88",Monotributista / independiente,Secundario completo,No,35 a 44,Desaprobado
L-2025-2736,F,Mar del Plata,22,"6,77",Ama de casa / tareas de cuidado,Secundario completo,Si,35 a 44,Aprobado
L-2025-2737,F,La Matanza,18,"5,22",Empleado en relación de dependencia,Universitario completo,Si,45 a 54,Desaprobado
L-2025-2738,M,Merlo,36,"7,08",Desempleado,Secundario completo,Si,18 a 24,Aprobado
L-2025-2739,M,La Plata,33,"7,36",Monotributista / independiente,Secundario completo,Si,25 a 34,Aprobado
L-2025-2740,F,La Matanza,34,"8,75",Ama de casa / tareas de cuidado,Secundario completo,Si,25 a 34,Aprobado
L-2025-2741,F,Quilmes,32,"7,77",Desempleado,Secundario completo,Si,25 a 34,Aprobado
L-2025-2742,M,La Matanza,36,"7,03",Desempleado,Primario incompleto,Si,45 a 54,Aprobado
L-2025-2743,M,Mar del Plata,38,"7,46",Ama de casa / tareas de cuidado,Secundario incompleto,Si,25 a 34,Aprobado
L-2025-2744,F,La Plata,34,"8,48",Empleo informal,Secundario incompleto,Si,45 a 54,Aprobado
L-2025-2745,F,Quilmes,33,"9,51",Monotributista / independiente,Universitario incompleto,Si,25 a 34,Destacado
L-2025-2746,F,La Matanza,36,"5,72",Monotributista / independiente,Terciario completo,Si,35 a 44,Desaprobado
L-2025-2747,M,Quilmes,36,"8,14",Empleado en relación de dependencia,Universitario incompleto,Si,25 a 34,Aprobado
L-2025-2748,M,Mar del Plata,35,"6,70",Empleo informal,Secundario completo,No,55 y más,Aprobado
L-2025-2749,M,Lomas de Zamora,36,"8,70",Desempleado,Universitario completo,Si,25 a 34,Aprobado
L-2025-2750,F,La Matanza,35,"5,56",Monotributista / independiente,Primario completo,Si,18 a 24,Desaprobado
L-2025-2751,F,Lomas de Zamora,34,"9,02",No declara,Universitario completo,Si,25 a 34,Destacado
L-2025-2752,M,La Plata,23,"4,12",Ama de casa / tareas de cuidado,Secundario incompleto,No,18 a 24,Desaprobado
L-2025-2753,F,Mar del Plata,35,"8,15",Empleado en relación de dependencia,Secundario completo,No,25 a 34,Aprobado
L-2025-2754,M,Lomas de Zamora,33,"9,29",Trabajos esporádicos,Secundario completo,Si,25 a 34,Destacado
L-2025-2755,M,La Matanza,20,"10,00",Empleado en relación de dependencia,Secundario completo,Si,25 a 34,Destacado
L-2025-2756,M,La Plata,34,"4,08",Empleado en relación de dependencia,Secundario incompleto,No,45 a 54,Destacado
L-2025-2757,F,Quilmes,33,"10,00",Empleo informal,Secundario completo,Si,25 a 34,Destacado
L-2025-2758,F,La Matanza,16,"5,94",Ama de casa / tareas de cuidado,Terciario en curso,Si,35 a 44,Desaprobado
L-2025-2759,M,La Matanza,34,"9,55",Monotributista / independiente,Terciario completo,Si,45 a 54,Destacado
L-2025-2760,F,Quilmes,32,"8,63",Empleo informal,Universitario incompleto,Si,45 a 54,Aprobado
L-2025-2761,F,Mar del Plata,35,"5,84",Empleado en relación de dependencia,Secundario incompleto,Si,25 a 34,Desaprobado
L-2025-2762,F,Almirante Brown,34,"4,62",Desempleado,Universitario incompleto,Si,35 a 44,Desaprobado
L-2025-2763,M,La Plata,33,"5,71",Empleo informal,Secundario completo,No,35 a 44,Desaprobado
L-2025-2764,F,La Plata,17,"6,78",Empleado en relación de dependencia,Terciario en curso,Si,25 a 34,Aprobado
L-2025-2765,F,General San Martín,36,"7,59",Ama de casa / tareas de cuidado,Secundario completo,Si,18 a 24,Aprobado
L-2025-2766,F,La Plata,37,"4,84",Monotributista / independiente,Secundario completo,Si,35 a 44,Desaprobado
L-2025-2767,M,La Matanza,32,"4,29",Empleado en relación de dependencia,Secundario incompleto,Si,25 a 34,Destacado
L-2025-2768,M,Lanús,34,"5,89",Empleado en relación de dependencia,Sin escolaridad formal,Si,18 a 24,Desaprobado
L-2025-2769,F,Quilmes,36,"7,93",Desempleado,Sin escolaridad formal,Si,45 a 54,Aprobado
L-2025-2770,M,Lomas de Zamora,38,"9,11",Desempleado,Secundario completo,Si,25 a 34,Destacado
L-2025-2771,M,La Plata,17,"5,80",Empleado en relación de dependencia,Secundario completo,No,35 a 44,Desaprobado
L-2025-2772,F,La Matanza,38,"5,78",Trabajos esporádicos,Secundario incompleto,Si,35 a 44,Desaprobado
L-2025-2773,M,Mar del Plata,35,"10,00",Ama de casa / tareas de cuidado,Secundario completo,Si,25 a 34,Destacado
L-2025-2774,F,Avellaneda,18,"8,82",Ama de casa / tareas de cuidado,Secundario completo,No,55 y más,Aprobado
L-2025-2775,F,Quilmes,18,"8,81",Ama de casa / tareas de cuidado,Secundario completo,Si,25 a 34,Aprobado
L-2025-2776,F,Quilmes,32,"5,82",Monotributista / independiente,Secundario incompleto,Si,18 a 24,Desaprobado
L-2025-2777,F,Mar del Plata,34,"5,73",Ama de casa / tareas de cuidado,Secundario completo,Si,18 a 24,Desaprobado
L-2025-2778,M,La Matanza,33,"9,18",Desempleado,Secundario incompleto,Si,25 a 34,Destacado
L-2025-2779,F,General San Martín,39,"5,90",Desempleado,Universitario completo,No,55 y más,Desaprobado
L-2025-2780,F,Quilmes,33,"5,19",No declara,Universitario incompleto,Si,35 a 44,Desaprobado
L-2025-2781,M,Lomas de Zamora,34,"8,88",Empleo informal,Universitario completo,No,25 a 34,Aprobado
L-2025-2782,F,General San Martín,34,"4,42",Monotributista / independiente,Secundario incompleto,No,45 a 54,Destacado
L-2025-2783,F,Almirante Brown,35,"7,51",Trabajos esporádicos,Secundario completo,Si,45 a 54,Aprobado
L-2025-2784,F,La Plata,34,"7,60",Monotributista / independiente,Secundario incompleto,No,25 a 34,Aprobado
L-2025-2785,F,Lomas de Zamora,33,"6,44",Monotributista / independiente,Secundario completo,Si,25 a 34,Aprobado
L-2025-2786,M,Mar del Plata,38,"8,33",Empleo informal,Secundario incompleto,Si,25 a 34,Aprobado
L-2025-2787,F,La Plata,36,"7,26",Empleo informal,Secundario incompleto,No,25 a 34,Aprobado
L-2025-2788,M,La Matanza,38,"8,07",Empleo informal,Universitario incompleto,No,45 a 54,Aprobado
L-2025-2789,M,Quilmes,40,"6,94",Empleo informal,Primario incompleto,Si,25 a 34,Aprobado
L-2025-2790,F,Quilmes,35,"8,98",Ama de casa / tareas de cuidado,Universitario incompleto,Si,25 a 34,Aprobado
L-2025-2791,M,Merlo,21,"8,22",Empleado en relación de dependencia,Sin escolaridad formal,Si,25 a 34,Aprobado
L-2025-2792,M,Lomas de Zamora,38,"7,03",Desempleado,Universitario incompleto,Si,18 a 24,Aprobado
L-2025-2793,M,Avellaneda,37,"8,79",Desempleado,Secundario completo,No,45 a 54,Aprobado
L-2025-2794,F,Lanús,36,"7,86",Monotributista / independiente,Terciario en curso,Si,25 a 34,Aprobado
L-2025-2795,F,La Matanza,31,"7,91",Monotributista / independiente,Secundario completo,Si,35 a 44,Aprobado
L-2025-2796,F,Quilmes,17,"7,59",Empleado en relación de dependencia,Secundario completo,Si,25 a 34,Aprobado
L-2025-2797,F,Quilmes,36,"9,51",Desempleado,Universitario incompleto,Si,45 a 54,Destacado
L-2025-2798,F,Merlo,33,"8,03",Empleo informal,Secundario completo,No,25 a 34,Aprobado
L-2025-2799,M,Lanús,32,"5,77",Desempleado,Secundario completo,No,35 a 44,Desaprobado
L-2025-2800,M,La Matanza,17,"7,12",Ama de casa / tareas de cuidado,Secundario incompleto,Si,35 a 44,Aprobado
L-2025-2801,M,Mar del Plata,34,"6,21",Empleado en relación de dependencia,Secundario completo,Si,35 a 44,Aprobado
L-2025-2802,M,La Plata,37,"4,65",Monotributista / independiente,Secundario completo,No,35 a 44,Desaprobado
L-2025-2803,F,La Matanza,35,"7,03",Monotributista / independiente,Primario incompleto,Si,45 a 54,Aprobado
L-2025-2804,F,Almirante Brown,17,"5,40",Empleado en relación de dependencia,Primario completo,Si,35 a 44,Desaprobado
L-2025-2805,M,Avellaneda,39,"8,39",No declara,Secundario incompleto,Si,25 a 34,Aprobado
L-2025-2806,M,La Plata,34,"7,51",Ama de casa / tareas de cuidado,Universitario incompleto,Si,45 a 54,Aprobado
L-2025-2807,F,Merlo,36,"8,57",Monotributista / independiente,Secundario incompleto,Si,25 a 34,Aprobado
L-2025-2808,F,Lomas de Zamora,38,"5,38",Ama de casa / tareas de cuidado,Universitario completo,No,35 a 44,Desaprobado
L-2025-2809,F,La Matanza,36,"3,89",Trabajos esporádicos,Primario incompleto,Si,35 a 44,Desaprobado
L-2025-2810,M,Mar del Plata,37,"4,53",Monotributista / independiente,Secundario completo,Si,35 a 44,Desaprobado
L-2025-2811,F,Lanús,18,"8,02",Empleado en relación de dependencia,Secundario completo,Si,25 a 34,Aprobado
L-2025-2812,M,La Matanza,32,"6,88",Empleado en relación de dependencia,Primario incompleto,Si,25 a 34,Destacado
L-2025-2813,M,Merlo,34,"7,07",Empleo informal,Secundario incompleto,Si,25 a 34,Aprobado
L-2025-2814,F,Merlo,18,"7,36",Ama de casa / tareas de cuidado,Secundario completo,No,35 a 44,Aprobado
L-2025-2815,M,La Matanza,34,"8,17",Empleo informal,Universitario completo,Si,45 a 54,Aprobado
L-2025-2816,M,Avellaneda,36,"5,67",Empleado en relación de dependencia,Secundario completo,No,35 a 44,Desaprobado
L-2025-2817,M,Almirante Brown,37,"10,00",Empleo informal,Secundario completo,No,25 a 34,Destacado
L-2025-2818,F,Quilmes,32,"8,02",Empleo informal,Secundario completo,Si,45 a 54,Aprobado
L-2025-2819,F,General San Martín,35,"8,77",Empleo informal,Secundario completo,Si,35 a 44,Aprobado
L-2025-2820,M,General San Martín,34,"8,28",Trabajos esporádicos,Secundario incompleto,No,25 a 34,Aprobado
L-2025-2821,M,Lomas de Zamora,35,"7,14",Desempleado,Primario incompleto,No,25 a 34,Aprobado
L-2025-2822,F,Avellaneda,35,"7,87",Ama de casa / tareas de cuidado,Universitario incompleto,Si,25 a 34,Aprobado
L-2025-2823,F,Lanús,33,"7,46",Ama de casa / tareas de cuidado,Universitario incompleto,Si,25 a 34,Aprobado
L-2025-2824,F,Lanús,33,"7,92",Empleo informal,Secundario completo,No,25 a 34,Aprobado
L-2025-2825,F,Merlo,21,"8,04",Empleado en relación de dependencia,Secundario completo,Si,25 a 34,Aprobado
L-2025-2826,F,Lomas de Zamora,34,"7,08",Desempleado,Secundario incompleto,Si,45 a 54,Aprobado
L-2025-2827,F,Quilmes,36,"8,81",Empleo informal,Secundario completo,Si,25 a 34,Aprobado
L-2025-2828,M,Lanús,34,"6,93",Desempleado,Secundario completo,Si,18 a 24,Aprobado
L-2025-2829,F,La Plata,34,"7,18",Desempleado,Primario incompleto,Si,45 a 54,Aprobado
L-2025-2830,M,General San Martín,32,"4,12",Empleo informal,Secundario incompleto,No,25 a 34,Destacado
L-2025-2831,F,La Plata,36,"7,43",Ama de casa / tareas de cuidado,Secundario completo,No,45 a 54,Aprobado
L-2025-2832,M,Mar del Plata,35,"4,66",Monotributista / independiente,Secundario incompleto,No,35 a 44,Desaprobado
L-2025-2833,F,La Matanza,33,"4,27",Empleado en relación de dependencia,Sin escolaridad formal,Si,25 a 34,Aprobado
L-2025-2834,F,Quilmes,35,"6,79",Monotributista / independiente,Universitario completo,Si,25 a 34,Aprobado
L-2025-2835,F,Quilmes,32,"7,28",Empleado en relación de dependencia,Secundario incompleto,Si,25 a 34,Aprobado
L-2025-2836,M,Quilmes,33,"7,26",Ama de casa / tareas de cuidado,Secundario incompleto,Si,25 a 34,Aprobado
L-2025-2837,M,General San Martín,34,"8,86",Empleado en relación de dependencia,Secundario incompleto,Si,45 a 54,Aprobado
L-2025-2838,F,La Matanza,30,"7,69",Empleo informal,Secundario incompleto,No,45 a 54,Aprobado
L-2025-2839,M,Lomas de Zamora,33,"5,00",Empleo informal,Secundario completo,Si,18 a 24,Desaprobado
L-2025-2840,F,La Plata,35,"6,28",Monotributista / independiente,Secundario incompleto,No,35 a 44,Aprobado
L-2025-2841,F,La Matanza,37,"7,96",Desempleado,Secundario incompleto,No,45 a 54,Aprobado
L-2025-2842,M,Quilmes,31,"7,82",Empleo informal,Terciario completo,Si,45 a 54,Aprobado
L-2025-2843,M,Almirante Brown,36,"5,57",Empleado en relación de dependencia,Secundario incompleto,Si,35 a 44,Desaprobado
L-2025-2844,M,Lanús,38,"8,80",Empleado en relación de dependencia,Terciario en curso,Si,25 a 34,Aprobado
L-2025-2845,M,La Plata,34,"5,42",Empleado en relación de dependencia,Secundario incompleto,Si,55 y más,Desaprobado
L-2025-2846,F,Mar del Plata,38,"6,45",Empleado en relación de dependencia,Secundario completo,No,35 a 44,Aprobado
L-2025-2847,M,Almirante Brown,39,"5,32",Monotributista / independiente,Universitario incompleto,Si,35 a 44,Desaprobado
L-2025-2848,F,Lomas de Zamora,32,"5,60",Desempleado,Secundario incompleto,No,18 a 24,Desaprobado
L-2025-2849,F,Lomas de Zamora,34,"5,28",Empleo informal,Secundario completo,Si,35 a 44,Desaprobado
L-2025-2850,F,La Matanza,34,"8,45",Empleo informal,Universitario incompleto,Si,25 a 34,Aprobado
L-2025-2851,M,La Plata,38,"8,09",Empleado en relación de dependencia,Terciario en curso,Si,45 a 54,Aprobado
L-2025-2852,F,La Plata,35,"5,44",Monotributista / independiente,Universitario completo,Si,35 a 44,Desaprobado
L-2025-2853,M,La Matanza,36,"8,78",Desempleado,Secundario incompleto,Si,25 a 34,Aprobado
L-2025-2854,F,La Plata,35,"9,18",Empleo informal,Secundario completo,Si,35 a 44,Destacado
L-2025-2855,M,Mar del Plata,36,"4,46",Desempleado,Secundario incompleto,No,25 a 34,Destacado
L-2025-2856,F,Mar del Plata,33,"9,72",Monotributista / independiente,Terciario en curso,Si,25 a 34,Destacado
L-2025-2857,F,General San Martín,34,"10,00",Desempleado,Secundario completo,Si,25 a 34,Destacado
L-2025-2858,F,La Plata,35,"5,56",Empleo informal,Primario completo,Si,25 a 34,Destacado
L-2025-2859,F,Lanús,15,"7,95",Empleado en relación de dependencia,Universitario incompleto,No,25 a 34,Aprobado
L-2025-2860,F,Lanús,32,"6,78",Empleo informal,Terciario completo,Si,55 y más,Aprobado
L-2025-2861,F,Quilmes,35,"8,45",Monotributista / independiente,Secundario completo,Si,25 a 34,Aprobado
L-2025-2862,M,Almirante Brown,35,"3,75",Empleado en relación de dependencia,Terciario en curso,Si,55 y más,Desaprobado
L-2025-2863,F,Lomas de Zamora,21,"6,41",Empleado en relación de dependencia,Terciario en curso,Si,35 a 44,Aprobado
L-2025-2864,F,La Matanza,32,"9,58",Ama de casa / tareas de cuidado,Secundario completo,Si,45 a 54,Destacado
L-2025-2865,M,Merlo,34,"7,84",Ama de casa / tareas de cuidado,Secundario completo,Si,45 a 54,Aprobado
L-2025-2866,M,La Matanza,38,"7,81",Ama de casa / tareas de cuidado,Terciario en curso,Si,25 a 34,Aprobado
L-2025-2867,M,Lomas de Zamora,37,"4,40",Empleo informal,Secundario incompleto,Si,45 a 54,Destacado
L-2025-2868,M,Mar del Plata,22,"4,47",Ama de casa / tareas de cuidado,Terciario en curso,Si,55 y más,Desaprobado
L-2025-2869,F,Avellaneda,35,"8,58",Ama de casa / tareas de cuidado,Terciario en curso,Si,45 a 54,Aprobado
L-2025-2870,F,Lomas de Zamora,31,"5,95",Monotributista / independiente,Secundario incompleto,Si,45 a 54,Desaprobado
L-2025-2871,F,La Matanza,33,"8,66",Empleado en relación de dependencia,Universitario incompleto,Si,25 a 34,Aprobado
L-2025-2872,F,Quilmes,33,"7,83",Empleado en relación de dependencia,Secundario completo,No,35 a 44,Aprobado
L-2025-2873,F,Quilmes,34,"8,43",Empleo informal,Secundario completo,Si,25 a 34,Aprobado
L-2025-2874,F,Lomas de Zamora,36,"8,58",Desempleado,Terciario en curso,Si,25 a 34,Aprobado
L-2025-2875,F,Mar del Plata,36,"2,90",Monotributista / independiente,Secundario completo,Si,55 y más,Desaprobado
L-2025-2876,M,Lanús,21,"7,77",Empleado en relación de dependencia,Secundario completo,Si,25 a 34,Aprobado
L-2025-2877,M,Lomas de Zamora,37,"7,32",Empleado en relación de dependencia,Secundario incompleto,Si,35 a 44,Aprobado
L-2025-2878,F,Lanús,36,"8,14",Desempleado,Secundario completo,Si,25 a 34,Aprobado
L-2025-2879,F,Almirante Brown,35,"4,48",Desempleado,Secundario completo,Si,35 a 44,Desaprobado
L-2025-2880,M,La Matanza,38,"9,11",Ama de casa / tareas de cuidado,Secundario completo,No,45 a 54,Destacado
L-2025-2881,M,Quilmes,36,"5,09",Desempleado,Primario completo,Si,55 y más,Desaprobado
L-2025-2882,F,Lanús,36,"8,33",Monotributista / independiente,Secundario completo,Si,25 a 34,Aprobado
L-2025-2883,F,La Plata,18,"6,67",Empleado en relación de dependencia,Secundario completo,Si,35 a 44,Aprobado
L-2025-2884,M,Almirante Brown,33,"8,01",Empleo informal,Universitario completo,Si,25 a 34,Aprobado
L-2025-2885,F,Lomas de Zamora,31,"5,37",Empleado en relación de dependencia,Secundario completo,Si,35 a 44,Desaprobado
L-2025-2886,F,Quilmes,38,"8,61",Monotributista / independiente,Secundario completo,No,25 a 34,Aprobado
L-2025-2887,F,La Plata,38,"9,26",Empleado en relación de dependencia,Secundario completo,Si,25 a 34,Destacado
L-2025-2888,M,Avellaneda,32,"4,84",Monotributista / independiente,Secundario completo,Si,35 a 44,Desaprobado
L-2025-2889,M,Quilmes,35,"8,87",Desempleado,Universitario incompleto,Si,45 a 54,Aprobado
L-2025-2890,F,La Matanza,21,"8,34",Ama de casa / tareas de cuidado,Sin escolaridad formal,No,25 a 34,Aprobado
L-2025-2891,M,Quilmes,38,"6,48",Empleado en relación de dependencia,Primario completo,Si,35 a 44,Aprobado
L-2025-2892,M,Mar del Plata,35,"4,33",Desempleado,Secundario completo,Si,55 y más,Desaprobado
L-2025-2893,F,Quilmes,38,"8,74",Ama de casa / tareas de cuidado,Universitario completo,Si,25 a 34,Aprobado
L-2025-2894,M,La Matanza,33,"7,00",Empleado en relación de dependencia,Terciario en curso,Si,35 a 44,Aprobado
L-2025-2895,F,Merlo,34,"9,79",Monotributista / independiente,Terciario en curso,Si,25 a 34,Destacado
L-2025-2896,M,Mar del Plata,36,"4,27",Empleado en relación de dependencia,Sin escolaridad formal,Si,35 a 44,Aprobado
L-2025-2897,M,Merlo,22,"8,14",Empleado en relación de dependencia,Universitario completo,Si,55 y más,Aprobado
L-2025-2898,F,La Matanza,32,"5,42",Monotributista / independiente,Secundario incompleto,Si,45 a 54,Desaprobado
L-2025-2899,F,General San Martín,22,"6,27",Empleado en relación de dependencia,Secundario incompleto,Si,45 a 54,Aprobado
L-2025-2900,F,Lomas de Zamora,33,"4,81",Empleado en relación de dependencia,Primario completo,Si,35 a 44,Desaprobado
L-2025-2901,M,La Plata,37,"5,20",Monotributista / independiente,Primario completo,No,55 y más,Desaprobado
L-2025-2902,F,La Plata,32,"6,57",Empleado en relación de dependencia,Terciario completo,No,25 a 34,Aprobado
L-2025-2903,F,La Matanza,35,"8,57",No declara,Secundario incompleto,Si,45 a 54,Aprobado
L-2025-2904,M,La Matanza,37,"7,47",Empleo informal,Terciario completo,Si,25 a 34,Aprobado
L-2025-2905,F,Avellaneda,38,"5,65",Ama de casa / tareas de cuidado,Terciario en curso,Si,25 a 34,Desaprobado
L-2025-2906,F,La Matanza,35,"8,86",Empleo informal,Universitario completo,No,25 a 34,Aprobado
L-2025-2907,F,Lanús,35,"4,29",Monotributista / independiente,Secundario incompleto,Si,25 a 34,Destacado
L-2025-2908,M,La Plata,17,"8,66",Empleado en relación de dependencia,Secundario completo,Si,25 a 34,Aprobado
L-2025-2909,M,La Matanza,38,"6,13",Empleado en relación de dependencia,Primario incompleto,Si,35 a 44,Aprobado
L-2025-2910,F,Quilmes,34,"4,08",Ama de casa / tareas de cuidado,Secundario completo,Si,55 y más,Desaprobado
L-2025-2911,M,Almirante Brown,15,"5,60",Empleado en relación de dependencia,Secundario completo,Si,18 a 24,Desaprobado
L-2025-2912,F,Lomas de Zamora,33,"6,88",Desempleado,Universitario incompleto,Si,25 a 34,Aprobado
L-2025-2913,M,La Matanza,31,"4,87",Ama de casa / tareas de cuidado,Secundario completo,No,18 a 24,Desaprobado
L-2025-2914,F,Lomas de Zamora,36,"7,70",Empleado en relación de dependencia,Secundario incompleto,No,25 a 34,Aprobado
L-2025-2915,F,Quilmes,35,"8,66",Ama de casa / tareas de cuidado,Secundario incompleto,No,25 a 34,Aprobado
L-2025-2916,F,La Matanza,17,"7,25",Empleado en relación de dependencia,Secundario completo,Si,25 a 34,Aprobado
L-2025-2917,F,Almirante Brown,34,"9,66",Empleo informal,Secundario completo,Si,25 a 34,Destacado
L-2025-2918,F,La Matanza,34,"6,36",Ama de casa / tareas de cuidado,Secundario completo,No,18 a 24,Aprobado
L-2025-2919,M,Merlo,18,"8,56",Empleado en relación de dependencia,Terciario en curso,Si,45 a 54,Aprobado
L-2025-2920,M,Avellaneda,33,"5,00",Empleado en relación de dependencia,Secundario incompleto,No,18 a 24,Desaprobado
L-2025-2921,M,Avellaneda,20,"8,90",Empleado en relación de dependencia,Secundario completo,Si,25 a 34,Aprobado
L-2025-2922,M,Merlo,38,"8,25",Empleo informal,Secundario completo,Si,25 a 34,Aprobado
L-2025-2923,F,Mar del Plata,33,"8,32",Empleado en relación de dependencia,Primario completo,Si,25 a 34,Destacado
L-2025-2924,M,Almirante Brown,34,"8,00",Empleado en relación de dependencia,Universitario incompleto,No,45 a 54,Aprobado
L-2025-2925,F,La Matanza,35,"5,26",Empleo informal,Secundario completo,Si,35 a 44,Desaprobado
L-2025-2926,F,Mar del Plata,37,"5,14",Monotributista / independiente,Universitario incompleto,Si,35 a 44,Desaprobado
L-2025-2927,M,General San Martín,35,"3,40",Ama de casa / tareas de cuidado,Universitario incompleto,Si,55 y más,Desaprobado
L-2025-2928,F,La Matanza,40,"6,27",Monotributista / independiente,Universitario incompleto,Si,18 a 24,Aprobado
L-2025-2929,F,General San Martín,39,"7,72",Monotributista / independiente,Secundario completo,No,45 a 54,Aprobado
L-2025-2930,M,Mar del Plata,37,"6,44",Empleo informal,Secundario completo,Si,18 a 24,Aprobado
L-2025-2931,F,Quilmes,35,"6,13",Empleado en relación de dependencia,Universitario completo,Si,18 a 24,Aprobado
L-2025-2932,M,Quilmes,32,"9,04",Empleado en relación de dependencia,Universitario incompleto,Si,35 a 44,Destacado
L-2025-2933,M,La Matanza,38,"7,00",Empleado en relación de dependencia,Primario incompleto,Si,25 a 34,Aprobado
L-2025-2934,F,Lanús,34,"7,11",Ama de casa / tareas de cuidado,Secundario completo,No,25 a 34,Aprobado
L-2025-2935,F,Lomas de Zamora,36,"4,56",No declara,Secundario completo,Si,35 a 44,Desaprobado
L-2025-2936,F,General San Martín,34,"5,96",Empleado en relación de dependencia,Universitario incompleto,No,35 a 44,Desaprobado
L-2025-2937,M,General San Martín,34,"8,14",Empleado en relación de dependencia,Terciario en curso,Si,25 a 34,Aprobado
L-2025-2938,M,La Matanza,35,"10,00",Empleo informal,Secundario completo,Si,25 a 34,Destacado
L-2025-2939,M,Lanús,36,"3,72",Desempleado,Secundario completo,Si,55 y más,Desaprobado
L-2025-2940,M,Quilmes,37,"3,60",Monotributista / independiente,Secundario completo,Si,55 y más,Desaprobado
L-2025-2941,M,Lomas de Zamora,16,"3,25",Empleado en relación de dependencia,Secundario incompleto,No,55 y más,Desaprobado
L-2025-2942,F,Quilmes,36,"8,29",Monotributista / independiente,Secundario incompleto,No,55 y más,Aprobado
L-2025-2943,F,Merlo,37,"7,14",Monotributista / independiente,Sin escolaridad formal,No,35 a 44,Aprobado
L-2025-2944,M,La Matanza,35,"7,65",Desempleado,Primario completo,Si,25 a 34,Aprobado
L-2025-2945,M,La Matanza,37,"7,83",Ama de casa / tareas de cuidado,Universitario incompleto,No,45 a 54,Aprobado
L-2025-2946,M,Quilmes,39,"7,06",Empleo informal,Secundario incompleto,Si,35 a 44,Aprobado
L-2025-2947,F,Almirante Brown,33,"8,91",Empleado en relación de dependencia,Universitario incompleto,Si,45 a 54,Aprobado
L-2025-2948,F,Mar del Plata,36,"8,87",Monotributista / independiente,Universitario incompleto,Si,25 a 34,Aprobado
L-2025-2949,F,General San Martín,37,"6,63",Desempleado,Secundario incompleto,Si,18 a 24,Aprobado
L-2025-2950,F,La Plata,36,"8,44",Desempleado,Secundario completo,No,25 a 34,Aprobado
L-2025-2951,M,Mar del Plata,33,"4,92",Empleado en relación de dependencia,Terciario en curso,No,18 a 24,Desaprobado
L-2025-2952,F,General San Martín,36,"5,58",Ama de casa / tareas de cuidado,Secundario completo,Si,45 a 54,Desaprobado
L-2025-2953,F,Mar del Plata,36,"8,92",Empleado en relación de dependencia,Universitario incompleto,No,25 a 34,Aprobado
L-2025-2954,M,Lomas de Zamora,16,"6,40",Empleado en relación de dependencia,Primario completo,Si,35 a 44,Aprobado
L-2025-2955,F,General San Martín,37,"6,39",No declara,Universitario incompleto,Si,18 a 24,Aprobado
L-2025-2956,F,Avellaneda,32,"8,27",Empleado en relación de dependencia,Sin escolaridad formal,No,45 a 54,Aprobado
L-2025-2957,M,Almirante Brown,36,"4,43",Empleo informal,Sin escolaridad formal,No,45 a 54,Aprobado
L-2025-2958,F,La Plata,35,"7,94",Desempleado,Secundario completo,Si,25 a 34,Aprobado
L-2025-2959,M,Lanús,37,"6,61",Monotributista / independiente,Terciario en curso,No,35 a 44,Aprobado
L-2025-2960,F,La Plata,35,"5,45",Monotributista / independiente,Secundario completo,Si,35 a 44,Desaprobado
L-2025-2961,F,Quilmes,37,"4,88",Empleado en relación de dependencia,Secundario completo,Si,35 a 44,Desaprobado
L-2025-2962,F,Almirante Brown,35,"7,14",Empleo informal,Primario incompleto,Si,45 a 54,Destacado
L-2025-2963,F,Lomas de Zamora,33,"6,69",Desempleado,Secundario completo,Si,18 a 24,Aprobado
L-2025-2964,F,Quilmes,33,"10,00",Empleado en relación de dependencia,Secundario incompleto,Si,25 a 34,Destacado
L-2025-2965,F,Merlo,30,"7,32",Desempleado,Universitario completo,Si,25 a 34,Aprobado
L-2025-2966,M,Merlo,33,"6,07",Ama de casa / tareas de cuidado,Secundario completo,Si,35 a 44,Aprobado
L-2025-2967,F,Mar del Plata,35,"6,36",Ama de casa / tareas de cuidado,Secundario incompleto,Si,18 a 24,Aprobado
L-2025-2968,M,Merlo,34,"7,61",Ama de casa / tareas de cuidado,Secundario incompleto,Si,25 a 34,Aprobado
L-2025-2969,F,La Matanza,33,"8,18",Desempleado,Secundario incompleto,Si,35 a 44,Aprobado
L-2025-2970,F,La Matanza,33,"7,99",Empleado en relación de dependencia,Universitario incompleto,Si,55 y más,Aprobado
L-2025-2971,M,General San Martín,30,"7,62",Monotributista / independiente,Universitario incompleto,Si,35 a 44,Aprobado
L-2025-2972,M,General San Martín,38,"6,75",Ama de casa / tareas de cuidado,Secundario completo,Si,55 y más,Aprobado
L-2025-2973,F,Mar del Plata,36,"6,10",Monotributista / independiente,Secundario completo,No,18 a 24,Aprobado
L-2025-2974,F,Almirante Brown,34,"4,46",Monotributista / independiente,Secundario incompleto,Si,25 a 34,Destacado
L-2025-2975,M,Merlo,32,"2,94",Empleado en relación de dependencia,Secundario completo,Si,45 a 54,Desaprobado
L-2025-2976,M,La Matanza,36,"7,29",Trabajos esporádicos,Secundario completo,Si,18 a 24,Aprobado
L-2025-2977,M,General San Martín,35,"5,10",No declara,Terciario completo,Si,35 a 44,Desaprobado
L-2025-2978,F,Mar del Plata,37,"7,70",Empleo informal,Secundario completo,No,25 a 34,Aprobado
L-2025-2979,F,Almirante Brown,38,"6,13",Desempleado,Primario completo,Si,18 a 24,Aprobado
L-2025-2980,F,Lomas de Zamora,33,"7,23",Desempleado,Terciario completo,No,35 a 44,Aprobado
L-2025-2981,F,General San Martín,15,"7,90",Ama de casa / tareas de cuidado,Secundario incompleto,Si,25 a 34,Aprobado
L-2025-2982,M,Lomas de Zamora,35,"5,61",Monotributista / independiente,Universitario incompleto,Si,35 a 44,Desaprobado
L-2025-2983,M,Lomas de Zamora,38,"7,32",Empleado en relación de dependencia,Secundario completo,No,25 a 34,Aprobado
L-2025-2984,F,Merlo,35,"7,92",Empleado en relación de dependencia,Universitario incompleto,Si,25 a 34,Aprobado
L-2025-2985,F,General San Martín,33,"6,19",Empleado en relación de dependencia,Secundario incompleto,Si,18 a 24,Aprobado
L-2025-2986,F,Lanús,35,"4,53",Desempleado,Secundario completo,Si,18 a 24,Desaprobado
L-2025-2987,M,La Matanza,33,"4,46",Ama de casa / tareas de cuidado,Secundario incompleto,Si,45 a 54,Destacado
L-2025-2988,F,Quilmes,18,"10,00",Ama de casa / tareas de cuidado,Terciario en curso,Si,25 a 34,Destacado
L-2025-2989,M,La Matanza,35,"7,53",Desempleado,Secundario completo,Si,18 a 24,Aprobado
L-2025-2990,M,Lomas de Zamora,33,"7,63",Monotributista / independiente,Secundario completo,No,35 a 44,Aprobado
L-2025-2991,M,Lomas de Zamora,36,"7,93",Desempleado,Secundario completo,Si,45 a 54,Aprobado
L-2025-2992,F,La Matanza,17,"10,00",Ama de casa / tareas de cuidado,Secundario completo,No,25 a 34,Destacado
L-2025-2993,M,Lanús,39,"5,47",Empleo informal,Secundario completo,No,35 a 44,Desaprobado
L-2025-2994,M,Quilmes,33,"6,12",Desempleado,Secundario completo,Si,35 a 44,Aprobado
L-2025-2995,M,Mar del Plata,36,"6,77",Trabajos esporádicos,Secundario completo,Si,25 a 34,Aprobado
L-2025-2996,F,Mar del Plata,29,"8,96",Empleado en relación de dependencia,Universitario incompleto,Si,25 a 34,Aprobado
L-2025-2997,M,Lomas de Zamora,33,"8,41",Empleado en relación de dependencia,Universitario incompleto,No,25 a 34,Aprobado
L-2025-2998,F,La Matanza,34,"5,91",Monotributista / independiente,Secundario completo,Si,18 a 24,Desaprobado
L-2025-2999,F,Mar del Plata,36,"7,79",Empleo informal,Sin escolaridad formal,Si,25 a 34,Aprobado
L-2025-3000,F,La Matanza,33,"6,74",Desempleado,Primario incompleto,Si,45 a 54,Aprobado
L-2025-3001,F,La Plata,34,"9,01",Ama de casa / tareas de cuidado,Secundario completo,Si,25 a 34,Destacado
L-2025-3002,M,Lomas de Zamora,33,"7,86",Empleado en relación de dependencia,Secundario completo,Si,25 a 34,Aprobado
L-2025-3003,F,Quilmes,34,"6,64",Monotributista / independiente,Terciario en curso,Si,18 a 24,Aprobado
L-2025-3004,F,Lomas de Zamora,21,"7,26",Empleado en relación de dependencia,Secundario incompleto,No,35 a 44,Aprobado
L-2025-3005,F,Merlo,35,"6,23",Monotributista / independiente,Secundario completo,Si,35 a 44,Aprobado
L-2025-3006,M,La Plata,33,"7,01",Monotributista / independiente,Primario incompleto,Si,18 a 24,Aprobado
L-2025-3007,F,Mar del Plata,18,"8,45",Empleado en relación de dependencia,Terciario en curso,Si,55 y más,Aprobado
L-2025-3008,F,La Matanza,37,"9,41",Empleo informal,Secundario completo,No,25 a 34,Destacado
L-2025-3009,M,Lomas de Zamora,34,"4,46",Desempleado,Secundario incompleto,No,55 y más,Desaprobado
L-2025-3010,M,Avellaneda,34,"6,78",No declara,Secundario completo,Si,25 a 34,Aprobado
L-2025-3011,F,Lanús,35,"8,19",No declara,Secundario incompleto,Si,25 a 34,Aprobado
L-2025-3012,F,Mar del Plata,35,"8,84",Monotributista / independiente,Universitario incompleto,Si,25 a 34,Aprobado
L-2025-3013,F,Lomas de Zamora,22,"8,46",Empleado en relación de dependencia,Primario completo,No,45 a 54,Aprobado
L-2025-3014,M,La Matanza,35,"8,43",Empleado en relación de dependencia,Secundario completo,Si,35 a 44,Aprobado
L-2025-3015,F,Lomas de Zamora,39,"8,32",Monotributista / independiente,Universitario completo,No,45 a 54,Aprobado
L-2025-3016,M,Merlo,38,"9,62",Desempleado,Secundario completo,No,25 a 34,Destacado
L-2025-3017,M,Almirante Brown,32,"4,27",Ama de casa / tareas de cuidado,Sin escolaridad formal,Si,45 a 54,Destacado
L-2025-3018,M,Lomas de Zamora,35,"5,77",Empleo informal,Secundario completo,No,35 a 44,Desaprobado
L-2025-3019,M,La Matanza,33,"7,04",Ama de casa / tareas de cuidado,Secundario incompleto,Si,25 a 34,Aprobado
L-2025-3020,F,La Plata,38,"9,53",Empleado en relación de dependencia,Secundario incompleto,Si,45 a 54,Destacado
L-2025-3021,F,Lanús,36,"4,23",Monotributista / independiente,Secundario completo,Si,45 a 54,Destacado
L-2025-3022,M,Avellaneda,36,"8,50",Empleado en relación de dependencia,Secundario completo,Si,25 a 34,Aprobado
L-2025-3023,M,Mar del Plata,34,"5,79",Ama de casa / tareas de cuidado,Secundario incompleto,Si,35 a 44,Desaprobado
L-2025-3024,F,General San Martín,36,"8,65",Trabajos esporádicos,Secundario completo,No,25 a 34,Aprobado
L-2025-3025,F,Lomas de Zamora,38,"9,95",Empleo informal,Universitario incompleto,No,25 a 34,Destacado
L-2025-3026,F,Mar del Plata,23,"9,74",Trabajos esporádicos,Universitario completo,Si,25 a 34,Destacado
L-2025-3027,F,Mar del Plata,32,"7,81",Monotributista / independiente,Secundario completo,Si,18 a 24,Aprobado
L-2025-3028,M,La Matanza,38,"8,00",Ama de casa / tareas de cuidado,Universitario incompleto,Si,25 a 34,Aprobado
L-2025-3029,M,La Matanza,35,"6,69",Desempleado,Secundario completo,Si,35 a 44,Aprobado
L-2025-3030,F,La Matanza,34,"4,87",Ama de casa / tareas de cuidado,Secundario incompleto,Si,35 a 44,Desaprobado
L-2025-3031,M,Lomas de Zamora,18,"8,28",Empleado en relación de dependencia,Universitario incompleto,Si,25 a 34,Aprobado
L-2025-3032,F,Mar del Plata,37,"6,10",Monotributista / independiente,Secundario completo,Si,55 y más,Aprobado
L-2025-3033,M,Quilmes,37,"8,41",Monotributista / independiente,Secundario incompleto,Si,25 a 34,Aprobado
L-2025-3034,M,General San Martín,34,"8,14",Monotributista / independiente,Universitario incompleto,No,25 a 34,Aprobado
L-2025-3035,F,La Matanza,34,"8,36",Ama de casa / tareas de cuidado,Terciario en curso,No,25 a 34,Aprobado
L-2025-3036,F,Merlo,34,"7,22",Ama de casa / tareas de cuidado,Secundario completo,No,55 y más,Aprobado
L-2025-3037,F,Lanús,37,"7,88",Monotributista / independiente,Secundario incompleto,Si,25 a 34,Aprobado
L-2025-3038,F,Quilmes,34,"7,99",Desempleado,Sin escolaridad formal,No,25 a 34,Aprobado
L-2025-3039,F,Mar del Plata,30,"6,60",Desempleado,Universitario incompleto,Si,25 a 34,Aprobado
L-2025-3040,F,La Plata,35,"5,35",Ama de casa / tareas de cuidado,Secundario completo,No,35 a 44,Desaprobado
L-2025-3041,M,Lomas de Zamora,36,"5,95",Trabajos esporádicos,Secundario completo,Si,35 a 44,Desaprobado
L-2025-3042,F,Avellaneda,37,"8,93",Monotributista / independiente,Universitario incompleto,No,55 y más,Aprobado
L-2025-3043,F,La Plata,39,"8,71",Monotributista / independiente,Terciario completo,Si,45 a 54,Aprobado
L-2025-3044,M,Avellaneda,36,"5,62",Empleado en relación de dependencia,Secundario completo,Si,55 y más,Desaprobado
L-2025-3045,M,La Plata,36,"5,80",Ama de casa / tareas de cuidado,Secundario completo,Si,55 y más,Desaprobado
L-2025-3046,M,La Plata,34,"10,00",Desempleado,Secundario incompleto,Si,45 a 54,Destacado
L-2025-3047,F,La Matanza,38,"8,11",Desempleado,Secundario incompleto,Si,25 a 34,Aprobado
L-2025-3048,M,Almirante Brown,35,"5,07",Ama de casa / tareas de cuidado,Secundario completo,Si,55 y más,Desaprobado
L-2025-3049,M,Lomas de Zamora,36,"7,74",Ama de casa / tareas de cuidado,Universitario incompleto,Si,25 a 34,Aprobado
L-2025-3050,M,La Matanza,34,"6,89",Desempleado,Primario incompleto,Si,25 a 34,Aprobado
L-2025-3051,M,Mar del Plata,38,"4,46",Empleo informal,Sin escolaridad formal,Si,18 a 24,Desaprobado
L-2025-3052,F,Almirante Brown,38,"5,21",Monotributista / independiente,Primario completo,Si,45 a 54,Aprobado
L-2025-3053,F,La Matanza,37,"8,08",Desempleado,Secundario incompleto,Si,45 a 54,Aprobado
L-2025-3054,F,La Plata,37,"4,77",Monotributista / independiente,Universitario incompleto,No,55 y más,Desaprobado
L-2025-3055,F,Lomas de Zamora,36,"6,10",Monotributista / independiente,Universitario incompleto,Si,25 a 34,Aprobado
L-2025-3056,M,Merlo,37,"6,36",Empleo informal,Terciario en curso,Si,35 a 44,Aprobado
L-2025-3057,F,Mar del Plata,37,"5,31",Monotributista / independiente,Universitario incompleto,Si,35 a 44,Desaprobado
L-2025-3058,M,Almirante Brown,35,"5,73",Monotributista / independiente,Secundario incompleto,Si,35 a 44,Desaprobado
L-2025-3059,F,Mar del Plata,33,"8,18",No declara,Universitario incompleto,No,45 a 54,Aprobado
L-2025-3060,M,La Plata,36,"8,63",Empleo informal,Secundario incompleto,Si,25 a 34,Aprobado
L-2025-3061,F,Quilmes,35,"4,35",Desempleado,Terciario en curso,Si,35 a 44,Desaprobado
L-2025-3062,M,General San Martín,38,"7,60",Desempleado,Secundario incompleto,Si,25 a 34,Aprobado
L-2025-3063,M,La Matanza,36,"4,24",Empleado en relación de dependencia,Secundario incompleto,No,25 a 34,Destacado
L-2025-3064,F,La Matanza,30,"5,85",Ama de casa / tareas de cuidado,Primario incompleto,No,35 a 44,Desaprobado
L-2025-3065,F,General San Martín,36,"5,00",Empleo informal,Secundario completo,No,35 a 44,Desaprobado
L-2025-3066,M,Quilmes,33,"5,59",Empleo informal,Secundario incompleto,Si,35 a 44,Desaprobado
L-2025-3067,M,La Matanza,23,"8,07",Empleado en relación de dependencia,Secundario completo,No,18 a 24,Aprobado
L-2025-3068,M,Lomas de Zamora,33,"6,27",Empleo informal,Terciario en curso,Si,18 a 24,Aprobado
L-2025-3069,M,Lomas de Zamora,37,"8,18",Empleado en relación de dependencia,Secundario completo,Si,25 a 34,Aprobado
L-2025-3070,F,La Matanza,34,"4,43",Empleado en relación de dependencia,Sin escolaridad formal,Si,25 a 34,Destacado
L-2025-3071,M,La Plata,34,"7,18",Monotributista / independiente,Secundario incompleto,Si,35 a 44,Aprobado
L-2025-3072,M,La Plata,36,"6,13",Empleo informal,Primario completo,Si,35 a 44,Aprobado
L-2025-3073,F,Merlo,22,"8,05",Empleado en relación de dependencia,Secundario completo,No,25 a 34,Aprobado
L-2025-3074,F,La Matanza,38,"8,77",Ama de casa / tareas de cuidado,Universitario completo,No,45 a 54,Aprobado
L-2025-3075,F,La Plata,15,"8,45",Empleado en relación de dependencia,Secundario completo,Si,25 a 34,Aprobado
L-2025-3076,F,General San Martín,22,"8,80",Ama de casa / tareas de cuidado,Secundario completo,Si,45 a 54,Aprobado
L-2025-3077,M,La Matanza,38,"5,56",Empleado en relación de dependencia,Secundario incompleto,Si,18 a 24,Desaprobado
L-2025-3078,F,La Matanza,38,"8,18",Empleado en relación de dependencia,Secundario completo,Si,25 a 34,Aprobado
L-2025-3079,M,Avellaneda,32,"7,17",No declara,Secundario incompleto,Si,45 a 54,Aprobado
L-2025-3080,F,La Matanza,38,"5,52",Desempleado,Terciario completo,Si,35 a 44,Desaprobado
L-2025-3081,M,Merlo,36,"7,03",Ama de casa / tareas de cuidado,Primario incompleto,Si,25 a 34,Aprobado
L-2025-3082,F,Mar del Plata,34,"6,43",Desempleado,Secundario completo,Si,35 a 44,Aprobado
L-2025-3083,F,La Matanza,37,"10,00",Monotributista / independiente,Secundario completo,Si,45 a 54,Destacado
L-2025-3084,F,Lomas de Zamora,35,"5,68",Empleo informal,Secundario completo,Si,55 y más,Desaprobado
L-2025-3085,F,La Matanza,38,"6,63",Empleo informal,Terciario completo,No,35 a 44,Aprobado
L-2025-3086,M,La Matanza,34,"8,44",Empleado en relación de dependencia,Primario completo,Si,25 a 34,Aprobado
L-2025-3087,F,Lomas de Zamora,35,"5,33",Empleado en relación de dependencia,Secundario incompleto,No,18 a 24,Desaprobado
L-2025-3088,M,Quilmes,35,"8,33",Empleo informal,Secundario completo,Si,25 a 34,Aprobado
L-2025-3089,F,General San Martín,34,"7,03",Monotributista / independiente,Primario incompleto,Si,25 a 34,Destacado
L-2025-3090,F,La Plata,32,"5,18",Empleado en relación de dependencia,Secundario completo,Si,35 a 44,Desaprobado
L-2025-3091,M,La Plata,36,"9,78",Empleado en relación de dependencia,Terciario completo,Si,35 a 44,Destacado
L-2025-3092,F,La Matanza,35,"9,04",Monotributista / independiente,Secundario incompleto,Si,45 a 54,Destacado
L-2025-3093,F,Merlo,39,"4,79",Empleo informal,Terciario completo,Si,55 y más,Desaprobado
L-2025-3094,F,La Plata,33,"6,49",Monotributista / independiente,Secundario completo,Si,18 a 24,Aprobado
L-2025-3095,F,La Plata,38,"10,00",Trabajos esporádicos,Secundario completo,Si,25 a 34,Destacado
L-2025-3096,M,Quilmes,35,"7,40",Desempleado,Secundario completo,Si,25 a 34,Aprobado
L-2025-3097,F,La Matanza,36,"7,45",Monotributista / independiente,Terciario en curso,Si,25 a 34,Aprobado
L-2025-3098,M,La Plata,38,"4,79",Monotributista / independiente,Universitario incompleto,Si,35 a 44,Desaprobado
L-2025-3099,M,Avellaneda,36,"8,22",Monotributista / independiente,Secundario completo,No,45 a 54,Aprobado
L-2025-3100,F,Merlo,33,"5,69",Desempleado,Secundario completo,Si,35 a 44,Desaprobado
L-2025-3101,F,Mar del Plata,35,"5,17",Desempleado,Secundario incompleto,No,55 y más,Desaprobado
L-2025-3102,M,Almirante Brown,21,"8,91",Empleado en relación de dependencia,Secundario completo,Si,25 a 34,Aprobado
L-2025-3103,F,La Plata,34,"4,28",No declara,Secundario completo,Si,18 a 24,Desaprobado
L-2025-3104,F,General San Martín,36,"9,38",Empleo informal,Universitario incompleto,Si,18 a 24,Destacado
L-2025-3105,M,Avellaneda,35,"9,73",Desempleado,Terciario en curso,Si,25 a 34,Destacado
L-2025-3106,M,Quilmes,38,"9,05",Trabajos esporádicos,Terciario completo,Si,25 a 34,Destacado
L-2025-3107,F,Avellaneda,36,"10,00",Empleo informal,Secundario completo,Si,25 a 34,Destacado
L-2025-3108,F,General San Martín,36,"5,92",Empleo informal,Secundario completo,Si,55 y más,Desaprobado
L-2025-3109,F,La Matanza,21,"8,39",Empleado en relación de dependencia,Secundario incompleto,Si,25 a 34,Aprobado
L-2025-3110,F,La Matanza,37,"9,57",No declara,Universitario completo,Si,18 a 24,Destacado
L-2025-3111,F,La Matanza,36,"7,84",Desempleado,Universitario completo,Si,25 a 34,Aprobado
L-2025-3112,M,General San Martín,20,"7,90",Empleado en relación de dependencia,Terciario en curso,Si,35 a 44,Aprobado
L-2025-3113,M,La Matanza,32,"4,12",Empleo informal,Secundario incompleto,Si,45 a 54,Destacado
L-2025-3114,M,Avellaneda,32,"4,69",Desempleado,Universitario incompleto,Si,55 y más,Desaprobado
L-2025-3115,,La Matanza,37,"7,98",Desempleado,Primario completo,Si,25 a 34,Aprobado
L-2025-3116,M,La Matanza,36,"7,12",Monotributista / independiente,Secundario incompleto,Si,18 a 24,Aprobado
L-2025-3117,F,La Matanza,37,"7,70",Monotributista / independiente,Secundario completo,No,55 y más,Aprobado
L-2025-3118,M,La Matanza,37,"7,82",Empleo informal,Secundario incompleto,Si,25 a 34,Aprobado
L-2025-3119,F,Mar del Plata,39,"6,78",No declara,Secundario completo,No,18 a 24,Aprobado
L-2025-3120,M,Mar del Plata,37,"5,58",No declara,Primario completo,Si,35 a 44,Destacado
L-2025-3121,M,La Matanza,32,"7,30",Empleado en relación de dependencia,Secundario completo,Si,45 a 54,Aprobado
L-2025-3122,M,Lomas de Zamora,29,"9,65",Empleo informal,Terciario en curso,No,25 a 34,Destacado
L-2025-3123,M,Merlo,33,"8,03",Monotributista / independiente,Secundario completo,Si,45 a 54,Aprobado
L-2025-3124,F,La Plata,18,"7,69",Ama de casa / tareas de cuidado,Secundario completo,No,35 a 44,Aprobado
L-2025-3125,M,Mar del Plata,32,"7,53",Empleado en relación de dependencia,Secundario completo,Si,25 a 34,Aprobado
L-2025-3126,F,La Plata,36,"8,88",Empleado en relación de dependencia,Secundario completo,Si,25 a 34,Aprobado
L-2025-3127,F,La Matanza,33,"7,96",Empleo informal,Secundario incompleto,Si,25 a 34,Aprobado
L-2025-3128,M,Merlo,36,"6,26",No declara,Secundario completo,Si,55 y más,Aprobado
L-2025-3129,M,Merlo,33,"4,46",Desempleado,Secundario incompleto,Si,45 a 54,Destacado
L-2025-3130,M,Lomas de Zamora,21,"6,17",Ama de casa / tareas de cuidado,Secundario completo,Si,55 y más,Aprobado
L-2025-3131,M,Merlo,34,"8,13",Monotributista / independiente,Secundario completo,Si,25 a 34,Aprobado
L-2025-3132,F,La Matanza,36,"5,63",Empleado en relación de dependencia,Sin escolaridad formal,No,35 a 44,Desaprobado
L-2025-3133,F,La Plata,36,"9,18",Trabajos esporádicos,Secundario completo,No,25 a 34,Destacado
L-2025-3134,F,Lanús,21,"8,68",Ama de casa / tareas de cuidado,Secundario incompleto,Si,25 a 34,Aprobado
L-2025-3135,F,La Matanza,30,"9,48",Empleado en relación de dependencia,Universitario incompleto,Si,25 a 34,Destacado
L-2025-3136,F,La Plata,35,"4,49",Empleado en relación de dependencia,Universitario incompleto,No,25 a 34,Desaprobado
L-2025-3137,M,Lanús,32,"7,06",Empleado en relación de dependencia,Secundario incompleto,No,45 a 54,Aprobado
L-2025-3138,M,Quilmes,35,"6,72",Desempleado,Secundario incompleto,Si,18 a 24,Aprobado
L-2025-3139,F,La Matanza,16,"9,31",Ama de casa / tareas de cuidado,Secundario completo,Si,45 a 54,Destacado
L-2025-3140,F,La Matanza,35,"6,14",Desempleado,Secundario completo,No,18 a 24,Aprobado
L-2025-3141,M,General San Martín,37,"6,16",Empleado en relación de dependencia,Primario completo,Si,25 a 34,Aprobado
L-2025-3142,M,Lomas de Zamora,40,"6,10",Desempleado,Terciario en curso,Si,35 a 44,Aprobado
L-2025-3143,F,La Plata,38,"9,37",Empleado en relación de dependencia,Secundario completo,Si,45 a 54,Destacado
L-2025-3144,F,La Matanza,33,"8,31",Empleo informal,Secundario completo,Si,25 a 34,Aprobado
L-2025-3145,M,Mar del Plata,37,"8,69",Monotributista / independiente,Secundario completo,No,25 a 34,Aprobado
L-2025-3146,M,Mar del Plata,37,"6,95",Monotributista / independiente,Secundario completo,Si,25 a 34,Aprobado
L-2025-3147,F,Quilmes,35,"7,68",Empleado en relación de dependencia,Universitario incompleto,Si,18 a 24,Aprobado
L-2025-3148,M,La Matanza,29,"7,01",Desempleado,Secundario completo,No,25 a 34,Aprobado
L-2025-3149,F,Merlo,34,"8,58",No declara,Secundario incompleto,No,35 a 44,Aprobado
L-2025-3150,F,Lanús,34,"7,49",Empleado en relación de dependencia,Universitario completo,No,25 a 34,Aprobado
L-2025-3151,M,La Matanza,35,"8,23",Empleado en relación de dependencia,Secundario incompleto,Si,25 a 34,Aprobado
L-2025-3152,M,La Matanza,34,"6,44",Ama de casa / tareas de cuidado,Secundario incompleto,Si,35 a 44,Aprobado
L-2025-3153,M,General San Martín,35,"8,22",Monotributista / independiente,Universitario incompleto,Si,25 a 34,Aprobado
L-2025-3154,F,La Matanza,38,"9,27",Monotributista / independiente,Terciario en curso,Si,25 a 34,Destacado
L-2025-3155,F,La Plata,35,"7,40",Empleo informal,Secundario completo,Si,25 a 34,Aprobado
L-2025-3156,F,La Plata,39,"9,08",Monotributista / independiente,Secundario completo,No,55 y más,Destacado
L-2025-3157,M,La Matanza,17,"4,00",Trabajos esporádicos,Secundario completo,Si,55 y más,Desaprobado
L-2025-3158,F,Avellaneda,38,"6,88",Desempleado,Terciario completo,No,35 a 44,Aprobado
L-2025-3159,M,Quilmes,16,"4,20",Empleado en relación de dependencia,Universitario incompleto,No,18 a 24,Desaprobado
L-2025-3160,F,Lanús,22,"6,22",Ama de casa / tareas de cuidado,Secundario completo,Si,18 a 24,Aprobado
L-2025-3161,M,La Matanza,31,"9,02",Empleado en relación de dependencia,Secundario completo,No,55 y más,Destacado
L-2025-3162,M,La Matanza,33,"8,20",Trabajos esporádicos,Universitario completo,Si,25 a 34,Aprobado
L-2025-3163,F,La Matanza,37,"8,54",Desempleado,Universitario incompleto,Si,25 a 34,Aprobado
L-2025-3164,F,General San Martín,35,"7,98",Empleado en relación de dependencia,Secundario incompleto,Si,25 a 34,Aprobado
L-2025-3165,M,Mar del Plata,21,"6,20",Empleado en relación de dependencia,Universitario incompleto,No,18 a 24,Aprobado
L-2025-3166,F,General San Martín,18,"10,00",Empleado en relación de dependencia,Sin escolaridad formal,Si,25 a 34,Destacado
L-2025-3167,M,Merlo,20,"8,51",Empleado en relación de dependencia,Terciario completo,No,45 a 54,Aprobado
L-2025-3168,F,La Plata,38,"4,68",Ama de casa / tareas de cuidado,Universitario incompleto,Si,55 y más,Desaprobado
L-2025-3169,M,La Matanza,34,"5,54",Empleado en relación de dependencia,Primario incompleto,Si,35 a 44,Desaprobado
L-2025-3170,M,Lomas de Zamora,33,"8,88",Monotributista / independiente,Universitario incompleto,Si,18 a 24,Aprobado
L-2025-3171,M,La Matanza,21,"6,28",Ama de casa / tareas de cuidado,Terciario en curso,Si,18 a 24,Aprobado
L-2025-3172,M,Merlo,35,"6,63",Monotributista / independiente,Terciario completo,No,18 a 24,Aprobado
L-2025-3173,F,Quilmes,35,"5,83",Monotributista / independiente,Secundario completo,Si,35 a 44,Desaprobado
L-2025-3174,F,Merlo,34,"4,12",Empleado en relación de dependencia,Secundario incompleto,No,25 a 34,Destacado
L-2025-3175,F,General San Martín,15,"6,17",Empleado en relación de dependencia,Secundario completo,Si,35 a 44,Aprobado
L-2025-3176,M,La Matanza,35,"8,77",Ama de casa / tareas de cuidado,Secundario completo,Si,45 a 54,Aprobado
L-2025-3177,M,La Plata,36,"9,53",Empleado en relación de dependencia,Secundario incompleto,Si,45 a 54,Destacado
L-2025-3178,M,Quilmes,33,"8,86",Empleado en relación de dependencia,Secundario completo,No,25 a 34,Aprobado
L-2025-3179,M,Quilmes,22,"8,38",Empleado en relación de dependencia,Secundario incompleto,Si,25 a 34,Aprobado
L-2025-3180,M,La Plata,34,"9,65",Empleo informal,Secundario completo,Si,35 a 44,Destacado
L-2025-3181,F,La Plata,33,"8,19",Ama de casa / tareas de cuidado,Terciario en curso,Si,25 a 34,Aprobado
L-2025-3182,F,Lomas de Zamora,36,"4,42",Empleo informal,Secundario incompleto,No,25 a 34,Destacado
L-2025-3183,F,Quilmes,35,"6,84",Desempleado,Secundario incompleto,No,45 a 54,Aprobado
L-2025-3184,M,Almirante Brown,36,"7,21",Empleo informal,Secundario completo,Si,18 a 24,Aprobado
L-2025-3185,M,General San Martín,34,"6,59",Monotributista / independiente,Secundario completo,Si,35 a 44,Aprobado
L-2025-3186,M,General San Martín,33,"5,12",Empleo informal,Primario incompleto,Si,35 a 44,Desaprobado
L-2025-3187,F,Mar del Plata,34,"8,44",Empleado en relación de dependencia,Primario completo,No,45 a 54,Destacado
L-2025-3188,M,La Matanza,32,"7,65",Empleado en relación de dependencia,Secundario completo,Si,45 a 54,Aprobado
L-2025-3189,M,Avellaneda,32,"6,56",Monotributista / independiente,Universitario incompleto,Si,35 a 44,Aprobado
L-2025-3190,F,La Matanza,34,"5,06",Monotributista / independiente,Secundario incompleto,No,18 a 24,Desaprobado
L-2025-3191,F,General San Martín,36,"7,77",Ama de casa / tareas de cuidado,Secundario completo,Si,25 a 34,Aprobado
L-2025-3192,F,La Matanza,36,"6,68",Empleo informal,Universitario incompleto,Si,55 y más,Aprobado
L-2025-3193,F,Avellaneda,34,"8,02",Desempleado,Secundario incompleto,No,18 a 24,Aprobado
L-2025-3194,M,La Matanza,36,"6,59",Desempleado,Sin escolaridad formal,Si,35 a 44,Aprobado
L-2025-3195,F,La Plata,34,"9,41",Empleado en relación de dependencia,Secundario completo,No,45 a 54,Destacado
L-2025-3196,M,La Plata,35,"7,60",Monotributista / independiente,Secundario completo,Si,35 a 44,Aprobado
L-2025-3197,F,La Plata,34,"7,01",Desempleado,Primario incompleto,Si,35 a 44,Aprobado
L-2025-3198,M,La Plata,35,"8,54",Empleo informal,Secundario completo,Si,25 a 34,Aprobado
L-2025-3199,F,Avellaneda,33,"5,10",Ama de casa / tareas de cuidado,Terciario completo,Si,55 y más,Desaprobado
L-2025-3200,M,Mar del Plata,36,"8,42",Desempleado,Secundario completo,No,25 a 34,Aprobado
L-2025-3201,F,Almirante Brown,36,"7,57",Empleado en relación de dependencia,Universitario incompleto,Si,25 a 34,Aprobado
L-2025-3202,F,Mar del Plata,35,"6,49",Empleo informal,Primario completo,Si,35 a 44,Aprobado
L-2025-3203,F,La Matanza,36,"7,11",Empleo informal,Secundario incompleto,No,25 a 34,Aprobado
L-2025-3204,M,Quilmes,35,"8,48",Desempleado,Secundario incompleto,Si,25 a 34,Aprobado
L-2025-3205,F,Lanús,36,"5,65",Desempleado,Secundario incompleto,No,35 a 44,Desaprobado
L-2025-3206,F,Avellaneda,36,"8,35",Desempleado,Secundario incompleto,No,25 a 34,Aprobado
L-2025-3207,F,Lomas de Zamora,33,"5,85",Desempleado,Secundario completo,Si,55 y más,Desaprobado
L-2025-3208,M,La Matanza,33,"7,15",No declara,Primario incompleto,Si,25 a 34,Aprobado
L-2025-3209,M,Mar del Plata,33,"9,49",Empleado en relación de dependencia,Secundario incompleto,Si,25 a 34,Destacado
L-2025-3210,F,La Plata,33,"5,79",Monotributista / independiente,Secundario completo,No,18 a 24,Desaprobado
L-2025-3211,F,La Matanza,34,"9,33",Ama de casa / tareas de cuidado,Secundario completo,Si,45 a 54,Destacado
L-2025-3212,M,Mar del Plata,33,"9,74",Monotributista / independiente,Terciario en curso,Si,25 a 34,Destacado
L-2025-3213,M,Mar del Plata,33,"9,12",Monotributista / independiente,Secundario incompleto,No,35 a 44,Destacado
L-2025-3214,F,Mar del Plata,38,"7,91",Ama de casa / tareas de cuidado,Secundario completo,Si,25 a 34,Aprobado
L-2025-3215,F,Mar del Plata,34,"7,00",Ama de casa / tareas de cuidado,Universitario incompleto,Si,55 y más,Aprobado
L-2025-3216,F,Almirante Brown,,"7,66",Empleado en relación de dependencia,Universitario incompleto,No,55 y más,Aprobado
L-2025-3217,F,La Matanza,34,"5,37",Monotributista / independiente,Secundario completo,Si,55 y más,Desaprobado
L-2025-3218,M,Quilmes,27,"6,53",Desempleado,Secundario completo,No,18 a 24,Aprobado
L-2025-3219,F,La Plata,34,"5,88",Empleado en relación de dependencia,Secundario completo,Si,18 a 24,Desaprobado
L-2025-3220,F,La Matanza,32,"6,88",Empleo informal,Universitario incompleto,No,25 a 34,Aprobado
L-2025-3221,F,La Matanza,36,"4,12",Ama de casa / tareas de cuidado,Secundario incompleto,Si,25 a 34,Destacado
L-2025-3222,F,Lanús,33,"8,67",Desempleado,Secundario completo,Si,25 a 34,Aprobado
L-2025-3223,M,Avellaneda,38,"10,00",Empleo informal,Secundario completo,Si,25 a 34,Destacado
L-2025-3224,F,Avellaneda,37,"6,74",Desempleado,Secundario completo,Si,55 y más,Aprobado
L-2025-3225,F,Quilmes,31,"6,07",Monotributista / independiente,Secundario completo,Si,35 a 44,Aprobado
L-2025-3226,M,Quilmes,36,"3,98",Empleado en relación de dependencia,Terciario en curso,Si,35 a 44,Desaprobado
L-2025-3227,F,La Matanza,33,"9,42",No declara,Universitario incompleto,No,25 a 34,Destacado
L-2025-3228,M,Almirante Brown,32,"4,82",Empleo informal,Secundario incompleto,Si,35 a 44,Desaprobado
L-2025-3229,M,La Plata,35,"8,62",Desempleado,Secundario completo,Si,25 a 34,Aprobado
L-2025-3230,F,La Matanza,34,"8,77",Trabajos esporádicos,Terciario completo,Si,45 a 54,Aprobado
L-2025-3231,M,Lomas de Zamora,38,"6,18",Desempleado,Secundario completo,Si,35 a 44,Aprobado
L-2025-3232,M,Mar del Plata,32,"7,01",Trabajos esporádicos,Primario incompleto,Si,45 a 54,Destacado
L-2025-3233,M,Mar del Plata,34,"7,14",Empleado en relación de dependencia,Primario incompleto,Si,25 a 34,Aprobado
L-2025-3234,M,Avellaneda,20,"8,46",Empleado en relación de dependencia,Secundario completo,Si,45 a 54,Aprobado
L-2025-3235,F,Lomas de Zamora,38,"8,71",Desempleado,Secundario incompleto,Si,45 a 54,Aprobado
L-2025-3236,M,La Matanza,37,"8,77",Empleado en relación de dependencia,Primario completo,No,25 a 34,Aprobado
L-2025-3237,M,La Plata,37,"5,64",Empleo informal,Secundario incompleto,No,18 a 24,Desaprobado
L-2025-3238,F,La Plata,32,"4,66",Empleo informal,Universitario incompleto,Si,18 a 24,Desaprobado
L-2025-3239,F,La Matanza,39,"6,22",Empleo informal,Secundario completo,Si,35 a 44,Aprobado
L-2025-3240,M,Merlo,37,"4,03",Empleo informal,Secundario completo,Si,45 a 54,Desaprobado
L-2025-3241,M,Mar del Plata,39,"6,50",Monotributista / independiente,Secundario completo,Si,35 a 44,Aprobado
L-2025-3242,F,La Matanza,32,"8,89",Monotributista / independiente,Terciario completo,Si,45 a 54,Aprobado
L-2025-3243,F,La Plata,34,"8,45",Empleo informal,Primario completo,Si,45 a 54,Destacado
L-2025-3244,F,Mar del Plata,38,"8,26",Ama de casa / tareas de cuidado,Secundario incompleto,Si,25 a 34,Aprobado
L-2025-3245,F,Mar del Plata,34,"8,11",Desempleado,Secundario completo,Si,25 a 34,Aprobado
L-2025-3246,F,La Plata,20,"9,40",Empleado en relación de dependencia,Terciario completo,Si,18 a 24,Destacado
L-2025-3247,F,Quilmes,35,"7,31",Empleo informal,Secundario completo,Si,45 a 54,Aprobado
L-2025-3248,F,La Plata,20,"8,80",Empleado en relación de dependencia,Secundario incompleto,Si,25 a 34,Aprobado
L-2025-3249,M,La Matanza,37,"6,48",Empleo informal,Secundario completo,Si,18 a 24,Aprobado
L-2025-3250,M,Mar del Plata,40,"9,14",Monotributista / independiente,Secundario completo,Si,25 a 34,Destacado
L-2025-3251,M,La Matanza,38,"8,27",Empleado en relación de dependencia,Secundario completo,Si,25 a 34,Aprobado
L-2025-3252,F,La Matanza,32,"10,00",Empleado en relación de dependencia,Terciario completo,No,25 a 34,Destacado
L-2025-3253,M,Mar del Plata,34,"5,63",Empleado en relación de dependencia,Primario completo,Si,35 a 44,Desaprobado
L-2025-3254,M,La Plata,34,"5,88",Empleado en relación de dependencia,Secundario completo,Si,18 a 24,Desaprobado
L-2025-3255,M,Lomas de Zamora,35,"8,12",Ama de casa / tareas de cuidado,Sin escolaridad formal,Si,25 a 34,Aprobado
L-2025-3256,F,La Matanza,33,"6,79",Empleado en relación de dependencia,Universitario incompleto,No,35 a 44,Aprobado
L-2025-3257,F,Quilmes,35,"9,79",Desempleado,Secundario completo,Si,45 a 54,Destacado
L-2025-3258,F,Mar del Plata,34,"7,98",Empleo informal,Secundario incompleto,No,25 a 34,Aprobado
L-2025-3259,F,Lomas de Zamora,38,"7,54",Empleado en relación de dependencia,Universitario incompleto,Si,25 a 34,Aprobado
L-2025-3260,F,La Matanza,35,"7,68",Monotributista / independiente,Secundario incompleto,Si,45 a 54,Aprobado
L-2025-3261,M,La Plata,34,"8,87",No declara,Secundario completo,Si,18 a 24,Aprobado
L-2025-3262,F,La Plata,32,"6,64",Ama de casa / tareas de cuidado,Universitario completo,Si,45 a 54,Aprobado
L-2025-3263,F,La Plata,34,"8,20",Trabajos esporádicos,Primario completo,Si,55 y más,Destacado
L-2025-3264,M,General San Martín,36,"7,67",Desempleado,Terciario en curso,No,35 a 44,Aprobado
L-2025-3265,M,La Plata,35,"6,19",Monotributista / independiente,Secundario incompleto,Si,35 a 44,Aprobado
L-2025-3266,F,Mar del Plata,16,"7,29",Empleado en relación de dependencia,Universitario incompleto,Si,25 a 34,Aprobado
L-2025-3267,M,Avellaneda,34,"5,31",Empleado en relación de dependencia,Secundario incompleto,Si,55 y más,Desaprobado
L-2025-3268,M,Mar del Plata,38,"8,02",Desempleado,Primario completo,Si,45 a 54,Aprobado
L-2025-3269,F,General San Martín,31,"7,06",Desempleado,Secundario completo,Si,18 a 24,Aprobado
L-2025-3270,M,Almirante Brown,34,"8,52",Empleo informal,Universitario incompleto,No,45 a 54,Aprobado
L-2025-3271,M,Merlo,35,"8,98",Monotributista / independiente,Universitario incompleto,No,45 a 54,Aprobado
L-2025-3272,M,La Plata,34,"7,22",Monotributista / independiente,Terciario en curso,Si,35 a 44,Aprobado
L-2025-3273,F,La Matanza,36,"7,50",Ama de casa / tareas de cuidado,Secundario completo,No,25 a 34,Aprobado
L-2025-3274,F,Quilmes,18,"8,78",Empleado en relación de dependencia,Terciario en curso,Si,25 a 34,Aprobado
L-2025-3275,F,Merlo,35,"8,46",Empleado en relación de dependencia,Secundario incompleto,No,25 a 34,Aprobado
L-2025-3276,M,Merlo,35,"8,75",Monotributista / independiente,Secundario completo,Si,25 a 34,Aprobado
L-2025-3277,F,Mar del Plata,33,"6,98",Monotributista / independiente,Secundario completo,Si,25 a 34,Aprobado
L-2025-3278,F,Mar del Plata,34,"7,00",No declara,Primario completo,Si,35 a 44,Aprobado
L-2025-3279,F,Almirante Brown,21,"10,00",Empleado en relación de dependencia,Secundario completo,No,55 y más,Destacado
L-2025-3280,F,Mar del Plata,34,"8,73",Ama de casa / tareas de cuidado,Primario completo,Si,18 a 24,Aprobado
L-2025-3281,M,Quilmes,33,"4,23",Ama de casa / tareas de cuidado,Secundario incompleto,No,35 a 44,Desaprobado
L-2025-3282,M,Quilmes,18,"6,72",Empleado en relación de dependencia,Secundario incompleto,No,18 a 24,Aprobado
L-2025-3283,M,La Plata,31,"7,03",Empleado en relación de dependencia,Sin escolaridad formal,Si,45 a 54,Aprobado
L-2025-3284,F,General San Martín,33,"6,06",Ama de casa / tareas de cuidado,Universitario incompleto,Si,55 y más,Aprobado
L-2025-3285,M,Mar del Plata,33,"8,87",Trabajos esporádicos,Secundario completo,Si,25 a 34,Aprobado
L-2025-3286,M,Lomas de Zamora,32,"9,85",Empleo informal,Universitario incompleto,Si,25 a 34,Destacado
L-2025-3287,M,La Matanza,38,"7,42",Ama de casa / tareas de cuidado,Secundario incompleto,No,35 a 44,Aprobado
L-2025-3288,M,Avellaneda,33,"5,66",Empleo informal,Universitario incompleto,Si,35 a 44,Desaprobado
L-2025-3289,F,La Matanza,36,"6,74",Desempleado,Terciario completo,Si,18 a 24,Aprobado
L-2025-3290,M,General San Martín,36,"7,46",Desempleado,Universitario incompleto,Si,35 a 44,Aprobado
L-2025-3291,F,Mar del Plata,30,"9,00",Empleo informal,Terciario en curso,Si,55 y más,Destacado
L-2025-3292,F,Lomas de Zamora,33,"8,28",Ama de casa / tareas de cuidado,Sin escolaridad formal,Si,25 a 34,Aprobado
L-2025-3293,M,General San Martín,36,"9,49",Desempleado,Secundario incompleto,Si,25 a 34,Destacado
L-2025-3294,M,Merlo,18,"5,63",Empleado en relación de dependencia,Secundario completo,No,35 a 44,Desaprobado
L-2025-3295,F,Lanús,38,"8,20",Monotributista / independiente,Primario completo,Si,25 a 34,Aprobado
L-2025-3296,F,La Plata,34,"7,79",Desempleado,Primario completo,Si,25 a 34,Aprobado
L-2025-3297,F,La Matanza,34,"6,82",Desempleado,Primario completo,Si,35 a 44,Aprobado
L-2025-3298,F,Quilmes,37,"9,43",Desempleado,Universitario completo,Si,25 a 34,Destacado
L-2025-3299,M,La Plata,22,"5,27",Empleado en relación de dependencia,Sin escolaridad formal,No,25 a 34,Desaprobado
L-2025-3300,F,Mar del Plata,37,"8,75",No declara,Secundario incompleto,No,25 a 34,Aprobado
L-2025-3301,F,General San Martín,34,"4,20",Monotributista / independiente,Secundario completo,No,25 a 34,Destacado
L-2025-3302,F,Mar del Plata,35,"5,44",Monotributista / independiente,Primario completo,No,25 a 34,Desaprobado
L-2025-3303,M,Quilmes,34,"7,16",Monotributista / independiente,Secundario completo,Si,45 a 54,Aprobado
L-2025-3304,M,Lomas de Zamora,33,"5,14",Monotributista / independiente,Sin escolaridad formal,Si,35 a 44,Desaprobado
L-2025-3305,M,La Plata,36,"8,66",Monotributista / independiente,Secundario completo,Si,45 a 54,Aprobado
L-2025-3306,F,Mar del Plata,35,"9,17",Ama de casa / tareas de cuidado,Universitario completo,No,18 a 24,Destacado
L-2025-3307,M,La Matanza,38,"6,81",Empleado en relación de dependencia,Secundario incompleto,Si,35 a 44,Aprobado
L-2025-3308,F,General San Martín,34,"10,00",Ama de casa / tareas de cuidado,Secundario completo,Si,45 a 54,Destacado
L-2025-3309,F,Quilmes,36,"7,90",Monotributista / independiente,Secundario incompleto,No,25 a 34,Aprobado
L-2025-3310,F,Quilmes,18,"6,31",Empleado en relación de dependencia,Sin escolaridad formal,Si,55 y más,Aprobado
L-2025-3311,M,La Plata,38,"5,76",Empleado en relación de dependencia,Secundario incompleto,Si,55 y más,Desaprobado
L-2025-3312,F,Quilmes,33,"6,33",Empleo informal,Sin escolaridad formal,No,18 a 24,Aprobado
L-2025-3313,M,La Matanza,36,"7,35",Empleo informal,Secundario completo,Si,18 a 24,Aprobado
L-2025-3314,M,Lomas de Zamora,16,"7,86",Empleado en relación de dependencia,Secundario completo,Si,45 a 54,Aprobado
L-2025-3315,M,La Matanza,34,"7,62",Ama de casa / tareas de cuidado,Secundario incompleto,Si,45 a 54,Aprobado
L-2025-3316,M,La Matanza,33,"9,68",Empleado en relación de dependencia,Secundario incompleto,No,45 a 54,Destacado
L-2025-3317,F,General San Martín,31,"7,53",Desempleado,Secundario completo,Si,25 a 34,Aprobado
L-2025-3318,M,Mar del Plata,35,"8,08",Empleado en relación de dependencia,Primario completo,Si,25 a 34,Aprobado
L-2025-3319,M,Lomas de Zamora,34,"6,35",Empleo informal,Sin escolaridad formal,Si,45 a 54,Aprobado
L-2025-3320,F,La Matanza,21,"7,60",Empleado en relación de dependencia,Primario completo,No,25 a 34,Aprobado
L-2025-3321,F,Mar del Plata,35,"7,31",Monotributista / independiente,Secundario completo,No,25 a 34,Aprobado
L-2025-3322,F,Lomas de Zamora,31,"8,72",Ama de casa / tareas de cuidado,Secundario incompleto,No,25 a 34,Aprobado
L-2025-3323,F,General San Martín,34,"6,82",Monotributista / independiente,Secundario completo,Si,45 a 54,Aprobado
L-2025-3324,F,General San Martín,33,"7,89",Empleo informal,Universitario incompleto,Si,25 a 34,Aprobado
L-2025-3325,M,La Matanza,35,"7,39",Monotributista / independiente,Secundario completo,Si,25 a 34,Aprobado
L-2025-3326,F,La Matanza,34,"4,43",Empleo informal,Sin escolaridad formal,Si,35 a 44,Desaprobado
L-2025-3327,F,La Matanza,34,"7,42",Monotributista / independiente,Secundario completo,Si,35 a 44,Aprobado
L-2025-3328,M,Lomas de Zamora,33,"5,28",Monotributista / independiente,Secundario completo,Si,35 a 44,Desaprobado
L-2025-3329,F,La Matanza,38,"8,10",Monotributista / independiente,Sin escolaridad formal,Si,45 a 54,Aprobado
L-2025-3330,F,Merlo,29,"8,10",Empleado en relación de dependencia,Terciario en curso,Si,25 a 34,Aprobado
L-2025-3331,F,General San Martín,35,"4,44",Monotributista / independiente,Primario incompleto,No,25 a 34,Desaprobado
L-2025-3332,F,La Matanza,35,"8,32",Desempleado,Universitario incompleto,No,25 a 34,Aprobado
L-2025-3333,M,Lanús,31,"4,80",Empleado en relación de dependencia,Secundario incompleto,Si,35 a 44,Desaprobado
L-2025-3334,F,La Plata,17,"9,02",Empleado en relación de dependencia,Secundario completo,Si,25 a 34,Destacado
L-2025-3335,F,Almirante Brown,33,"8,51",Monotributista / independiente,Secundario completo,No,25 a 34,Aprobado
L-2025-3336,F,La Matanza,36,"8,03",Desempleado,Secundario incompleto,Si,25 a 34,Aprobado
L-2025-3337,F,General San Martín,34,"8,35",Empleo informal,Secundario completo,Si,25 a 34,Aprobado
L-2025-3338,F,Quilmes,35,"7,60",Desempleado,Secundario incompleto,No,45 a 54,Aprobado
L-2025-3339,M,Lomas de Zamora,38,"6,26",Empleo informal,Secundario completo,Si,35 a 44,Aprobado
L-2025-3340,F,Merlo,35,"9,72",Monotributista / independiente,Secundario completo,Si,55 y más,Destacado
L-2025-3341,F,Quilmes,35,"8,32",Empleado en relación de dependencia,Secundario incompleto,Si,25 a 34,Aprobado
L-2025-3342,M,Avellaneda,37,"4,64",Desempleado,Primario completo,No,35 a 44,Desaprobado
L-2025-3343,F,Avellaneda,20,"9,48",Empleado en relación de dependencia,Secundario completo,Si,45 a 54,Destacado
L-2025-3344,F,Mar del Plata,36,"9,00",No declara,Universitario incompleto,Si,25 a 34,Aprobado
L-2025-3345,M,General San Martín,34,"4,79",Desempleado,Secundario completo,Si,25 a 34,Desaprobado
L-2025-3346,M,General San Martín,32,"7,03",Monotributista / independiente,Primario incompleto,Si,18 a 24,Aprobado
L-2025-3347,F,Lanús,15,"5,40",Monotributista / independiente,Primario incompleto,No,35 a 44,Desaprobado
L-2025-3348,M,La Plata,33,"8,80",Empleado en relación de dependencia,Secundario incompleto,No,25 a 34,Aprobado
L-2025-3349,F,Lomas de Zamora,34,"5,80",Monotributista / independiente,Secundario completo,Si,55 y más,Desaprobado
L-2025-3350,F,La Plata,32,"4,40",Empleo informal,Secundario completo,Si,25 a 34,Destacado
L-2025-3351,M,La Plata,36,"7,80",Monotributista / independiente,Secundario completo,Si,25 a 34,Aprobado
L-2025-3352,M,General San Martín,34,"9,23",Empleo informal,Universitario incompleto,Si,25 a 34,Destacado
L-2025-3353,F,La Matanza,34,"9,23",Ama de casa / tareas de cuidado,Universitario completo,No,25 a 34,Destacado
L-2025-3354,M,General San Martín,20,"7,88",Empleado en relación de dependencia,Secundario completo,Si,25 a 34,Aprobado
L-2025-3355,M,La Plata,34,"7,95",Empleo informal,Secundario incompleto,Si,25 a 34,Aprobado
L-2025-3356,F,La Matanza,32,"7,03",Ama de casa / tareas de cuidado,Primario incompleto,No,45 a 54,Aprobado
L-2025-3357,F,General San Martín,36,"7,18",Desempleado,Primario incompleto,No,25 a 34,Aprobado
L-2025-3358,M,La Matanza,35,"10,00",Desempleado,Universitario completo,Si,25 a 34,Destacado
L-2025-3359,M,Mar del Plata,35,"6,86",Desempleado,Sin escolaridad formal,Si,18 a 24,Aprobado
L-2025-3360,F,Avellaneda,33,"9,37",Empleado en relación de dependencia,Terciario en curso,Si,25 a 34,Destacado
L-2025-3361,M,La Matanza,38,"8,97",Monotributista / independiente,Secundario completo,Si,25 a 34,Aprobado
L-2025-3362,M,Quilmes,36,"7,69",Trabajos esporádicos,Secundario completo,Si,25 a 34,Aprobado
L-2025-3363,F,Mar del Plata,33,"8,09",Empleado en relación de dependencia,Secundario completo,Si,45 a 54,Aprobado
L-2025-3364,M,Lomas de Zamora,18,"5,36",Empleado en relación de dependencia,Secundario completo,Si,35 a 44,Desaprobado
L-2025-3365,F,Lomas de Zamora,34,"5,22",Empleado en relación de dependencia,Universitario incompleto,No,35 a 44,Desaprobado
L-2025-3366,M,Lomas de Zamora,15,"5,47",Ama de casa / tareas de cuidado,Primario completo,No,18 a 24,Desaprobado
L-2025-3367,M,Mar del Plata,35,"8,64",Desempleado,Secundario incompleto,No,18 a 24,Aprobado
L-2025-3368,M,Mar del Plata,35,"10,00",Empleo informal,Secundario completo,Si,25 a 34,Destacado
L-2025-3369,F,La Matanza,35,"9,69",Desempleado,Secundario completo,Si,45 a 54,Destacado
L-2025-3370,F,La Plata,34,"9,85",Monotributista / independiente,Universitario incompleto,Si,25 a 34,Destacado
L-2025-3371,F,La Plata,29,"7,41",Ama de casa / tareas de cuidado,Secundario completo,Si,35 a 44,Aprobado
L-2025-3372,F,La Matanza,38,"5,18",Empleado en relación de dependencia,Universitario incompleto,Si,35 a 44,Desaprobado
L-2025-3373,F,La Plata,35,"7,14",Empleo informal,Primario incompleto,Si,25 a 34,Destacado
L-2025-3374,F,Mar del Plata,35,"7,48",Empleado en relación de dependencia,Universitario completo,No,18 a 24,Aprobado
L-2025-3375,F,La Plata,33,"3,82",No declara,Secundario completo,Si,35 a 44,Desaprobado
L-2025-3376,F,Quilmes,34,"8,19",Empleado en relación de dependencia,Primario completo,No,25 a 34,Destacado
L-2025-3377,F,Lomas de Zamora,34,"5,33",Empleo informal,Secundario incompleto,Si,18 a 24,Desaprobado
L-2025-3378,M,Lanús,35,"8,35",Empleo informal,Universitario incompleto,Si,45 a 54,Aprobado
L-2025-3379,F,Quilmes,31,"4,94",Desempleado,Secundario incompleto,Si,35 a 44,Desaprobado
L-2025-3380,M,Lanús,35,"8,67",Desempleado,Universitario completo,No,25 a 34,Aprobado
L-2025-3381,M,Avellaneda,34,"6,05",No declara,Terciario en curso,No,35 a 44,Aprobado
L-2025-3382,F,Merlo,34,"8,09",No declara,Sin escolaridad formal,Si,45 a 54,Aprobado
L-2025-3383,M,Lomas de Zamora,30,"9,49",Monotributista / independiente,Universitario incompleto,No,25 a 34,Destacado
L-2025-3384,F,La Plata,33,"8,97",Trabajos esporádicos,Secundario incompleto,No,25 a 34,Aprobado
L-2025-3385,F,Quilmes,33,"9,04",No declara,Secundario completo,Si,25 a 34,Destacado
L-2025-3386,F,La Matanza,32,"6,13",Empleado en relación de dependencia,Universitario completo,Si,55 y más,Aprobado
L-2025-3387,F,Almirante Brown,35,"6,01",Empleado en relación de dependencia,Secundario completo,No,35 a 44,Aprobado
L-2025-3388,M,Quilmes,33,"9,25",Empleado en relación de dependencia,Terciario en curso,Si,25 a 34,Destacado
L-2025-3389,M,La Matanza,34,"6,22",Monotributista / independiente,Secundario completo,No,35 a 44,Aprobado
L-2025-3390,M,Almirante Brown,34,"9,14",Monotributista / independiente,Terciario en curso,Si,25 a 34,Destacado
L-2025-3391,F,General San Martín,35,"8,34",Monotributista / independiente,Terciario en curso,No,25 a 34,Aprobado
L-2025-3392,F,La Matanza,32,"8,92",Empleado en relación de dependencia,Secundario incompleto,No,25 a 34,Aprobado
L-2025-3393,F,Lanús,35,"4,42",No declara,Primario completo,No,18 a 24,Desaprobado
L-2025-3394,M,La Plata,33,"5,42",Empleo informal,Terciario completo,No,35 a 44,Desaprobado
L-2025-3395,F,La Matanza,20,"8,12",Empleado en relación de dependencia,Secundario incompleto,No,55 y más,Aprobado
L-2025-3396,F,La Matanza,33,"9,67",Empleo informal,Secundario completo,Si,25 a 34,Destacado
L-2025-3397,F,La Plata,34,"6,51",Empleado en relación de dependencia,Universitario incompleto,No,45 a 54,Aprobado
L-2025-3398,F,Lanús,36,"8,05",Ama de casa / tareas de cuidado,Sin escolaridad formal,Si,45 a 54,Aprobado
L-2025-3399,M,Lanús,36,"9,52",Desempleado,Universitario incompleto,Si,25 a 34,Destacado
L-2025-3400,F,General San Martín,38,"4,53",Empleo informal,Primario completo,Si,35 a 44,Desaprobado
L-2025-3401,F,Lomas de Zamora,38,"5,63",Monotributista / independiente,Primario incompleto,Si,35 a 44,Desaprobado
L-2025-3402,F,Mar del Plata,32,"6,82",Ama de casa / tareas de cuidado,Secundario incompleto,Si,35 a 44,Aprobado
L-2025-3403,M,Avellaneda,35,"5,59",Empleo informal,Sin escolaridad formal,Si,35 a 44,Desaprobado
L-2025-3404,F,Quilmes,36,"7,90",No declara,Secundario completo,No,45 a 54,Aprobado
L-2025-3405,F,Merlo,33,"5,35",Monotributista / independiente,Terciario en curso,Si,35 a 44,Desaprobado
L-2025-3406,F,Mar del Plata,34,"5,37",Empleado en relación de dependencia,Terciario completo,Si,18 a 24,Desaprobado
L-2025-3407,F,Almirante Brown,36,"6,88",Empleo informal,Primario incompleto,Si,45 a 54,Aprobado
L-2025-3408,F,La Matanza,16,"8,17",Empleado en relación de dependencia,Secundario incompleto,Si,25 a 34,Aprobado
L-2025-3409,F,La Plata,35,"4,27",Monotributista / independiente,Sin escolaridad formal,Si,25 a 34,Destacado
L-2025-3410,F,General San Martín,38,"5,74",Monotributista / independiente,Secundario completo,Si,18 a 24,Desaprobado
L-2025-3411,F,La Matanza,34,"5,20",Empleado en relación de dependencia,Secundario completo,Si,35 a 44,Desaprobado
L-2025-3412,M,La Matanza,37,"5,46",No declara,Secundario completo,Si,35 a 44,Desaprobado
L-2025-3413,F,Lomas de Zamora,35,"8,21",Monotributista / independiente,Sin escolaridad formal,Si,45 a 54,Aprobado
L-2025-3414,F,Mar del Plata,36,"7,54",Desempleado,Secundario completo,Si,25 a 34,Aprobado
L-2025-3415,F,General San Martín,31,"4,69",Empleo informal,Universitario incompleto,Si,35 a 44,Desaprobado
L-2025-3416,M,Quilmes,36,"4,63",Empleo informal,Terciario en curso,Si,35 a 44,Desaprobado
L-2025-3417,F,Lomas de Zamora,34,"8,94",Empleo informal,Universitario completo,Si,25 a 34,Aprobado
L-2025-3418,F,La Plata,32,"8,14",Monotributista / independiente,Secundario completo,No,35 a 44,Aprobado
L-2025-3419,F,Almirante Brown,36,"8,72",Ama de casa / tareas de cuidado,Secundario completo,Si,45 a 54,Aprobado
L-2025-3420,M,La Matanza,18,"5,33",Ama de casa / tareas de cuidado,Secundario completo,Si,55 y más,Desaprobado
L-2025-3421,F,Avellaneda,35,"7,01",Desempleado,Primario incompleto,Si,25 a 34,Aprobado
L-2025-3422,F,La Matanza,38,"5,37",Desempleado,Secundario incompleto,Si,18 a 24,Desaprobado
L-2025-3423,F,La Matanza,34,"4,12",Monotributista / independiente,Universitario completo,Si,35 a 44,Desaprobado
L-2025-3424,M,La Plata,33,"8,09",Monotributista / independiente,Secundario completo,Si,25 a 34,Aprobado
L-2025-3425,F,Almirante Brown,16,"8,21",Empleado en relación de dependencia,Primario completo,Si,25 a 34,Aprobado
L-2025-3426,F,Almirante Brown,33,"8,50",Empleo informal,Secundario incompleto,Si,25 a 34,Aprobado
L-2025-3427,F,General San Martín,38,"9,03",Empleado en relación de dependencia,Secundario incompleto,No,25 a 34,Destacado
L-2025-3428,M,Merlo,36,"4,97",Empleo informal,Secundario completo,Si,18 a 24,Desaprobado
L-2025-3429,M,Almirante Brown,35,"7,43",Empleado en relación de dependencia,Secundario incompleto,Si,18 a 24,Aprobado
L-2025-3430,M,Quilmes,35,"2,18",Ama de casa / tareas de cuidado,Secundario incompleto,Si,55 y más,Desaprobado
L-2025-3431,F,Quilmes,33,"6,12",Empleado en relación de dependencia,Secundario completo,Si,18 a 24,Aprobado
L-2025-3432,F,Mar del Plata,32,"6,46",Empleado en relación de dependencia,Secundario completo,Si,18 a 24,Aprobado
L-2025-3433,F,Avellaneda,34,"8,44",Empleo informal,Primario completo,Si,25 a 34,Destacado
L-2025-3434,F,La Matanza,15,"9,63",Trabajos esporádicos,Universitario incompleto,Si,25 a 34,Destacado
L-2025-3435,F,Lomas de Zamora,33,"6,64",Ama de casa / tareas de cuidado,Universitario completo,Si,55 y más,Aprobado
L-2025-3436,M,Lomas de Zamora,37,"7,31",Monotributista / independiente,Sin escolaridad formal,Si,35 a 44,Aprobado
L-2025-3437,M,La Plata,33,"6,96",Ama de casa / tareas de cuidado,Universitario incompleto,Si,55 y más,Aprobado
L-2025-3438,M,Lomas de Zamora,34,"5,55",Desempleado,Sin escolaridad formal,Si,35 a 44,Desaprobado
L-2025-3439,F,Mar del Plata,36,"7,00",Monotributista / independiente,Primario incompleto,Si,25 a 34,Destacado
L-2025-3440,F,La Plata,35,"10,00",Monotributista / independiente,Secundario completo,Si,25 a 34,Destacado
L-2025-3441,F,La Plata,31,"6,55",Desempleado,Secundario completo,Si,25 a 34,Aprobado
L-2025-3442,F,General San Martín,35,"8,16",Empleo informal,Secundario completo,Si,25 a 34,Aprobado
L-2025-3443,F,Merlo,35,"5,87",Desempleado,Sin escolaridad formal,Si,18 a 24,Desaprobado
L-2025-3444,F,General San Martín,37,"6,06",Monotributista / independiente,Secundario completo,No,25 a 34,Aprobado
L-2025-3445,M,Merlo,32,"9,56",Ama de casa / tareas de cuidado,Secundario completo,No,45 a 54,Destacado
L-2025-3446,M,La Plata,33,"5,08",Ama de casa / tareas de cuidado,Secundario completo,No,35 a 44,Desaprobado
L-2025-3447,M,Mar del Plata,33,"6,90",Empleado en relación de dependencia,Secundario completo,Si,35 a 44,Aprobado
L-2025-3448,F,Lanús,38,"8,11",Ama de casa / tareas de cuidado,Universitario incompleto,No,45 a 54,Aprobado
L-2025-3449,M,General San Martín,38,"7,12",Ama de casa / tareas de cuidado,Secundario incompleto,Si,35 a 44,Aprobado
L-2025-3450,F,La Matanza,34,"7,70",Empleado en relación de dependencia,Terciario completo,Si,45 a 54,Aprobado
L-2025-3451,M,Lomas de Zamora,21,"4,89",Empleado en relación de dependencia,Secundario completo,Si,35 a 44,Desaprobado
L-2025-3452,F,Mar del Plata,36,"8,99",Desempleado,Secundario incompleto,Si,25 a 34,Aprobado
L-2025-3453,M,Avellaneda,33,"10,00",Empleado en relación de dependencia,Universitario completo,Si,25 a 34,Destacado
L-2025-3454,F,General San Martín,36,"5,58",Empleo informal,Secundario incompleto,Si,35 a 44,Desaprobado
L-2025-3455,F,Almirante Brown,21,"7,85",Trabajos esporádicos,Terciario completo,Si,25 a 34,Aprobado
L-2025-3456,F,Mar del Plata,34,"7,35",Empleo informal,Sin escolaridad formal,Si,25 a 34,Aprobado
L-2025-3457,M,Lanús,35,"8,38",Empleado en relación de dependencia,Secundario completo,No,25 a 34,Aprobado
L-2025-3458,F,La Matanza,37,"8,66",Empleo informal,Universitario incompleto,No,25 a 34,Aprobado
L-2025-3459,M,Lomas de Zamora,36,"9,42",Monotributista / independiente,Universitario incompleto,Si,18 a 24,Destacado
L-2025-3460,F,Lomas de Zamora,34,"3,40",Desempleado,Secundario completo,Si,55 y más,Desaprobado
L-2025-3461,M,Lanús,33,"7,59",Empleado en relación de dependencia,Universitario incompleto,Si,55 y más,Aprobado
L-2025-3462,M,Avellaneda,38,"7,62",Empleado en relación de dependencia,Secundario completo,No,25 a 34,Aprobado
L-2025-3463,M,Mar del Plata,35,"5,12",Ama de casa / tareas de cuidado,Secundario completo,No,18 a 24,Desaprobado
L-2025-3464,F,Quilmes,34,"6,54",Monotributista / independiente,Secundario completo,Si,35 a 44,Aprobado
L-2025-3465,M,Avellaneda,38,"8,27",Empleado en relación de dependencia,Secundario incompleto,Si,18 a 24,Aprobado
L-2025-3466,F,La Matanza,36,"4,46",Ama de casa / tareas de cuidado,Sin escolaridad formal,Si,25 a 34,Destacado
L-2025-3467,F,La Matanza,37,"4,39",Monotributista / independiente,Secundario incompleto,Si,25 a 34,Destacado
L-2025-3468,F,General San Martín,38,"8,28",Ama de casa / tareas de cuidado,Secundario completo,Si,45 a 54,Aprobado
L-2025-3469,F,Mar del Plata,36,"8,90",Monotributista / independiente,Secundario completo,Si,25 a 34,Aprobado
L-2025-3470,M,Lomas de Zamora,35,"6,19",Trabajos esporádicos,Terciario en curso,Si,55 y más,Aprobado
L-2025-3471,M,Lanús,40,"6,74",Monotributista / independiente,Terciario en curso,No,45 a 54,Aprobado
L-2025-3472,F,Avellaneda,35,"6,96",Empleado en relación de dependencia,Secundario incompleto,Si,35 a 44,Aprobado
L-2025-3473,F,Almirante Brown,37,"8,25",Monotributista / independiente,Secundario incompleto,Si,45 a 54,Aprobado
L-2025-3474,F,La Matanza,35,"6,44",Empleo informal,Secundario completo,Si,55 y más,Aprobado
L-2025-3475,M,Lanús,37,"7,83",Empleo informal,Universitario incompleto,No,45 a 54,Aprobado
L-2025-3476,F,Avellaneda,36,"8,71",Monotributista / independiente,Secundario incompleto,Si,25 a 34,Aprobado
L-2025-3477,F,Almirante Brown,36,"6,31",Empleado en relación de dependencia,Secundario completo,Si,18 a 24,Aprobado
L-2025-3478,M,Quilmes,37,"10,00",Monotributista / independiente,Universitario incompleto,No,25 a 34,Destacado
L-2025-3479,F,La Matanza,34,"7,43",Monotributista / independiente,Secundario incompleto,Si,55 y más,Aprobado
L-2025-3480,M,Lanús,37,"6,72",Monotributista / independiente,Secundario completo,Si,25 a 34,Aprobado
L-2025-3481,M,Mar del Plata,34,"8,19",Desempleado,Primario completo,Si,45 a 54,Aprobado
L-2025-3482,F,Mar del Plata,35,"4,78",Monotributista / independiente,Secundario incompleto,Si,35 a 44,Desaprobado
L-2025-3483,M,La Plata,21,"6,88",Empleado en relación de dependencia,Primario incompleto,Si,35 a 44,Aprobado
L-2025-3484,M,General San Martín,38,"7,23",Ama de casa / tareas de cuidado,Secundario completo,No,25 a 34,Aprobado
L-2025-3485,F,La Plata,35,"6,17",Monotributista / independiente,Terciario en curso,Si,18 a 24,Aprobado
L-2025-3486,F,Avellaneda,34,"7,37",Empleo informal,Secundario incompleto,No,35 a 44,Aprobado
L-2025-3487,F,La Matanza,31,"8,40",Desempleado,Secundario incompleto,No,25 a 34,Aprobado
L-2025-3488,F,Lomas de Zamora,32,"6,16",Ama de casa / tareas de cuidado,Terciario en curso,No,25 a 34,Aprobado
L-2025-3489,F,La Plata,34,"6,96",Empleado en relación de dependencia,Primario incompleto,Si,25 a 34,Destacado
L-2025-3490,M,Lanús,34,"6,35",Desempleado,Secundario incompleto,Si,35 a 44,Aprobado
L-2025-3491,F,Avellaneda,35,"6,33",No declara,Secundario completo,No,18 a 24,Aprobado
L-2025-3492,M,La Plata,18,"4,46",Trabajos esporádicos,Sin escolaridad formal,Si,25 a 34,Aprobado
L-2025-3493,M,Quilmes,,"6,98",Empleo informal,Secundario completo,Si,45 a 54,Aprobado
L-2025-3494,F,La Matanza,37,"5,99",Monotributista / independiente,Universitario incompleto,Si,45 a 54,Desaprobado
L-2025-3495,F,Mar del Plata,34,"7,55",Empleado en relación de dependencia,Secundario completo,No,25 a 34,Aprobado
L-2025-3496,F,Lanús,36,"5,65",Desempleado,Secundario incompleto,No,18 a 24,Desaprobado
L-2025-3497,M,La Matanza,33,"9,40",Empleado en relación de dependencia,Secundario completo,Si,45 a 54,Destacado
L-2025-3498,F,Mar del Plata,18,"9,14",Empleado en relación de dependencia,Secundario incompleto,Si,45 a 54,Destacado
L-2025-3499,M,Avellaneda,36,"4,46",Monotributista / independiente,Secundario incompleto,Si,55 y más,Desaprobado
L-2025-3500,M,La Matanza,34,"7,42",Empleado en relación de dependencia,Secundario incompleto,Si,25 a 34,Aprobado
L-2025-3501,M,Almirante Brown,36,"7,84",Monotributista / independiente,Secundario incompleto,Si,25 a 34,Aprobado
L-2025-3502,F,La Plata,38,"5,97",Empleo informal,Secundario completo,Si,35 a 44,Desaprobado
L-2025-3503,F,La Plata,34,"5,58",Ama de casa / tareas de cuidado,Primario completo,Si,55 y más,Aprobado
L-2025-3504,F,Merlo,34,"7,83",Desempleado,Primario completo,No,25 a 34,Aprobado
L-2025-3505,M,Lomas de Zamora,37,"4,31",Empleo informal,Secundario completo,Si,25 a 34,Destacado
L-2025-3506,F,Lomas de Zamora,35,"8,33",Empleado en relación de dependencia,Secundario completo,Si,25 a 34,Aprobado
L-2025-3507,F,La Plata,36,"7,18",Empleo informal,Primario incompleto,Si,45 a 54,Aprobado
L-2025-3508,M,Quilmes,35,"7,38",Desempleado,Secundario completo,Si,35 a 44,Aprobado
L-2025-3509,M,Mar del Plata,36,"5,56",Empleado en relación de dependencia,Primario completo,Si,25 a 34,Destacado
L-2025-3510,F,Mar del Plata,38,"8,47",Ama de casa / tareas de cuidado,Universitario incompleto,No,45 a 54,Aprobado
L-2025-3511,F,La Plata,35,"8,22",Desempleado,Universitario incompleto,Si,45 a 54,Aprobado
L-2025-3512,M,Lanús,32,"7,94",Empleado en relación de dependencia,Terciario en curso,Si,45 a 54,Aprobado
L-2025-3513,M,General San Martín,34,"6,15",Empleado en relación de dependencia,Secundario completo,No,18 a 24,Aprobado
L-2025-3514,M,Quilmes,20,"6,42",Ama de casa / tareas de cuidado,Secundario incompleto,Si,18 a 24,Aprobado
L-2025-3515,F,Lomas de Zamora,31,"7,02",Empleo informal,Terciario en curso,Si,55 y más,Aprobado
L-2025-3516,F,La Matanza,17,"7,26",Trabajos esporádicos,Secundario completo,Si,35 a 44,Aprobado
L-2025-3517,M,La Plata,40,"8,28",Monotributista / independiente,Secundario completo,Si,45 a 54,Aprobado
L-2025-3518,F,Merlo,35,"7,25",Empleo informal,Terciario completo,No,18 a 24,Aprobado
L-2025-3519,F,La Plata,35,"7,69",Desempleado,Universitario incompleto,Si,35 a 44,Aprobado
L-2025-3520,F,La Matanza,35,"7,50",Ama de casa / tareas de cuidado,Terciario en curso,Si,25 a 34,Aprobado
L-2025-3521,M,Quilmes,35,"8,24",Monotributista / independiente,Secundario completo,Si,25 a 34,Aprobado
L-2025-3522,F,La Plata,36,"4,86",Empleo informal,Universitario completo,Si,55 y más,Desaprobado
L-2025-3523,F,La Matanza,34,"7,83",Desempleado,Secundario incompleto,Si,25 a 34,Aprobado
L-2025-3524,M,La Plata,37,"8,64",Empleo informal,Secundario incompleto,Si,25 a 34,Aprobado
L-2025-3525,M,Almirante Brown,33,"5,91",Ama de casa / tareas de cuidado,Secundario completo,Si,35 a 44,Desaprobado
L-2025-3526,F,Mar del Plata,30,"9,36",Empleado en relación de dependencia,Terciario en curso,Si,25 a 34,Destacado
L-2025-3527,M,Merlo,36,"7,48",Empleo informal,Universitario incompleto,No,25 a 34,Aprobado
L-2025-3528,M,La Plata,37,"5,98",Empleo informal,Secundario completo,No,55 y más,Desaprobado
L-2025-3529,M,Lomas de Zamora,33,"8,97",Monotributista / independiente,Secundario completo,Si,18 a 24,Aprobado
L-2025-3530,M,Avellaneda,35,"7,94",Empleo informal,Sin escolaridad formal,Si,25 a 34,Aprobado
L-2025-3531,M,La Matanza,36,"7,66",Desempleado,Secundario incompleto,No,35 a 44,Aprobado
L-2025-3532,M,Avellaneda,33,"4,40",Empleo informal,Secundario incompleto,Si,25 a 34,Destacado
L-2025-3533,M,General San Martín,38,"8,52",Empleado en relación de dependencia,Secundario completo,Si,45 a 54,Aprobado
L-2025-3534,F,Avellaneda,33,"9,23",Ama de casa / tareas de cuidado,Primario completo,Si,25 a 34,Destacado
L-2025-3535,F,Lomas de Zamora,38,"6,66",Empleado en relación de dependencia,Universitario incompleto,Si,35 a 44,Aprobado
L-2025-3536,F,La Matanza,35,"5,15",Ama de casa / tareas de cuidado,Secundario completo,Si,25 a 34,Desaprobado
L-2025-3537,M,La Matanza,18,"8,93",Empleado en relación de dependencia,Universitario incompleto,Si,25 a 34,Aprobado
L-2025-3538,F,Lanús,35,"6,94",Monotributista / independiente,Primario completo,Si,18 a 24,Aprobado
L-2025-3539,M,La Matanza,34,"10,00",Ama de casa / tareas de cuidado,Secundario incompleto,Si,45 a 54,Destacado
L-2025-3540,M,La Plata,37,"4,40",Desempleado,Secundario incompleto,Si,45 a 54,Destacado
L-2025-3541,M,Avellaneda,35,"6,20",Monotributista / independiente,Secundario incompleto,No,55 y más,Aprobado
L-2025-3542,F,Lomas de Zamora,34,"8,30",Ama de casa / tareas de cuidado,Terciario en curso,Si,45 a 54,Aprobado
L-2025-3543,M,General San Martín,33,"8,26",Empleado en relación de dependencia,Primario completo,Si,25 a 34,Destacado
L-2025-3544,F,La Plata,37,"8,36",Empleado en relación de dependencia,Secundario incompleto,Si,45 a 54,Aprobado
L-2025-3545,F,La Matanza,35,"7,21",Empleo informal,Secundario completo,Si,25 a 34,Aprobado
L-2025-3546,F,La Plata,22,"3,68",Ama de casa / tareas de cuidado,Universitario incompleto,Si,18 a 24,Desaprobado
L-2025-3547,M,La Matanza,30,"9,15",Empleo informal,Secundario completo,No,45 a 54,Destacado
L-2025-3548,F,La Plata,36,"7,56",Empleo informal,Universitario incompleto,Si,45 a 54,Aprobado
L-2025-3549,M,Mar del Plata,37,"6,56",Desempleado,Secundario incompleto,Si,18 a 24,Aprobado
L-2025-3550,F,La Plata,37,"8,74",Empleo informal,Primario completo,Si,25 a 34,Aprobado
L-2025-3551,F,Almirante Brown,38,"9,78",Desempleado,Terciario en curso,Si,45 a 54,Destacado
L-2025-3552,F,Mar del Plata,35,"7,97",Empleo informal,Secundario completo,Si,25 a 34,Aprobado
L-2025-3553,F,Lomas de Zamora,36,"6,56",Empleo informal,Secundario completo,Si,35 a 44,Aprobado
L-2025-3554,F,La Plata,35,"4,29",Empleo informal,Secundario incompleto,Si,25 a 34,Destacado
L-2025-3555,F,Quilmes,37,"7,37",Monotributista / independiente,Secundario completo,No,35 a 44,Aprobado
L-2025-3556,F,La Matanza,35,"6,30",Desempleado,Secundario completo,Si,35 a 44,Aprobado
L-2025-3557,F,Quilmes,33,"6,87",Empleado en relación de dependencia,Secundario incompleto,No,18 a 24,Aprobado
L-2025-3558,F,Almirante Brown,33,"7,98",Monotributista / independiente,Secundario incompleto,Si,25 a 34,Aprobado
L-2025-3559,M,Mar del Plata,37,"7,66",Empleo informal,Secundario completo,No,45 a 54,Aprobado
L-2025-3560,M,La Matanza,35,"8,17",Desempleado,Secundario completo,Si,25 a 34,Aprobado
L-2025-3561,F,Mar del Plata,35,"7,20",Empleo informal,Secundario incompleto,Si,35 a 44,Aprobado
L-2025-3562,M,Lanús,22,"7,04",Trabajos esporádicos,Secundario completo,Si,25 a 34,Aprobado
L-2025-3563,M,La Matanza,31,"7,98",Empleo informal,Terciario en curso,Si,25 a 34,Aprobado
L-2025-3564,M,La Matanza,18,"7,69",Ama de casa / tareas de cuidado,Universitario incompleto,Si,45 a 54,Aprobado
L-2025-3565,F,General San Martín,37,"7,65",Empleo informal,Secundario incompleto,Si,25 a 34,Aprobado
L-2025-3566,M,Almirante Brown,34,"6,73",Empleo informal,Secundario completo,No,18 a 24,Aprobado
L-2025-3567,M,Lanús,34,"6,45",Ama de casa / tareas de cuidado,Terciario en curso,Si,18 a 24,Aprobado
L-2025-3568,M,Merlo,17,"4,09",Trabajos esporádicos,Terciario completo,Si,35 a 44,Desaprobado
L-2025-3569,F,Quilmes,38,"8,15",Monotributista / independiente,Secundario completo,Si,25 a 34,Aprobado
L-2025-3570,F,General San Martín,36,"9,26",Empleo informal,Secundario completo,Si,25 a 34,Destacado
L-2025-3571,F,La Plata,33,"9,65",Monotributista / independiente,Terciario completo,Si,25 a 34,Destacado
L-2025-3572,F,La Matanza,34,"7,87",Monotributista / independiente,Secundario completo,No,25 a 34,Aprobado
L-2025-3573,F,La Plata,16,"5,60",Ama de casa / tareas de cuidado,Secundario completo,No,35 a 44,Desaprobado
L-2025-3574,M,Lanús,35,"9,14",Empleado en relación de dependencia,Primario completo,Si,45 a 54,Destacado
L-2025-3575,F,La Plata,38,"10,00",Desempleado,Secundario incompleto,No,25 a 34,Destacado
L-2025-3576,F,Quilmes,36,"6,74",Desempleado,Secundario incompleto,Si,35 a 44,Aprobado
L-2025-3577,F,Quilmes,35,"8,40",Desempleado,Secundario completo,Si,25 a 34,Aprobado
L-2025-3578,F,Lomas de Zamora,22,"7,86",Ama de casa / tareas de cuidado,Sin escolaridad formal,Si,25 a 34,Aprobado
L-2025-3579,F,Avellaneda,36,"5,21",Monotributista / independiente,Secundario completo,Si,35 a 44,Desaprobado
L-2025-3580,F,La Matanza,34,"8,02",Monotributista / independiente,Primario completo,Si,45 a 54,Aprobado
L-2025-3581,M,Almirante Brown,34,"8,58",Empleado en relación de dependencia,Secundario incompleto,Si,25 a 34,Aprobado
L-2025-3582,M,Lomas de Zamora,34,"6,70",Empleado en relación de dependencia,Primario incompleto,Si,18 a 24,Aprobado
L-2025-3583,F,La Matanza,20,"8,59",Ama de casa / tareas de cuidado,Terciario en curso,No,45 a 54,Aprobado
L-2025-3584,M,La Plata,32,"6,08",No declara,Universitario incompleto,No,25 a 34,Aprobado
L-2025-3585,M,La Matanza,35,"8,17",Ama de casa / tareas de cuidado,Secundario completo,No,25 a 34,Aprobado
L-2025-3586,F,La Matanza,34,"7,62",Desempleado,Secundario incompleto,Si,25 a 34,Aprobado
L-2025-3587,F,La Plata,33,"10,00",Desempleado,Terciario en curso,Si,25 a 34,Destacado
L-2025-3588,F,La Plata,34,"7,71",Empleo informal,Secundario completo,Si,35 a 44,Aprobado
L-2025-3589,F,Mar del Plata,37,"7,03",Empleo informal,Primario incompleto,No,25 a 34,Aprobado
L-2025-3590,F,Avellaneda,33,"5,11",Ama de casa / tareas de cuidado,Secundario incompleto,Si,55 y más,Desaprobado
L-2025-3591,M,General San Martín,34,"4,12",Empleado en relación de dependencia,Secundario completo,Si,55 y más,Desaprobado
L-2025-3592,M,La Plata,33,"8,49",Empleado en relación de dependencia,Secundario completo,Si,25 a 34,Aprobado
L-2025-3593,F,Mar del Plata,35,"6,78",Desempleado,Secundario completo,Si,35 a 44,Aprobado
L-2025-3594,F,Mar del Plata,37,"5,22",Empleo informal,Secundario completo,Si,55 y más,Desaprobado
L-2025-3595,F,La Matanza,35,"5,46",Desempleado,Secundario incompleto,Si,18 a 24,Desaprobado
L-2025-3596,F,La Matanza,21,"8,19",Empleado en relación de dependencia,Universitario incompleto,No,45 a 54,Aprobado
L-2025-3597,M,La Plata,33,"8,74",Empleado en relación de dependencia,Secundario completo,Si,45 a 54,Aprobado
L-2025-3598,M,Quilmes,35,"4,46",Empleo informal,Secundario incompleto,Si,25 a 34,Destacado
L-2025-3599,F,La Matanza,33,"8,13",Monotributista / independiente,Secundario completo,Si,25 a 34,Aprobado
L-2025-3600,M,La Matanza,38,"8,75",Empleado en relación de dependencia,Secundario completo,No,25 a 34,Aprobado
L-2025-3601,M,La Matanza,38,"6,89",Empleado en relación de dependencia,Terciario completo,Si,18 a 24,Aprobado
L-2025-3602,F,La Plata,34,"5,51",Desempleado,Secundario completo,Si,18 a 24,Desaprobado
L-2025-3603,M,Quilmes,34,"4,88",Empleo informal,Secundario completo,Si,18 a 24,Desaprobado
L-2025-3604,F,La Matanza,32,"8,46",Empleo informal,Secundario completo,Si,25 a 34,Aprobado
L-2025-3605,F,Merlo,15,"4,57",Empleado en relación de dependencia,Universitario completo,Si,55 y más,Desaprobado
L-2025-3606,M,Lomas de Zamora,35,"6,96",Ama de casa / tareas de cuidado,Primario incompleto,Si,18 a 24,Aprobado
L-2025-3607,F,La Matanza,37,"8,90",Empleo informal,Secundario completo,No,25 a 34,Aprobado
L-2025-3608,F,Lomas de Zamora,21,"8,24",Ama de casa / tareas de cuidado,Terciario completo,Si,25 a 34,Aprobado
L-2025-3609,M,La Matanza,37,"6,93",Monotributista / independiente,Secundario completo,Si,18 a 24,Aprobado
L-2025-3610,F,Lanús,36,"7,50",Empleo informal,Secundario completo,No,18 a 24,Aprobado
L-2025-3611,F,Mar del Plata,35,"6,63",Empleo informal,Secundario completo,No,45 a 54,Aprobado
L-2025-3612,F,Lomas de Zamora,34,"7,29",Ama de casa / tareas de cuidado,Secundario completo,Si,35 a 44,Aprobado
L-2025-3613,M,Mar del Plata,34,"4,79",Ama de casa / tareas de cuidado,Secundario incompleto,Si,35 a 44,Desaprobado
L-2025-3614,M,Avellaneda,33,"4,28",Monotributista / independiente,Secundario completo,Si,55 y más,Desaprobado
L-2025-3615,M,Mar del Plata,35,"5,60",Ama de casa / tareas de cuidado,Secundario completo,No,35 a 44,Desaprobado
L-2025-3616,F,Lomas de Zamora,34,"5,43",Empleo informal,Terciario en curso,Si,35 a 44,Desaprobado
L-2025-3617,M,Lomas de Zamora,33,"9,04",Desempleado,Primario completo,Si,25 a 34,Destacado
L-2025-3618,M,La Matanza,37,"7,36",Monotributista / independiente,Terciario en curso,Si,55 y más,Aprobado
L-2025-3619,M,Mar del Plata,37,"6,90",Empleo informal,Sin escolaridad formal,Si,35 a 44,Aprobado
L-2025-3620,M,Quilmes,38,"6,66",Empleado en relación de dependencia,Secundario incompleto,Si,35 a 44,Aprobado
L-2025-3621,F,General San Martín,36,"7,64",Monotributista / independiente,Secundario completo,Si,25 a 34,Aprobado
L-2025-3622,F,Almirante Brown,34,"6,87",Ama de casa / tareas de cuidado,Terciario completo,Si,55 y más,Aprobado
L-2025-3623,M,General San Martín,36,"8,39",Desempleado,Universitario incompleto,Si,25 a 34,Aprobado
L-2025-3624,F,Almirante Brown,33,"8,99",Monotributista / independiente,Secundario completo,Si,25 a 34,Aprobado
L-2025-3625,F,Quilmes,35,"4,40",Desempleado,Secundario incompleto,Si,45 a 54,Desaprobado
L-2025-3626,F,La Matanza,34,"7,67",Empleado en relación de dependencia,Secundario completo,Si,25 a 34,Aprobado
L-2025-3627,F,La Matanza,34,"8,24",Empleado en relación de dependencia,Universitario completo,Si,25 a 34,Aprobado
L-2025-3628,M,La Plata,34,"7,12",Monotributista / independiente,Secundario incompleto,Si,55 y más,Aprobado
L-2025-3629,M,Quilmes,35,"8,12",Monotributista / independiente,Secundario completo,Si,25 a 34,Aprobado
L-2025-3630,F,La Matanza,37,"4,43",Empleado en relación de dependencia,Sin escolaridad formal,Si,25 a 34,Destacado
L-2025-3631,M,Quilmes,34,"5,21",Empleado en relación de dependencia,Primario completo,Si,25 a 34,Aprobado
L-2025-3632,F,Lomas de Zamora,38,"8,32",Desempleado,Primario completo,Si,45 a 54,Aprobado
L-2025-3633,M,Mar del Plata,31,"8,75",Monotributista / independiente,Secundario incompleto,Si,45 a 54,Aprobado
L-2025-3634,F,Merlo,37,"9,03",Empleo informal,Secundario incompleto,Si,25 a 34,Destacado
L-2025-3636,M,Mar del Plata,17,"8,26",Empleado en relación de dependencia,Terciario completo,No,25 a 34,Aprobado
L-2025-3637,M,La Plata,34,"9,33",Empleado en relación de dependencia,Secundario completo,No,45 a 54,Destacado
L-2025-3638,F,Lomas de Zamora,17,"5,38",Empleado en relación de dependencia,Primario completo,Si,25 a 34,Aprobado
L-2025-3639,F,Merlo,38,"8,96",Ama de casa / tareas de cuidado,Secundario incompleto,Si,25 a 34,Aprobado
L-2025-3640,M,La Plata,31,"7,83",Ama de casa / tareas de cuidado,Secundario incompleto,Si,25 a 34,Aprobado
L-2025-3641,M,La Matanza,18,"4,11",Ama de casa / tareas de cuidado,Secundario completo,Si,45 a 54,Destacado
L-2025-3642,M,La Plata,36,"6,31",Empleo informal,Secundario completo,Si,35 a 44,Aprobado
L-2025-3643,F,Merlo,36,"6,80",Empleo informal,Secundario completo,Si,35 a 44,Aprobado
L-2025-3644,F,La Matanza,37,"9,14",Empleo informal,Universitario incompleto,Si,45 a 54,Destacado
L-2025-3645,F,Lanús,36,"10,00",No declara,Secundario incompleto,Si,45 a 54,Destacado
L-2025-3646,F,Quilmes,34,"9,53",Empleado en relación de dependencia,Secundario completo,Si,45 a 54,Destacado
L-2025-3647,F,La Matanza,33,"5,76",Empleado en relación de dependencia,Terciario en curso,Si,35 a 44,Desaprobado
L-2025-3648,M,Merlo,38,"8,20",Monotributista / independiente,Primario completo,No,25 a 34,Aprobado
L-2025-3649,F,Almirante Brown,35,"8,87",Monotributista / independiente,Terciario completo,Si,25 a 34,Aprobado
L-2025-3650,M,La Matanza,33,"6,19",Desempleado,Universitario incompleto,Si,35 a 44,Aprobado
L-2025-3651,F,La Plata,33,"9,21",Ama de casa / tareas de cuidado,Universitario incompleto,No,25 a 34,Destacado
L-2025-3652,F,Merlo,20,"7,78",Empleado en relación de dependencia,Secundario completo,Si,25 a 34,Aprobado
L-2025-3653,M,Lanús,35,"6,89",Empleo informal,Secundario completo,Si,25 a 34,Aprobado
L-2025-3654,M,La Plata,32,"7,18",Empleado en relación de dependencia,Terciario en curso,Si,45 a 54,Aprobado
L-2025-3655,M,General San Martín,35,"6,95",Empleo informal,Secundario incompleto,Si,55 y más,Aprobado
L-2025-3656,F,Avellaneda,34,"10,00",Empleo informal,Secundario completo,Si,25 a 34,Destacado
L-2025-3657,M,Quilmes,31,"4,48",Monotributista / independiente,Primario incompleto,Si,35 a 44,Desaprobado
L-2025-3658,F,Quilmes,35,"9,62",Trabajos esporádicos,Secundario incompleto,Si,25 a 34,Destacado
L-2025-3659,F,Lomas de Zamora,17,"5,07",Empleado en relación de dependencia,Secundario incompleto,Si,35 a 44,Desaprobado
L-2025-3660,F,La Plata,35,"7,14",Monotributista / independiente,Primario incompleto,Si,25 a 34,Aprobado
L-2025-3661,M,La Matanza,36,"9,60",Ama de casa / tareas de cuidado,Secundario completo,Si,25 a 34,Destacado
L-2025-3662,M,La Plata,34,"8,81",Empleado en relación de dependencia,Secundario incompleto,No,25 a 34,Aprobado
L-2025-3663,F,Quilmes,34,"7,31",Empleo informal,Terciario completo,Si,35 a 44,Aprobado
L-2025-3664,M,Mar del Plata,32,"8,87",Ama de casa / tareas de cuidado,Secundario completo,Si,25 a 34,Aprobado
L-2025-3665,M,Mar del Plata,35,"8,11",Monotributista / independiente,Secundario incompleto,No,25 a 34,Aprobado
L-2025-3666,F,General San Martín,37,"5,41",Desempleado,Terciario en curso,Si,35 a 44,Desaprobado
L-2025-3667,M,La Matanza,20,"8,39",Empleado en relación de dependencia,Secundario incompleto,No,25 a 34,Aprobado
L-2025-3668,F,Quilmes,34,"7,13",Empleado en relación de dependencia,Universitario incompleto,Si,25 a 34,Aprobado
L-2025-3669,M,La Matanza,32,"8,71",Monotributista / independiente,Terciario en curso,Si,25 a 34,Aprobado
L-2025-3670,F,Lomas de Zamora,20,"6,79",Ama de casa / tareas de cuidado,Secundario completo,Si,18 a 24,Aprobado
L-2025-3671,M,Lomas de Zamora,35,"7,04",No declara,Secundario completo,No,55 y más,Aprobado
L-2025-3672,F,Almirante Brown,35,"9,05",Empleo informal,Terciario completo,Si,25 a 34,Destacado
L-2025-3673,F,Mar del Plata,38,"8,10",Empleado en relación de dependencia,Secundario incompleto,Si,25 a 34,Aprobado
L-2025-3674,M,Lomas de Zamora,15,"8,37",Ama de casa / tareas de cuidado,Primario completo,Si,18 a 24,Aprobado
L-2025-3675,M,La Matanza,34,"4,54",Desempleado,Secundario completo,Si,55 y más,Desaprobado
L-2025-3676,F,Lomas de Zamora,22,"6,63",Empleado en relación de dependencia,Universitario completo,Si,25 a 34,Aprobado
L-2025-3677,M,La Matanza,34,"5,32",Ama de casa / tareas de cuidado,Primario completo,Si,35 a 44,Desaprobado
L-2025-3678,M,La Plata,33,"8,19",Empleado en relación de dependencia,Secundario incompleto,Si,45 a 54,Aprobado
L-2025-3679,M,La Matanza,36,"5,67",Monotributista / independiente,Secundario completo,Si,35 a 44,Desaprobado
L-2025-3680,M,La Plata,22,"7,55",Ama de casa / tareas de cuidado,Secundario completo,Si,25 a 34,Aprobado
L-2025-3681,F,La Plata,20,"8,02",Trabajos esporádicos,Secundario completo,No,25 a 34,Aprobado
L-2025-3682,F,La Plata,31,"5,01",Trabajos esporádicos,Secundario incompleto,No,35 a 44,Desaprobado
L-2025-3683,F,Almirante Brown,37,"7,44",Monotributista / independiente,Secundario incompleto,No,45 a 54,Aprobado
L-2025-3684,F,Quilmes,33,"7,70",Empleado en relación de dependencia,Primario completo,Si,55 y más,Aprobado
L-2025-3685,F,Lanús,36,"6,31",Empleado en relación de dependencia,Universitario incompleto,Si,18 a 24,Aprobado
L-2025-3686,F,La Matanza,38,"4,19",Ama de casa / tareas de cuidado,Secundario incompleto,Si,25 a 34,Destacado
L-2025-3687,F,Mar del Plata,38,"6,21",Desempleado,Secundario incompleto,Si,35 a 44,Aprobado
L-2025-3688,M,Lanús,20,"6,91",Empleado en relación de dependencia,Secundario incompleto,Si,45 a 54,Aprobado
L-2025-3689,F,La Matanza,22,"9,48",Empleado en relación de dependencia,Terciario completo,Si,45 a 54,Destacado
L-2025-3690,F,La Matanza,18,"6,16",Trabajos esporádicos,Sin escolaridad formal,Si,25 a 34,Aprobado
L-2025-3691,F,La Matanza,35,"6,19",Desempleado,Secundario incompleto,Si,35 a 44,Aprobado
L-2025-3692,F,Mar del Plata,31,"9,73",Empleo informal,Secundario completo,Si,25 a 34,Destacado
L-2025-3693,F,La Plata,31,"5,55",Empleado en relación de dependencia,Universitario incompleto,Si,55 y más,Desaprobado
L-2025-3694,M,Avellaneda,34,"5,49",Empleo informal,Terciario completo,Si,35 a 44,Desaprobado
L-2025-3695,F,Lanús,35,"4,91",Empleo informal,Secundario completo,Si,35 a 44,Desaprobado
L-2025-3696,F,Avellaneda,33,"7,59",Ama de casa / tareas de cuidado,Secundario completo,Si,25 a 34,Aprobado
L-2025-3697,F,Merlo,35,"5,74",Trabajos esporádicos,Universitario completo,Si,35 a 44,Desaprobado
L-2025-3698,M,La Plata,32,"8,72",Ama de casa / tareas de cuidado,Secundario completo,Si,25 a 34,Aprobado
L-2025-3699,M,Lomas de Zamora,36,"4,63",Empleo informal,Secundario incompleto,Si,35 a 44,Desaprobado
L-2025-3700,F,La Plata,35,"7,89",Empleado en relación de dependencia,Secundario completo,Si,25 a 34,Aprobado
L-2025-3701,M,La Matanza,17,"8,29",Empleado en relación de dependencia,Secundario incompleto,No,25 a 34,Aprobado
L-2025-3702,M,Lomas de Zamora,38,"5,64",Desempleado,Primario completo,No,35 a 44,Desaprobado
L-2025-3703,M,Quilmes,34,"9,88",Empleo informal,Universitario incompleto,Si,25 a 34,Destacado
L-2025-3704,F,Merlo,32,"8,94",Monotributista / independiente,Universitario incompleto,No,25 a 34,Aprobado
L-2025-3705,F,Lomas de Zamora,36,"2,35",No declara,Sin escolaridad formal,Si,55 y más,Desaprobado
L-2025-3706,F,Quilmes,32,"7,45",Empleado en relación de dependencia,Secundario completo,Si,25 a 34,Aprobado
L-2025-3707,M,Mar del Plata,36,"10,00",Desempleado,Secundario incompleto,Si,25 a 34,Destacado
L-2025-3708,F,La Plata,36,"9,37",Desempleado,Secundario completo,Si,25 a 34,Destacado
L-2025-3709,M,Mar del Plata,21,"9,68",Empleado en relación de dependencia,Secundario incompleto,No,25 a 34,Destacado
L-2025-3710,M,Lomas de Zamora,33,"7,89",Monotributista / independiente,Terciario completo,Si,45 a 54,Aprobado
L-2025-3711,M,Lanús,18,"5,28",Ama de casa / tareas de cuidado,Secundario completo,Si,18 a 24,Desaprobado
L-2025-3712,F,Lomas de Zamora,35,"4,11",Empleado en relación de dependencia,Universitario incompleto,Si,55 y más,Desaprobado
L-2025-3713,M,Lanús,37,"5,31",Desempleado,Secundario incompleto,Si,35 a 44,Desaprobado
L-2025-3714,M,Almirante Brown,38,"9,49",Ama de casa / tareas de cuidado,Secundario incompleto,Si,25 a 34,Destacado
L-2025-3715,M,La Plata,16,"9,14",Trabajos esporádicos,Secundario completo,Si,25 a 34,Destacado
L-2025-3716,F,Lanús,35,"9,60",Monotributista / independiente,Secundario completo,Si,25 a 34,Destacado
L-2025-3717,F,La Plata,36,"6,30",Monotributista / independiente,Terciario en curso,Si,18 a 24,Aprobado
L-2025-3718,M,Mar del Plata,35,"5,38",Trabajos esporádicos,Primario completo,Si,25 a 34,Destacado
L-2025-3719,F,La Matanza,37,"8,64",Empleo informal,Secundario incompleto,No,25 a 34,Aprobado
L-2025-3720,M,Quilmes,38,"6,42",Empleo informal,Secundario completo,No,35 a 44,Aprobado
L-2025-3721,F,La Matanza,33,"5,90",Desempleado,Secundario incompleto,Si,35 a 44,Desaprobado
L-2025-3722,F,Mar del Plata,38,"9,55",Trabajos esporádicos,Terciario en curso,Si,25 a 34,Destacado
L-2025-3723,F,La Matanza,35,"5,90",Monotributista / independiente,Terciario en curso,Si,35 a 44,Desaprobado
L-2025-3724,M,Quilmes,35,"9,68",Empleo informal,Universitario incompleto,Si,25 a 34,Destacado
L-2025-3725,F,La Matanza,35,"8,15",Empleado en relación de dependencia,Secundario completo,Si,25 a 34,Aprobado
L-2025-3726,M,Quilmes,22,"9,10",Empleado en relación de dependencia,Secundario completo,No,25 a 34,Destacado
L-2025-3727,F,General San Martín,15,"7,06",Ama de casa / tareas de cuidado,Secundario completo,No,25 a 34,Aprobado
L-2025-3728,F,Avellaneda,38,"3,29",Empleado en relación de dependencia,Secundario incompleto,Si,55 y más,Desaprobado
L-2025-3729,M,La Matanza,38,"7,94",Desempleado,Secundario completo,Si,25 a 34,Aprobado
L-2025-3730,F,La Plata,22,"7,03",Empleado en relación de dependencia,Secundario completo,No,25 a 34,Aprobado
L-2025-3731,F,General San Martín,37,"4,40",Desempleado,Primario incompleto,Si,18 a 24,Desaprobado
L-2025-3732,F,Quilmes,37,"6,94",Desempleado,Terciario completo,Si,45 a 54,Aprobado
L-2025-3733,M,Lomas de Zamora,32,"9,01",No declara,Secundario completo,Si,25 a 34,Destacado
L-2025-3734,M,Almirante Brown,34,"4,40",Monotributista / independiente,Secundario incompleto,Si,45 a 54,Destacado
L-2025-3735,F,Quilmes,33,"7,75",Desempleado,Secundario completo,Si,25 a 34,Aprobado
L-2025-3736,F,Avellaneda,38,"7,69",Ama de casa / tareas de cuidado,Secundario completo,Si,25 a 34,Aprobado
L-2025-3737,M,La Matanza,36,"4,29",Monotributista / independiente,Primario incompleto,Si,45 a 54,Desaprobado
L-2025-3738,M,Almirante Brown,20,"5,85",Trabajos esporádicos,Secundario incompleto,Si,55 y más,Desaprobado
L-2025-3739,F,La Matanza,32,"7,53",Empleado en relación de dependencia,Secundario incompleto,No,25 a 34,Aprobado
L-2025-3740,F,La Matanza,34,"4,23",Empleado en relación de dependencia,Secundario incompleto,Si,45 a 54,Destacado
L-2025-3741,F,Lomas de Zamora,36,"5,32",Empleado en relación de dependencia,Secundario completo,Si,35 a 44,Desaprobado
L-2025-3742,M,Lomas de Zamora,35,"7,86",Empleado en relación de dependencia,Universitario completo,Si,25 a 34,Aprobado
L-2025-3743,F,Mar del Plata,33,"7,91",Ama de casa / tareas de cuidado,Secundario completo,Si,45 a 54,Aprobado
L-2025-3744,M,General San Martín,34,"2,74",Ama de casa / tareas de cuidado,Terciario completo,Si,45 a 54,Desaprobado
L-2025-3745,F,Lanús,34,"7,44",Monotributista / independiente,Sin escolaridad formal,Si,25 a 34,Aprobado
L-2025-3746,M,Lomas de Zamora,32,"9,08",Empleado en relación de dependencia,Secundario completo,Si,25 a 34,Destacado
L-2025-3747,F,La Plata,15,"8,13",Ama de casa / tareas de cuidado,Secundario completo,Si,25 a 34,Aprobado
L-2025-3748,M,Mar del Plata,35,"4,16",Monotributista / independiente,Secundario completo,No,45 a 54,Destacado
L-2025-3749,F,Merlo,40,"6,47",No declara,Secundario completo,Si,25 a 34,Aprobado
L-2025-3750,F,Mar del Plata,34,"6,23",Ama de casa / tareas de cuidado,Secundario incompleto,Si,35 a 44,Aprobado
L-2025-3751,M,Merlo,36,"5,26",Monotributista / independiente,Terciario completo,Si,35 a 44,Desaprobado
L-2025-3752,M,La Plata,35,"10,00",Empleo informal,Secundario completo,Si,25 a 34,Destacado
L-2025-3753,F,La Plata,17,"7,07",Empleado en relación de dependencia,Universitario incompleto,Si,35 a 44,Aprobado
L-2025-3754,F,La Matanza,33,"8,63",Empleado en relación de dependencia,Secundario incompleto,Si,25 a 34,Aprobado
L-2025-3755,F,Merlo,34,"7,35",Empleo informal,Primario completo,Si,25 a 34,Aprobado
L-2025-3756,F,Lomas de Zamora,33,"7,27",No declara,Terciario en curso,No,18 a 24,Aprobado
L-2025-3757,M,Quilmes,17,"5,44",Empleado en relación de dependencia,Primario completo,Si,45 a 54,Aprobado
L-2025-3758,F,General San Martín,34,"5,35",Empleado en relación de dependencia,Secundario incompleto,Si,18 a 24,Desaprobado
L-2025-3759,M,La Matanza,34,"5,18",Monotributista / independiente,Secundario completo,Si,35 a 44,Desaprobado
L-2025-3760,M,Lanús,30,"9,08",Monotributista / independiente,Secundario completo,Si,45 a 54,Destacado
L-2025-3761,M,General San Martín,20,"7,95",Empleado en relación de dependencia,Secundario completo,Si,25 a 34,Aprobado
L-2025-3762,M,Lomas de Zamora,22,"5,95",Empleado en relación de dependencia,Primario completo,Si,18 a 24,Desaprobado
L-2025-3763,M,La Plata,38,"7,59",Monotributista / independiente,Secundario completo,Si,25 a 34,Aprobado
L-2025-3764,F,La Plata,35,"8,97",Empleo informal,Secundario completo,Si,25 a 34,Aprobado
L-2025-3765,F,La Plata,36,"6,94",Empleado en relación de dependencia,Primario incompleto,Si,25 a 34,Aprobado
L-2025-3766,F,Lomas de Zamora,35,"7,35",Empleo informal,Secundario incompleto,Si,35 a 44,Aprobado
L-2025-3767,M,Mar del Plata,36,"8,06",Ama de casa / tareas de cuidado,Secundario completo,No,45 a 54,Aprobado
L-2025-3768,F,La Plata,35,"8,69",Monotributista / independiente,Secundario completo,Si,45 a 54,Aprobado
L-2025-3769,M,Lomas de Zamora,18,"4,45",Empleado en relación de dependencia,Secundario completo,Si,55 y más,Desaprobado
L-2025-3770,M,Lomas de Zamora,34,"8,04",Empleado en relación de dependencia,Terciario en curso,Si,25 a 34,Aprobado
L-2025-3771,M,General San Martín,35,"9,31",Empleo informal,Terciario completo,Si,25 a 34,Destacado
L-2025-3772,M,La Matanza,33,"8,76",Ama de casa / tareas de cuidado,Secundario completo,Si,25 a 34,Aprobado
L-2025-3773,M,Merlo,33,"6,66",Desempleado,Primario completo,Si,45 a 54,Aprobado
L-2025-3774,F,Avellaneda,34,"7,54",Desempleado,Secundario completo,Si,18 a 24,Aprobado
L-2025-3775,F,General San Martín,21,"7,68",Empleado en relación de dependencia,Universitario incompleto,Si,45 a 54,Aprobado
L-2025-3776,M,Mar del Plata,35,"7,84",Desempleado,Secundario completo,Si,25 a 34,Aprobado
L-2025-3777,F,La Matanza,37,"7,03",Empleo informal,Primario incompleto,No,25 a 34,Destacado
L-2025-3778,F,Merlo,38,"6,25",Empleado en relación de dependencia,Secundario completo,Si,25 a 34,Aprobado
L-2025-3779,F,La Matanza,36,"5,10",Desempleado,Secundario incompleto,Si,35 a 44,Desaprobado
L-2025-3780,M,Lomas de Zamora,36,"7,56",Empleo informal,Secundario completo,Si,35 a 44,Aprobado
L-2025-3781,F,Mar del Plata,34,"8,15",Monotributista / independiente,Secundario incompleto,Si,45 a 54,Aprobado
L-2025-3782,M,General San Martín,35,"5,08",Empleo informal,Secundario incompleto,No,25 a 34,Desaprobado
L-2025-3783,M,Avellaneda,33,"6,20",Empleo informal,Secundario completo,No,18 a 24,Aprobado
L-2025-3784,M,La Matanza,31,"7,60",Empleado en relación de dependencia,Secundario completo,No,45 a 54,Aprobado
L-2025-3785,F,La Plata,38,"7,27",Ama de casa / tareas de cuidado,Secundario incompleto,Si,18 a 24,Aprobado
L-2025-3786,F,Quilmes,33,"8,87",Monotributista / independiente,Terciario en curso,No,45 a 54,Aprobado
L-2025-3787,M,Mar del Plata,35,"8,97",Empleo informal,Universitario incompleto,No,45 a 54,Aprobado
L-2025-3788,M,La Matanza,38,"9,09",Desempleado,Universitario incompleto,Si,45 a 54,Destacado
L-2025-3789,F,La Plata,37,"8,72",Ama de casa / tareas de cuidado,Secundario completo,No,25 a 34,Aprobado
L-2025-3790,M,General San Martín,38,"8,89",Empleado en relación de dependencia,Universitario incompleto,No,45 a 54,Aprobado
L-2025-3791,F,General San Martín,34,"9,68",Ama de casa / tareas de cuidado,Secundario completo,Si,55 y más,Destacado
L-2025-3792,F,La Plata,34,"4,24",Desempleado,Secundario incompleto,Si,45 a 54,Destacado
L-2025-3793,M,La Matanza,37,"4,29",Monotributista / independiente,Secundario incompleto,Si,35 a 44,Desaprobado
L-2025-3794,M,Almirante Brown,34,"6,74",Monotributista / independiente,Terciario completo,No,18 a 24,Aprobado
L-2025-3795,M,Mar del Plata,33,"8,01",Empleado en relación de dependencia,Secundario incompleto,Si,25 a 34,Aprobado
L-2025-3796,M,Mar del Plata,35,"7,06",Empleado en relación de dependencia,Secundario incompleto,No,35 a 44,Aprobado
L-2025-3797,F,Merlo,35,"5,81",Empleo informal,Terciario en curso,Si,55 y más,Desaprobado
L-2025-3798,F,Lanús,37,"6,24",Desempleado,Universitario incompleto,Si,45 a 54,Aprobado
L-2025-3799,F,La Plata,35,"4,84",Trabajos esporádicos,Secundario completo,Si,18 a 24,Desaprobado
L-2025-3800,M,La Plata,33,"8,18",Empleado en relación de dependencia,Secundario incompleto,Si,25 a 34,Aprobado
L-2025-3801,F,Quilmes,32,"7,48",Monotributista / independiente,Universitario incompleto,No,25 a 34,Aprobado
L-2025-3802,M,La Plata,34,"8,40",Monotributista / independiente,Terciario en curso,No,25 a 34,Aprobado
L-2025-3803,F,General San Martín,36,"3,92",Ama de casa / tareas de cuidado,Terciario en curso,No,35 a 44,Desaprobado
L-2025-3804,M,General San Martín,38,"8,54",Empleado en relación de dependencia,Secundario completo,Si,35 a 44,Aprobado
L-2025-3805,M,La Matanza,37,"8,74",Desempleado,Secundario completo,Si,45 a 54,Aprobado
L-2025-3806,M,La Plata,37,"7,78",Empleo informal,Secundario completo,Si,45 a 54,Aprobado
L-2025-3807,M,Lanús,34,"10,00",Empleo informal,Secundario completo,Si,25 a 34,Destacado
L-2025-3808,F,Avellaneda,35,"6,92",No declara,Universitario incompleto,No,55 y más,Aprobado
L-2025-3809,M,La Plata,33,"7,44",Empleado en relación de dependencia,Secundario incompleto,Si,45 a 54,Aprobado
L-2025-3810,F,Mar del Plata,38,"8,98",Empleado en relación de dependencia,Secundario completo,Si,25 a 34,Aprobado
L-2025-3811,M,La Matanza,33,"7,05",Empleado en relación de dependencia,Secundario incompleto,Si,18 a 24,Aprobado
L-2025-3812,M,Avellaneda,37,"2,79",Empleo informal,Terciario en curso,Si,35 a 44,Desaprobado
L-2025-3813,M,Mar del Plata,31,"5,65",Empleo informal,Secundario incompleto,Si,35 a 44,Desaprobado
L-2025-3814,F,La Matanza,34,"7,42",Empleo informal,Universitario incompleto,No,45 a 54,Aprobado
L-2025-3815,M,Lomas de Zamora,17,"6,44",Ama de casa / tareas de cuidado,Universitario incompleto,Si,18 a 24,Aprobado
L-2025-3816,M,Mar del Plata,35,"5,76",Desempleado,Secundario completo,Si,18 a 24,Desaprobado
L-2025-3817,M,Mar del Plata,33,"9,93",Desempleado,Terciario en curso,Si,45 a 54,Destacado
L-2025-3818,F,General San Martín,38,"6,45",Monotributista / independiente,Secundario completo,No,45 a 54,Aprobado
L-2025-3819,M,Quilmes,34,"6,59",Empleo informal,Secundario completo,Si,18 a 24,Aprobado
L-2025-3820,M,Quilmes,33,"9,00",Desempleado,Secundario incompleto,Si,25 a 34,Aprobado
L-2025-3821,M,Quilmes,34,"3,63",Ama de casa / tareas de cuidado,Primario incompleto,Si,35 a 44,Desaprobado
L-2025-3822,F,La Matanza,36,"8,12",Monotributista / independiente,Secundario incompleto,Si,25 a 34,Aprobado
L-2025-3823,F,Mar del Plata,33,"6,02",Empleado en relación de dependencia,Secundario completo,Si,18 a 24,Aprobado
L-2025-3824,M,Merlo,34,"7,94",Empleo informal,Secundario incompleto,Si,25 a 34,Aprobado
L-2025-3825,M,Merlo,33,"4,26",Desempleado,Secundario completo,Si,35 a 44,Desaprobado
L-2025-3826,F,La Plata,34,"6,36",Monotributista / independiente,Secundario incompleto,Si,35 a 44,Aprobado
L-2025-3827,M,General San Martín,33,"8,11",Ama de casa / tareas de cuidado,Primario completo,No,25 a 34,Aprobado
L-2025-3828,F,Lomas de Zamora,32,"6,74",Empleo informal,Terciario completo,Si,35 a 44,Aprobado
L-2025-3829,M,Quilmes,32,"4,08",Desempleado,Secundario incompleto,Si,25 a 34,Destacado
L-2025-3830,F,La Plata,31,"9,68",Empleo informal,Secundario completo,No,25 a 34,Destacado
L-2025-3831,F,Lomas de Zamora,38,"5,54",Desempleado,Secundario completo,Si,35 a 44,Desaprobado
L-2025-3832,M,La Matanza,37,"6,13",Empleado en relación de dependencia,Universitario incompleto,Si,55 y más,Aprobado
L-2025-3833,F,La Plata,36,"6,82",Desempleado,Secundario completo,Si,25 a 34,Aprobado
L-2025-3834,F,Lanús,35,"6,37",Monotributista / independiente,Secundario completo,Si,35 a 44,Aprobado
L-2025-3835,M,Lomas de Zamora,36,"8,29",Desempleado,Universitario incompleto,Si,45 a 54,Aprobado
L-2025-3836,M,Mar del Plata,35,"6,05",Empleo informal,Terciario en curso,Si,35 a 44,Aprobado
L-2025-3837,F,Quilmes,33,"4,65",Monotributista / independiente,Secundario completo,Si,35 a 44,Desaprobado
L-2025-3838,F,La Plata,33,"5,94",Ama de casa / tareas de cuidado,Secundario completo,Si,35 a 44,Desaprobado
L-2025-3839,M,Merlo,33,"7,29",Empleo informal,Universitario completo,Si,45 a 54,Aprobado
L-2025-3840,F,Merlo,33,"9,74",Desempleado,Terciario en curso,Si,25 a 34,Destacado
L-2025-3841,M,Lomas de Zamora,32,"5,35",Empleo informal,Secundario completo,Si,35 a 44,Desaprobado
L-2025-3842,M,Avellaneda,37,"8,53",Ama de casa / tareas de cuidado,Terciario en curso,Si,25 a 34,Aprobado
L-2025-3843,F,Quilmes,36,"5,25",Monotributista / independiente,Secundario completo,Si,25 a 34,Desaprobado
L-2025-3844,F,General San Martín,34,"7,01",Ama de casa / tareas de cuidado,Secundario completo,Si,18 a 24,Aprobado
L-2025-3845,F,Avellaneda,15,"6,71",Empleado en relación de dependencia,Secundario completo,Si,45 a 54,Aprobado
L-2025-3846,M,Almirante Brown,33,"5,36",Empleo informal,Secundario completo,Si,35 a 44,Desaprobado
L-2025-3847,M,Mar del Plata,38,"4,40",No declara,Secundario incompleto,No,25 a 34,Destacado
L-2025-3848,F,Quilmes,33,"8,16",Ama de casa / tareas de cuidado,Universitario incompleto,Si,45 a 54,Aprobado
L-2025-3849,F,La Plata,31,"7,03",Empleado en relación de dependencia,Primario incompleto,No,45 a 54,Aprobado
L-2025-3850,M,Avellaneda,35,"8,68",Monotributista / independiente,Terciario en curso,Si,35 a 44,Aprobado
L-2025-3851,F,Merlo,20,"4,46",Ama de casa / tareas de cuidado,Sin escolaridad formal,Si,45 a 54,Destacado
L-2025-3852,F,General San Martín,35,"7,07",Empleo informal,Secundario completo,Si,25 a 34,Aprobado
L-2025-3853,M,La Plata,35,"5,77",Empleado en relación de dependencia,Secundario completo,No,55 y más,Desaprobado
L-2025-3854,F,Quilmes,34,"7,76",Empleado en relación de dependencia,Secundario completo,No,25 a 34,Aprobado
L-2025-3855,M,Lanús,38,"7,91",Empleado en relación de dependencia,Universitario incompleto,Si,18 a 24,Aprobado
L-2025-3856,M,Avellaneda,36,"7,22",Trabajos esporádicos,Primario completo,Si,25 a 34,Aprobado
L-2025-3857,F,Lomas de Zamora,22,"8,39",Ama de casa / tareas de cuidado,Primario completo,Si,25 a 34,Aprobado
L-2025-3858,F,General San Martín,32,"5,55",Empleado en relación de dependencia,Universitario incompleto,Si,18 a 24,Desaprobado
L-2025-3859,F,La Plata,35,"9,78",Desempleado,Terciario en curso,Si,25 a 34,Destacado
L-2025-3860,F,Quilmes,35,"7,26",No declara,Secundario completo,Si,18 a 24,Aprobado
L-2025-3861,F,Mar del Plata,36,"8,24",Empleo informal,Universitario incompleto,No,25 a 34,Aprobado
L-2025-3862,M,La Plata,33,"7,00",Empleo informal,Secundario completo,No,18 a 24,Aprobado
L-2025-3863,F,Almirante Brown,36,"6,11",Desempleado,Secundario incompleto,Si,35 a 44,Aprobado
L-2025-3864,M,Avellaneda,32,"7,86",Ama de casa / tareas de cuidado,Secundario completo,Si,25 a 34,Aprobado
L-2025-3865,F,La Matanza,34,"8,12",Desempleado,Terciario en curso,No,25 a 34,Aprobado
L-2025-3866,F,La Plata,32,"7,21",Empleado en relación de dependencia,Secundario incompleto,Si,18 a 24,Aprobado
L-2025-3867,F,La Plata,32,"5,81",Empleado en relación de dependencia,Universitario incompleto,Si,35 a 44,Desaprobado
L-2025-3868,F,Lanús,37,"6,20",Empleo informal,Primario incompleto,Si,18 a 24,Aprobado
L-2025-3869,M,Avellaneda,37,"8,29",Monotributista / independiente,Universitario incompleto,Si,25 a 34,Aprobado
L-2025-3870,M,Lanús,18,"7,78",Empleado en relación de dependencia,Secundario incompleto,No,55 y más,Aprobado
L-2025-3871,M,General San Martín,35,"5,36",Desempleado,Secundario incompleto,No,35 a 44,Desaprobado
L-2025-3872,M,La Matanza,39,"5,71",Empleo informal,Secundario completo,Si,18 a 24,Desaprobado
L-2025-3873,F,Merlo,34,"3,96",Ama de casa / tareas de cuidado,Terciario completo,Si,35 a 44,Desaprobado
L-2025-3874,M,Quilmes,38,"8,64",Trabajos esporádicos,Secundario incompleto,Si,25 a 34,Aprobado
L-2025-3875,M,La Matanza,39,"6,01",Empleo informal,Secundario incompleto,Si,35 a 44,Aprobado
L-2025-3876,M,Almirante Brown,35,"7,14",Empleo informal,Secundario completo,Si,25 a 34,Aprobado
L-2025-3877,M,La Matanza,34,"8,27",Trabajos esporádicos,Secundario incompleto,Si,25 a 34,Aprobado
L-2025-3878,F,La Matanza,37,"7,76",Desempleado,Secundario incompleto,Si,25 a 34,Aprobado
L-2025-3879,M,Avellaneda,38,"5,42",Ama de casa / tareas de cuidado,Secundario incompleto,Si,35 a 44,Desaprobado
L-2025-3880,F,Merlo,38,"7,70",Empleado en relación de dependencia,Terciario en curso,Si,45 a 54,Aprobado
L-2025-3881,F,Merlo,17,"8,11",Empleado en relación de dependencia,Secundario completo,Si,25 a 34,Aprobado
L-2025-3882,F,La Matanza,33,"5,00",Empleado en relación de dependencia,Secundario completo,Si,35 a 44,Desaprobado
L-2025-3883,M,La Plata,35,"5,90",Desempleado,Secundario completo,Si,35 a 44,Desaprobado
L-2025-3884,F,Avellaneda,33,"9,15",Empleado en relación de dependencia,Secundario completo,Si,25 a 34,Destacado
L-2025-3885,M,Quilmes,33,"8,77",Ama de casa / tareas de cuidado,Secundario completo,Si,25 a 34,Aprobado
L-2025-3886,F,Mar del Plata,37,"8,61",Monotributista / independiente,Secundario completo,Si,25 a 34,Aprobado
L-2025-3887,F,Lomas de Zamora,36,"9,02",Empleado en relación de dependencia,Secundario completo,Si,25 a 34,Destacado
L-2025-3888,M,La Matanza,23,"7,38",Empleado en relación de dependencia,Secundario completo,Si,45 a 54,Aprobado
L-2025-3889,F,Lomas de Zamora,35,"6,76",Empleo informal,Terciario en curso,No,18 a 24,Aprobado
L-2025-3890,F,La Plata,36,"10,00",Empleo informal,Secundario completo,No,45 a 54,Destacado
L-2025-3891,M,Lanús,35,"5,67",Empleo informal,Secundario incompleto,Si,35 a 44,Desaprobado
L-2025-3892,F,La Matanza,37,"7,56",Desempleado,Secundario incompleto,Si,25 a 34,Aprobado
L-2025-3893,M,General San Martín,35,"8,16",Desempleado,Secundario incompleto,No,45 a 54,Aprobado
L-2025-3894,F,General San Martín,38,"7,19",Ama de casa / tareas de cuidado,Universitario completo,Si,35 a 44,Aprobado
L-2025-3895,M,Quilmes,38,"7,07",Empleado en relación de dependencia,Sin escolaridad formal,Si,35 a 44,Aprobado
L-2025-3896,M,Avellaneda,34,"7,16",Monotributista / independiente,Secundario completo,Si,25 a 34,Aprobado
L-2025-3897,F,La Plata,33,"4,40",Monotributista / independiente,Secundario incompleto,Si,45 a 54,Destacado
L-2025-3898,F,La Matanza,38,"5,87",Desempleado,Secundario completo,Si,25 a 34,Desaprobado
L-2025-3899,M,Quilmes,38,"5,30",Monotributista / independiente,Secundario completo,No,35 a 44,Desaprobado
L-2025-3900,F,La Matanza,35,"9,59",Empleado en relación de dependencia,Secundario completo,No,35 a 44,Destacado
L-2025-3901,F,La Matanza,36,"7,58",No declara,Secundario completo,Si,45 a 54,Aprobado
L-2025-3902,F,Mar del Plata,20,"5,52",Empleado en relación de dependencia,Secundario completo,Si,35 a 44,Desaprobado
L-2025-3903,F,Mar del Plata,38,"4,43",Ama de casa / tareas de cuidado,Primario completo,Si,35 a 44,Desaprobado
L-2025-3904,F,Mar del Plata,33,"7,22",Empleado en relación de dependencia,Secundario incompleto,Si,25 a 34,Aprobado
L-2025-3905,F,La Matanza,18,"8,26",Empleado en relación de dependencia,Terciario en curso,No,45 a 54,Aprobado
L-2025-3906,F,Avellaneda,34,"8,67",Empleo informal,Secundario completo,Si,25 a 34,Aprobado
L-2025-3907,M,La Matanza,34,"8,53",No declara,Terciario en curso,No,45 a 54,Aprobado
L-2025-3908,M,La Plata,32,"7,53",Empleado en relación de dependencia,Secundario incompleto,Si,45 a 54,Aprobado
L-2025-3909,F,Lomas de Zamora,34,"8,84",Ama de casa / tareas de cuidado,Secundario incompleto,Si,25 a 34,Aprobado
L-2025-3910,M,Mar del Plata,35,"5,63",Empleado en relación de dependencia,Universitario incompleto,No,35 a 44,Desaprobado
L-2025-3911,M,Lanús,34,"5,43",No declara,Primario completo,No,25 a 34,Aprobado
L-2025-3912,F,Avellaneda,38,"6,89",Monotributista / independiente,Terciario completo,Si,25 a 34,Aprobado
L-2025-3913,F,Avellaneda,36,"6,32",Empleo informal,Secundario completo,Si,35 a 44,Aprobado
L-2025-3914,M,La Plata,20,"9,54",Ama de casa / tareas de cuidado,Secundario completo,Si,25 a 34,Destacado
L-2025-3915,F,Merlo,15,"6,09",Empleado en relación de dependencia,Secundario incompleto,Si,25 a 34,Aprobado
L-2025-3916,M,Quilmes,22,"5,49",Empleado en relación de dependencia,Primario incompleto,Si,35 a 44,Desaprobado
L-2025-3917,M,Lanús,33,"5,47",Empleado en relación de dependencia,Secundario incompleto,Si,35 a 44,Desaprobado
L-2025-3918,M,Lomas de Zamora,36,"7,58",Monotributista / independiente,Terciario completo,Si,25 a 34,Aprobado
L-2025-3919,M,La Plata,38,"8,51",Ama de casa / tareas de cuidado,Secundario completo,Si,25 a 34,Aprobado
L-2025-3920,M,Lomas de Zamora,35,"9,07",Empleado en relación de dependencia,Secundario completo,Si,25 a 34,Destacado
L-2025-3921,F,Merlo,35,"7,77",Monotributista / independiente,Secundario completo,Si,45 a 54,Aprobado
L-2025-3922,F,Avellaneda,34,"8,45",Empleado en relación de dependencia,Primario completo,Si,45 a 54,Aprobado
L-2025-3923,F,Avellaneda,34,"5,83",Ama de casa / tareas de cuidado,Secundario completo,Si,55 y más,Desaprobado
L-2025-3924,F,Merlo,22,"9,46",Empleado en relación de dependencia,Secundario completo,Si,45 a 54,Destacado
L-2025-3925,F,Avellaneda,35,"8,71",Desempleado,Terciario en curso,Si,25 a 34,Aprobado
L-2025-3926,F,Lanús,18,"5,88",Ama de casa / tareas de cuidado,Terciario completo,No,25 a 34,Desaprobado
L-2025-3927,F,Lanús,38,"10,00",Empleado en relación de dependencia,Secundario completo,Si,25 a 34,Destacado
L-2025-3928,F,La Plata,33,"7,88",Monotributista / independiente,Secundario completo,Si,45 a 54,Aprobado
L-2025-3929,F,La Matanza,36,"5,44",Empleo informal,Secundario incompleto,No,35 a 44,Desaprobado
L-2025-3930,F,La Plata,35,"8,72",Empleado en relación de dependencia,Secundario incompleto,Si,45 a 54,Aprobado
L-2025-3931,F,La Matanza,36,"4,87",Desempleado,Secundario completo,Si,18 a 24,Desaprobado
L-2025-3932,M,La Plata,32,"6,95",No declara,Sin escolaridad formal,No,35 a 44,Aprobado
L-2025-3933,F,La Matanza,37,"6,22",Desempleado,Secundario completo,Si,35 a 44,Aprobado
L-2025-3934,F,Merlo,35,"4,23",No declara,Secundario completo,Si,55 y más,Desaprobado
L-2025-3935,M,La Plata,34,"8,61",Monotributista / independiente,Terciario completo,Si,25 a 34,Aprobado
L-2025-3936,F,General San Martín,38,"9,00",Monotributista / independiente,Secundario completo,Si,45 a 54,Aprobado
L-2025-3937,M,Mar del Plata,34,"8,57",Ama de casa / tareas de cuidado,Secundario completo,Si,25 a 34,Aprobado
L-2025-3938,M,La Plata,38,"9,73",Desempleado,Secundario incompleto,Si,45 a 54,Destacado
L-2025-3939,F,La Plata,34,"7,00",Monotributista / independiente,Primario incompleto,Si,25 a 34,Aprobado
L-2025-3940,F,Lomas de Zamora,35,"4,92",Ama de casa / tareas de cuidado,Terciario en curso,No,35 a 44,Desaprobado
L-2025-3941,F,La Matanza,37,"5,05",Desempleado,Secundario completo,Si,35 a 44,Desaprobado
L-2025-3942,M,Mar del Plata,35,"9,18",Ama de casa / tareas de cuidado,Secundario incompleto,Si,25 a 34,Destacado
L-2025-3943,F,Mar del Plata,36,"4,75",Monotributista / independiente,Secundario completo,Si,55 y más,Desaprobado
L-2025-3944,F,Avellaneda,36,"8,04",Monotributista / independiente,Secundario completo,Si,25 a 34,Aprobado
L-2025-3945,F,La Matanza,34,"7,75",Empleado en relación de dependencia,Terciario completo,Si,45 a 54,Aprobado
L-2025-3946,F,La Plata,36,"6,00",Desempleado,Terciario en curso,No,35 a 44,Aprobado
L-2025-3947,F,La Matanza,16,"9,61",Ama de casa / tareas de cuidado,Secundario completo,Si,45 a 54,Destacado
L-2025-3948,M,Quilmes,33,"8,90",Ama de casa / tareas de cuidado,Secundario completo,Si,45 a 54,Aprobado
L-2025-3949,F,Lanús,36,"9,02",Empleo informal,Secundario completo,Si,25 a 34,Destacado
L-2025-3950,M,La Plata,36,"5,53",Empleado en relación de dependencia,Terciario en curso,Si,35 a 44,Desaprobado
L-2025-3951,M,La Plata,38,"5,62",Empleo informal,Secundario incompleto,No,35 a 44,Desaprobado
L-2025-3952,F,Quilmes,20,"6,63",Empleado en relación de dependencia,Secundario completo,Si,35 a 44,Aprobado
L-2025-3953,M,La Plata,17,"6,93",Empleado en relación de dependencia,Secundario completo,No,25 a 34,Aprobado
L-2025-3954,F,La Matanza,34,"6,17",Desempleado,Secundario incompleto,Si,18 a 24,Aprobado
L-2025-3955,M,Mar del Plata,36,"7,23",Ama de casa / tareas de cuidado,Secundario completo,Si,25 a 34,Aprobado
L-2025-3956,F,Lomas de Zamora,38,"8,15",Desempleado,Universitario incompleto,Si,25 a 34,Aprobado
L-2025-3957,F,La Matanza,34,"8,95",Desempleado,Secundario completo,Si,45 a 54,Aprobado
L-2025-3958,M,General San Martín,32,"6,22",Desempleado,Secundario completo,Si,35 a 44,Aprobado
L-2025-3959,M,La Matanza,34,"9,36",Empleado en relación de dependencia,Universitario incompleto,Si,45 a 54,Destacado
L-2025-3960,M,La Plata,33,"8,29",Ama de casa / tareas de cuidado,Universitario incompleto,Si,25 a 34,Aprobado
L-2025-3961,M,Merlo,36,"9,26",Ama de casa / tareas de cuidado,Secundario completo,Si,25 a 34,Destacado
L-2025-3962,F,La Plata,34,"7,91",Monotributista / independiente,Secundario completo,Si,25 a 34,Aprobado
L-2025-3963,F,La Matanza,34,"8,59",Ama de casa / tareas de cuidado,Terciario en curso,Si,25 a 34,Aprobado
L-2025-3964,F,Almirante Brown,33,"5,04",Empleo informal,Universitario incompleto,Si,35 a 44,Desaprobado
L-2025-3965,F,Mar del Plata,34,"5,75",Monotributista / independiente,Primario completo,Si,35 a 44,Desaprobado
L-2025-3966,F,Lomas de Zamora,38,"7,32",No declara,Secundario incompleto,Si,45 a 54,Aprobado
L-2025-3967,F,Mar del Plata,35,"4,11",Desempleado,Secundario completo,Si,25 a 34,Destacado
L-2025-3968,M,La Matanza,34,"8,24",Monotributista / independiente,Secundario incompleto,Si,25 a 34,Aprobado
L-2025-3969,F,La Matanza,18,"9,07",Empleado en relación de dependencia,Secundario incompleto,No,45 a 54,Destacado
L-2025-3970,F,La Matanza,33,"9,45",No declara,Universitario incompleto,No,25 a 34,Destacado
L-2025-3971,F,La Matanza,32,"8,01",Empleado en relación de dependencia,Terciario en curso,Si,25 a 34,Aprobado
L-2025-3972,M,Quilmes,38,"8,70",Ama de casa / tareas de cuidado,Universitario incompleto,No,25 a 34,Aprobado
L-2025-3973,M,La Matanza,17,"7,02",Ama de casa / tareas de cuidado,Terciario en curso,Si,18 a 24,Aprobado
L-2025-3974,F,Avellaneda,38,"5,69",Empleado en relación de dependencia,Secundario completo,Si,35 a 44,Desaprobado
L-2025-3975,F,La Matanza,36,"6,78",Empleado en relación de dependencia,Primario completo,No,18 a 24,Aprobado
L-2025-3976,M,Quilmes,36,"9,59",Monotributista / independiente,Secundario completo,Si,25 a 34,Destacado
L-2025-3977,M,General San Martín,36,"7,92",Ama de casa / tareas de cuidado,Secundario completo,Si,45 a 54,Aprobado
L-2025-3978,F,La Plata,36,"7,87",Monotributista / independiente,Secundario completo,Si,45 a 54,Aprobado
L-2025-3979,F,La Plata,34,"7,14",Trabajos esporádicos,Terciario en curso,Si,18 a 24,Aprobado
L-2025-3980,F,Avellaneda,33,"5,78",Empleado en relación de dependencia,Secundario completo,Si,35 a 44,Desaprobado
L-2025-3981,M,La Matanza,38,"5,07",Empleado en relación de dependencia,Secundario incompleto,No,18 a 24,Desaprobado
L-2025-3982,M,La Plata,38,"7,57",Empleado en relación de dependencia,Universitario incompleto,Si,25 a 34,Aprobado
L-2025-3983,F,Mar del Plata,36,"6,62",Ama de casa / tareas de cuidado,Terciario en curso,Si,18 a 24,Aprobado
L-2025-3984,M,La Matanza,18,"7,19",Ama de casa / tareas de cuidado,Terciario en curso,Si,35 a 44,Aprobado
L-2025-3985,M,Quilmes,36,"8,17",Trabajos esporádicos,Terciario completo,Si,25 a 34,Aprobado
L-2025-3986,F,La Matanza,35,"6,90",Empleo informal,Secundario completo,Si,35 a 44,Aprobado
L-2025-3987,F,Mar del Plata,33,"6,89",Desempleado,Primario incompleto,Si,25 a 34,Aprobado
L-2025-3988,M,Quilmes,34,"4,27",Trabajos esporádicos,Sin escolaridad formal,Si,55 y más,Desaprobado
L-2025-3990,M,Lanús,31,"5,31",Desempleado,Secundario completo,Si,18 a 24,Desaprobado
L-2025-3991,M,Mar del Plata,35,"5,44",Empleado en relación de dependencia,Secundario completo,No,35 a 44,Desaprobado
L-2025-3992,F,Avellaneda,37,"4,75",Monotributista / independiente,Sin escolaridad formal,Si,35 a 44,Desaprobado
L-2025-3993,F,La Matanza,38,"7,81",Ama de casa / tareas de cuidado,Terciario completo,Si,25 a 34,Aprobado
L-2025-3994,F,La Plata,36,"5,04",Empleo informal,Secundario completo,Si,35 a 44,Desaprobado
L-2025-3995,M,La Plata,37,"6,22",Empleo informal,Universitario incompleto,Si,25 a 34,Aprobado
L-2025-3996,M,La Matanza,37,"4,46",Monotributista / independiente,Universitario incompleto,No,55 y más,Desaprobado
L-2025-3997,M,Lomas de Zamora,36,"9,01",Empleo informal,Universitario completo,Si,25 a 34,Destacado
L-2025-3998,F,Quilmes,33,"7,94",Desempleado,Secundario completo,Si,45 a 54,Aprobado
L-2025-3999,M,La Matanza,34,"6,94",Empleado en relación de dependencia,Primario incompleto,Si,55 y más,Aprobado
L-2025-4000,F,La Plata,34,"5,46",Empleado en relación de dependencia,Secundario completo,Si,55 y más,Desaprobado
L-2025-4001,F,Almirante Brown,38,"10,00",Ama de casa / tareas de cuidado,Secundario completo,Si,25 a 34,Destacado
L-2025-4002,M,Lanús,34,"6,43",Empleado en relación de dependencia,Secundario completo,Si,35 a 44,Aprobado
L-2025-4003,F,Quilmes,36,"9,15",Desempleado,Secundario completo,Si,35 a 44,Destacado
L-2025-4004,M,La Matanza,34,"9,33",Monotributista / independiente,Primario completo,Si,25 a 34,Destacado
L-2025-4005,M,La Matanza,36,"10,00",Empleo informal,Secundario completo,Si,45 a 54,Destacado
L-2025-4006,M,La Matanza,34,"9,11",Ama de casa / tareas de cuidado,Secundario completo,No,45 a 54,Destacado
L-2025-4007,M,La Plata,34,"4,46",Empleo informal,Sin escolaridad formal,Si,25 a 34,Aprobado
L-2025-4008,F,La Plata,35,"4,37",Empleo informal,Secundario completo,Si,35 a 44,Desaprobado
L-2025-4009,M,Avellaneda,33,"8,94",Empleo informal,Secundario incompleto,No,45 a 54,Aprobado
L-2025-4010,M,Lomas de Zamora,33,"5,34",Empleado en relación de dependencia,Secundario completo,Si,18 a 24,Desaprobado
L-2025-4011,F,Avellaneda,35,"7,87",Ama de casa / tareas de cuidado,Sin escolaridad formal,Si,18 a 24,Aprobado
L-2025-4012,M,General San Martín,38,"6,28",Desempleado,Terciario completo,Si,35 a 44,Aprobado
L-2025-4013,F,Mar del Plata,39,"6,32",Empleo informal,Secundario completo,Si,18 a 24,Aprobado
L-2025-4014,F,La Plata,22,"8,01",Ama de casa / tareas de cuidado,Secundario incompleto,No,45 a 54,Aprobado
L-2025-4015,M,Almirante Brown,32,"8,29",Monotributista / independiente,Terciario en curso,No,25 a 34,Aprobado
L-2025-4016,F,Merlo,21,"9,05",Empleado en relación de dependencia,Secundario completo,Si,25 a 34,Destacado
L-2025-4017,F,La Matanza,33,"5,28",Monotributista / independiente,Secundario completo,Si,35 a 44,Desaprobado
L-2025-4018,M,Quilmes,36,"4,17",Monotributista / independiente,Secundario completo,No,35 a 44,Desaprobado
L-2025-4019,F,La Plata,36,"8,47",Empleo informal,Universitario incompleto,Si,25 a 34,Aprobado
L-2025-4020,F,La Matanza,35,"6,18",Empleo informal,Secundario completo,Si,18 a 24,Aprobado
L-2025-4021,M,La Matanza,35,"6,94",Empleado en relación de dependencia,Universitario incompleto,Si,45 a 54,Aprobado
L-2025-4022,M,Lanús,35,"8,91",Empleado en relación de dependencia,Terciario completo,Si,25 a 34,Aprobado
L-2025-4023,F,La Matanza,34,"4,18",Monotributista / independiente,Secundario completo,Si,25 a 34,Destacado
L-2025-4024,M,Lomas de Zamora,34,"7,36",Empleo informal,Secundario completo,Si,25 a 34,Aprobado
L-2025-4025,M,General San Martín,34,"4,91",Desempleado,Universitario completo,Si,35 a 44,Desaprobado
L-2025-4026,M,La Plata,22,"5,90",Trabajos esporádicos,Terciario completo,Si,35 a 44,Desaprobado
L-2025-4027,F,Avellaneda,15,"8,70",Empleado en relación de dependencia,Secundario incompleto,Si,25 a 34,Aprobado
L-2025-4028,F,La Matanza,18,"6,40",Ama de casa / tareas de cuidado,Secundario completo,Si,35 a 44,Aprobado
L-2025-4029,M,Avellaneda,30,"8,60",Desempleado,Secundario completo,Si,25 a 34,Aprobado
L-2025-4030,M,La Plata,32,"5,69",Desempleado,Secundario incompleto,Si,35 a 44,Desaprobado
L-2025-4031,F,Quilmes,18,"8,01",Empleado en relación de dependencia,Primario completo,Si,25 a 34,Aprobado
L-2025-4032,M,La Matanza,32,"9,02",Empleado en relación de dependencia,Secundario incompleto,No,25 a 34,Destacado
L-2025-4033,F,Mar del Plata,36,"5,98",Monotributista / independiente,Secundario incompleto,Si,35 a 44,Desaprobado
L-2025-4034,M,Quilmes,32,"5,38",Desempleado,Sin escolaridad formal,Si,55 y más,Desaprobado
L-2025-4035,M,Mar del Plata,34,"6,06",Monotributista / independiente,Secundario incompleto,Si,55 y más,Aprobado
L-2025-4036,F,La Plata,22,"5,83",Ama de casa / tareas de cuidado,Secundario completo,Si,18 a 24,Desaprobado
L-2025-4037,F,La Plata,36,"7,66",Empleado en relación de dependencia,Primario completo,Si,25 a 34,Aprobado
L-2025-4038,M,Quilmes,34,"6,15",Monotributista / independiente,Terciario en curso,No,45 a 54,Aprobado
L-2025-4039,F,Quilmes,34,"10,00",Desempleado,Secundario completo,Si,25 a 34,Destacado
L-2025-4040,F,La Plata,37,"8,05",Desempleado,Universitario incompleto,Si,55 y más,Aprobado
L-2025-4041,M,Lomas de Zamora,34,"9,11",Empleado en relación de dependencia,Secundario completo,Si,25 a 34,Destacado
L-2025-4042,M,La Plata,33,"4,78",Empleado en relación de dependencia,Terciario en curso,Si,35 a 44,Desaprobado
L-2025-4043,M,La Plata,37,"9,32",Desempleado,Universitario incompleto,No,25 a 34,Destacado
L-2025-4044,F,Quilmes,36,"4,50",Desempleado,Primario incompleto,Si,18 a 24,Desaprobado
L-2025-4045,M,Quilmes,35,"9,07",No declara,Universitario incompleto,Si,25 a 34,Destacado
L-2025-4046,M,Avellaneda,35,"8,17",Empleo informal,Secundario completo,Si,25 a 34,Aprobado
L-2025-4047,M,Almirante Brown,35,"4,43",Trabajos esporádicos,Sin escolaridad formal,Si,35 a 44,Aprobado
L-2025-4048,F,General San Martín,35,"7,39",Trabajos esporádicos,Secundario completo,Si,35 a 44,Aprobado
L-2025-4049,F,Mar del Plata,35,"5,13",Empleado en relación de dependencia,Primario completo,Si,35 a 44,Desaprobado
L-2025-4050,F,Mar del Plata,35,"7,69",Monotributista / independiente,Universitario incompleto,Si,25 a 34,Aprobado
L-2025-4051,M,General San Martín,34,"5,60",Monotributista / independiente,Universitario incompleto,No,35 a 44,Desaprobado
L-2025-4052,F,Quilmes,31,"8,58",Empleo informal,Universitario completo,No,45 a 54,Aprobado
L-2025-4053,F,Lanús,22,"7,50",Empleado en relación de dependencia,Secundario incompleto,Si,25 a 34,Aprobado
L-2025-4054,M,Mar del Plata,18,"6,89",Empleado en relación de dependencia,Terciario completo,Si,45 a 54,Aprobado
L-2025-4055,M,La Matanza,34,"6,34",Empleo informal,Secundario incompleto,Si,55 y más,Aprobado
L-2025-4056,F,Almirante Brown,37,"5,60",Monotributista / independiente,Terciario en curso,No,35 a 44,Desaprobado
L-2025-4057,F,General San Martín,36,"5,71",Trabajos esporádicos,Universitario incompleto,Si,35 a 44,Desaprobado
L-2025-4058,F,Lomas de Zamora,36,"6,66",Empleo informal,Sin escolaridad formal,Si,35 a 44,Aprobado
L-2025-4059,F,General San Martín,39,"8,16",Empleo informal,Primario completo,Si,55 y más,Destacado
L-2025-4060,M,Mar del Plata,34,"6,17",Empleo informal,Sin escolaridad formal,No,35 a 44,Aprobado
L-2025-4061,M,La Matanza,34,"6,78",Empleado en relación de dependencia,Secundario completo,Si,35 a 44,Aprobado
L-2025-4062,M,La Matanza,33,"7,52",Empleado en relación de dependencia,Secundario completo,Si,45 a 54,Aprobado
L-2025-4063,M,La Matanza,22,"6,75",Empleado en relación de dependencia,Secundario completo,Si,35 a 44,Aprobado
L-2025-4064,F,Quilmes,34,"8,02",Ama de casa / tareas de cuidado,Secundario completo,Si,25 a 34,Aprobado
L-2025-4065,M,Lanús,33,"6,95",Ama de casa / tareas de cuidado,Secundario completo,Si,35 a 44,Aprobado
L-2025-4066,F,La Plata,34,"7,37",Empleo informal,Primario completo,Si,25 a 34,Aprobado
L-2025-4067,F,La Matanza,33,"7,04",Desempleado,Terciario en curso,Si,25 a 34,Aprobado
L-2025-4068,F,La Matanza,34,"4,92",Empleado en relación de dependencia,Secundario completo,No,35 a 44,Desaprobado
L-2025-4069,F,Lomas de Zamora,36,"6,41",Monotributista / independiente,Secundario completo,Si,18 a 24,Aprobado
L-2025-4070,F,La Plata,34,"4,77",Empleado en relación de dependencia,Secundario incompleto,Si,25 a 34,Desaprobado
L-2025-4071,F,Mar del Plata,37,"7,21",Empleado en relación de dependencia,Secundario incompleto,No,25 a 34,Aprobado
L-2025-4072,M,General San Martín,40,"5,43",Empleo informal,Primario completo,Si,25 a 34,Destacado
L-2025-4073,M,Mar del Plata,38,"6,94",Empleado en relación de dependencia,Primario incompleto,Si,25 a 34,Aprobado
L-2025-4074,M,Quilmes,36,"7,56",Empleado en relación de dependencia,Terciario en curso,Si,25 a 34,Aprobado
L-2025-4075,M,La Matanza,31,"8,65",Monotributista / independiente,Secundario completo,Si,45 a 54,Aprobado
L-2025-4076,M,General San Martín,32,"7,34",Empleo informal,Primario completo,No,55 y más,Aprobado
L-2025-4077,M,La Plata,21,"4,99",Empleado en relación de dependencia,Universitario incompleto,Si,18 a 24,Desaprobado
L-2025-4078,M,Avellaneda,36,"4,43",Empleo informal,Sin escolaridad formal,Si,45 a 54,Aprobado
L-2025-4079,F,Mar del Plata,17,"6,67",Empleado en relación de dependencia,Terciario completo,No,18 a 24,Aprobado
L-2025-4080,F,Quilmes,36,"8,08",Ama de casa / tareas de cuidado,Secundario incompleto,Si,25 a 34,Aprobado
L-2025-4081,M,La Matanza,38,"8,59",Desempleado,Universitario incompleto,No,45 a 54,Aprobado
L-2025-4082,F,La Plata,34,"8,65",Ama de casa / tareas de cuidado,Secundario completo,Si,25 a 34,Aprobado
L-2025-4083,F,La Matanza,37,"4,46",Empleo informal,Secundario incompleto,Si,25 a 34,Destacado
L-2025-4084,F,Lomas de Zamora,35,"7,71",Monotributista / independiente,Universitario completo,Si,45 a 54,Aprobado
L-2025-4085,F,Almirante Brown,32,"8,27",Ama de casa / tareas de cuidado,Universitario completo,Si,25 a 34,Aprobado
L-2025-4086,F,Quilmes,34,"5,54",No declara,Secundario incompleto,Si,35 a 44,Desaprobado
L-2025-4087,M,Lomas de Zamora,36,"7,53",Empleo informal,Universitario incompleto,Si,25 a 34,Aprobado
L-2025-4088,F,Quilmes,18,"8,90",Empleado en relación de dependencia,Universitario incompleto,Si,25 a 34,Aprobado
L-2025-4089,F,La Plata,36,"8,92",Monotributista / independiente,Secundario incompleto,Si,25 a 34,Aprobado
L-2025-4090,F,La Plata,37,"6,74",Monotributista / independiente,Secundario completo,Si,35 a 44,Aprobado
L-2025-4091,M,La Matanza,35,"6,42",Empleado en relación de dependencia,Secundario completo,No,18 a 24,Aprobado
L-2025-4092,F,La Matanza,18,"8,18",Empleado en relación de dependencia,Secundario completo,Si,45 a 54,Aprobado
L-2025-4093,M,Merlo,36,"4,27",Empleado en relación de dependencia,Sin escolaridad formal,No,25 a 34,Destacado
L-2025-4094,M,General San Martín,35,"7,75",Empleo informal,Secundario incompleto,Si,25 a 34,Aprobado
L-2025-4095,F,Lanús,33,"6,56",Empleo informal,Secundario completo,Si,35 a 44,Aprobado
L-2025-4096,M,La Matanza,36,"7,89",Empleado en relación de dependencia,Secundario incompleto,No,35 a 44,Aprobado
L-2025-4097,M,Mar del Plata,39,"6,81",No declara,Universitario incompleto,Si,55 y más,Aprobado
L-2025-4098,F,Merlo,36,"8,32",Empleo informal,Secundario completo,Si,25 a 34,Aprobado
L-2025-4099,M,La Plata,20,"4,46",Ama de casa / tareas de cuidado,Sin escolaridad formal,Si,45 a 54,Aprobado
L-2025-4100,M,Almirante Brown,15,"6,73",Empleado en relación de dependencia,Secundario completo,Si,35 a 44,Aprobado
L-2025-4101,F,Avellaneda,37,"7,56",Desempleado,Secundario completo,Si,25 a 34,Aprobado
L-2025-4102,F,La Matanza,15,"8,81",Ama de casa / tareas de cuidado,Secundario completo,Si,25 a 34,Aprobado
L-2025-4103,F,La Matanza,35,"5,10",Ama de casa / tareas de cuidado,Universitario completo,No,35 a 44,Desaprobado
L-2025-4104,M,Mar del Plata,21,"8,77",Empleado en relación de dependencia,Terciario en curso,No,25 a 34,Aprobado
L-2025-4105,M,La Matanza,34,"7,39",Monotributista / independiente,Secundario incompleto,Si,25 a 34,Aprobado
L-2025-4106,F,Lomas de Zamora,35,"9,01",Monotributista / independiente,Secundario completo,Si,25 a 34,Destacado
L-2025-4107,F,La Matanza,36,"6,72",Empleado en relación de dependencia,Secundario completo,Si,55 y más,Aprobado
L-2025-4108,F,La Matanza,37,"5,40",Desempleado,Secundario incompleto,Si,55 y más,Desaprobado
L-2025-4109,F,Mar del Plata,17,"6,03",Ama de casa / tareas de cuidado,Universitario incompleto,Si,35 a 44,Aprobado
L-2025-4110,M,Mar del Plata,32,"7,76",Empleado en relación de dependencia,Sin escolaridad formal,Si,35 a 44,Aprobado
L-2025-4111,M,Lanús,37,"8,22",Desempleado,Secundario completo,No,18 a 24,Aprobado
L-2025-4112,M,Merlo,38,"10,00",Desempleado,Secundario completo,Si,55 y más,Destacado
L-2025-4113,M,La Matanza,38,"8,07",Monotributista / independiente,Secundario completo,Si,25 a 34,Aprobado
L-2025-4114,M,Almirante Brown,15,"7,45",Ama de casa / tareas de cuidado,Secundario completo,Si,45 a 54,Aprobado
L-2025-4115,F,Lomas de Zamora,33,"10,00",Empleado en relación de dependencia,Terciario en curso,Si,25 a 34,Destacado
L-2025-4116,F,Mar del Plata,37,"4,88",Monotributista / independiente,Primario incompleto,Si,18 a 24,Desaprobado
L-2025-4117,F,La Plata,38,"5,14",Empleado en relación de dependencia,Universitario incompleto,No,35 a 44,Desaprobado
L-2025-4118,F,Quilmes,18,"8,09",Trabajos esporádicos,Primario completo,No,25 a 34,Aprobado
L-2025-4119,M,Mar del Plata,34,"6,01",Ama de casa / tareas de cuidado,Universitario incompleto,Si,35 a 44,Aprobado
L-2025-4120,M,Mar del Plata,37,"4,99",Monotributista / independiente,Secundario completo,Si,35 a 44,Desaprobado
L-2025-4121,F,Quilmes,36,"8,13",Empleado en relación de dependencia,Secundario incompleto,Si,25 a 34,Aprobado
L-2025-4122,F,Lanús,35,"9,69",Desempleado,Secundario completo,Si,25 a 34,Destacado
L-2025-4123,F,Lomas de Zamora,21,"8,08",Ama de casa / tareas de cuidado,Secundario completo,Si,45 a 54,Aprobado
L-2025-4124,M,La Plata,33,"4,24",Desempleado,Secundario incompleto,No,45 a 54,Destacado
L-2025-4125,F,Quilmes,20,"8,47",Empleado en relación de dependencia,Secundario incompleto,No,45 a 54,Aprobado
L-2025-4126,M,La Plata,34,"7,88",Desempleado,Terciario en curso,Si,25 a 34,Aprobado
L-2025-4127,F,Merlo,34,"7,98",Desempleado,Secundario completo,Si,45 a 54,Aprobado
L-2025-4128,F,Mar del Plata,32,"8,55",Trabajos esporádicos,Universitario incompleto,Si,45 a 54,Aprobado
L-2025-4129,M,La Matanza,35,"7,29",Empleo informal,Secundario completo,Si,35 a 44,Aprobado
L-2025-4130,F,Merlo,34,"6,88",Desempleado,Secundario incompleto,No,45 a 54,Aprobado
L-2025-4131,F,General San Martín,36,"7,90",Ama de casa / tareas de cuidado,Secundario completo,No,25 a 34,Aprobado
L-2025-4132,F,Lomas de Zamora,34,"8,68",Empleado en relación de dependencia,Secundario completo,Si,25 a 34,Aprobado
L-2025-4133,M,General San Martín,31,"6,34",Trabajos esporádicos,Secundario completo,Si,18 a 24,Aprobado
L-2025-4134,F,General San Martín,21,"8,15",Empleado en relación de dependencia,Secundario completo,Si,45 a 54,Aprobado
L-2025-4135,F,La Matanza,32,"8,22",Desempleado,Secundario completo,Si,25 a 34,Aprobado
L-2025-4136,M,La Matanza,35,"6,86",Empleo informal,Terciario completo,No,18 a 24,Aprobado
L-2025-4137,M,Almirante Brown,33,"7,51",Empleado en relación de dependencia,Secundario completo,Si,35 a 44,Aprobado
L-2025-4138,F,General San Martín,35,"6,70",Monotributista / independiente,Secundario incompleto,Si,55 y más,Aprobado
L-2025-4139,F,Lanús,33,"4,49",Empleo informal,Secundario incompleto,Si,55 y más,Desaprobado
L-2025-4140,F,Quilmes,33,"7,52",Ama de casa / tareas de cuidado,Secundario completo,Si,25 a 34,Aprobado
L-2025-4141,F,Almirante Brown,34,"8,62",Empleado en relación de dependencia,Terciario completo,Si,25 a 34,Aprobado
L-2025-4142,M,La Matanza,31,"4,29",Empleado en relación de dependencia,Secundario incompleto,Si,25 a 34,Destacado
L-2025-4143,F,Avellaneda,33,"5,15",Empleado en relación de dependencia,Secundario completo,Si,45 a 54,Desaprobado
L-2025-4144,M,Merlo,35,"9,17",Desempleado,Primario completo,Si,25 a 34,Destacado
L-2025-4145,F,La Matanza,35,"8,67",Monotributista / independiente,Terciario completo,Si,45 a 54,Aprobado
L-2025-4146,M,Merlo,32,"6,65",Ama de casa / tareas de cuidado,Terciario completo,Si,35 a 44,Aprobado
L-2025-4147,F,La Plata,33,"4,42",Ama de casa / tareas de cuidado,Secundario incompleto,Si,45 a 54,Destacado
L-2025-4148,M,General San Martín,28,"5,43",Ama de casa / tareas de cuidado,Sin escolaridad formal,Si,35 a 44,Desaprobado
L-2025-4149,F,La Plata,21,"8,05",Empleado en relación de dependencia,Universitario incompleto,Si,18 a 24,Aprobado
L-2025-4150,F,La Matanza,34,"8,00",Ama de casa / tareas de cuidado,Terciario en curso,Si,25 a 34,Aprobado
L-2025-4151,F,La Plata,15,"7,69",Empleo informal,Secundario completo,Si,25 a 34,Aprobado
L-2025-4152,F,La Matanza,36,"5,79",Monotributista / independiente,Universitario incompleto,Si,35 a 44,Desaprobado
L-2025-4153,F,La Matanza,36,"8,26",Empleo informal,Secundario incompleto,Si,25 a 34,Aprobado
L-2025-4154,M,Quilmes,35,"6,60",Desempleado,Secundario completo,No,35 a 44,Aprobado
L-2025-4155,M,Lanús,16,"10,00",Empleado en relación de dependencia,Secundario completo,Si,55 y más,Destacado
L-2025-4156,M,Avellaneda,34,"8,99",Monotributista / independiente,Secundario completo,Si,25 a 34,Aprobado
L-2025-4157,F,Avellaneda,23,"4,52",Ama de casa / tareas de cuidado,Universitario incompleto,Si,55 y más,Desaprobado
L-2025-4158,M,La Matanza,15,"9,23",Ama de casa / tareas de cuidado,Terciario completo,No,25 a 34,Destacado
L-2025-4159,M,Quilmes,35,"5,92",Ama de casa / tareas de cuidado,Universitario completo,No,55 y más,Desaprobado
L-2025-4160,M,La Plata,35,"8,45",Desempleado,Terciario completo,No,25 a 34,Aprobado
L-2025-4161,F,La Matanza,34,"6,33",Monotributista / independiente,Terciario completo,Si,35 a 44,Aprobado
L-2025-4162,F,Merlo,35,"7,62",Empleado en relación de dependencia,Secundario completo,Si,25 a 34,Aprobado
L-2025-4163,M,Mar del Plata,32,"9,20",Ama de casa / tareas de cuidado,Secundario completo,Si,45 a 54,Destacado
L-2025-4164,F,La Plata,32,"8,12",Empleado en relación de dependencia,Secundario completo,Si,18 a 24,Aprobado
L-2025-4165,M,Almirante Brown,34,"8,11",Trabajos esporádicos,Secundario completo,No,25 a 34,Aprobado
L-2025-4166,F,Quilmes,35,"6,21",Monotributista / independiente,Secundario completo,Si,18 a 24,Aprobado
L-2025-4167,F,Mar del Plata,34,"7,15",Empleado en relación de dependencia,Primario incompleto,Si,45 a 54,Aprobado
L-2025-4168,M,La Matanza,38,"8,82",Empleado en relación de dependencia,Secundario completo,Si,25 a 34,Aprobado
L-2025-4169,F,Avellaneda,18,"7,47",Empleado en relación de dependencia,Primario completo,Si,25 a 34,Aprobado
L-2025-4170,F,La Matanza,34,"7,03",Monotributista / independiente,Secundario incompleto,Si,45 a 54,Aprobado
L-2025-4171,M,Almirante Brown,35,"8,03",Monotributista / independiente,Secundario completo,Si,25 a 34,Aprobado
L-2025-4172,F,La Plata,31,"7,18",Empleado en relación de dependencia,Primario incompleto,Si,45 a 54,Destacado
L-2025-4173,F,La Plata,35,"7,37",Empleo informal,Secundario completo,Si,45 a 54,Aprobado
L-2025-4174,M,Merlo,36,"6,13",Desempleado,Terciario en curso,Si,25 a 34,Aprobado
L-2025-4175,M,Quilmes,31,"5,69",Empleo informal,Sin escolaridad formal,Si,35 a 44,Desaprobado
L-2025-4176,M,La Matanza,33,"6,89",No declara,Secundario completo,Si,25 a 34,Aprobado
L-2025-4177,F,Quilmes,15,"6,29",Empleado en relación de dependencia,Secundario completo,No,35 a 44,Aprobado
L-2025-4178,F,La Plata,33,"7,87",Empleado en relación de dependencia,Secundario completo,Si,45 a 54,Aprobado
L-2025-4179,F,La Matanza,34,"8,47",Empleado en relación de dependencia,Secundario completo,No,25 a 34,Aprobado
L-2025-4180,F,Quilmes,33,"7,38",Empleo informal,Secundario incompleto,No,18 a 24,Aprobado
L-2025-4181,M,Quilmes,35,"8,42",No declara,Secundario completo,Si,25 a 34,Aprobado
L-2025-4182,F,La Matanza,32,"3,97",Monotributista / independiente,Primario incompleto,Si,18 a 24,Desaprobado
L-2025-4183,M,La Matanza,31,"4,42",Desempleado,Secundario incompleto,Si,25 a 34,Destacado
L-2025-4184,M,General San Martín,32,"9,60",Empleado en relación de dependencia,Terciario completo,Si,25 a 34,Destacado
L-2025-4185,M,La Matanza,33,"5,50",Monotributista / independiente,Secundario incompleto,No,18 a 24,Desaprobado
L-2025-4186,F,Merlo,35,"9,08",Desempleado,Terciario en curso,No,25 a 34,Destacado
L-2025-4187,M,Mar del Plata,35,"5,17",Empleo informal,Secundario completo,Si,18 a 24,Desaprobado
L-2025-4188,M,La Matanza,34,"8,36",Ama de casa / tareas de cuidado,Primario completo,Si,25 a 34,Aprobado
L-2025-4189,M,La Plata,33,"8,63",Monotributista / independiente,Secundario completo,Si,35 a 44,Aprobado
L-2025-4190,M,La Matanza,32,"7,83",Ama de casa / tareas de cuidado,Terciario en curso,Si,25 a 34,Aprobado
L-2025-4191,M,La Matanza,35,"9,35",Desempleado,Terciario completo,Si,45 a 54,Destacado
L-2025-4192,F,Quilmes,36,"6,51",Empleo informal,Secundario completo,Si,35 a 44,Aprobado
L-2025-4193,M,Lomas de Zamora,36,"7,30",Empleado en relación de dependencia,Secundario completo,Si,55 y más,Aprobado
L-2025-4194,M,La Matanza,34,"5,22",Monotributista / independiente,Universitario incompleto,Si,35 a 44,Desaprobado
L-2025-4195,M,General San Martín,35,"6,48",Monotributista / independiente,Terciario completo,Si,35 a 44,Aprobado
L-2025-4196,M,La Plata,34,"9,17",Empleo informal,Secundario incompleto,Si,45 a 54,Destacado
L-2025-4197,F,Almirante Brown,39,"7,54",Desempleado,Universitario incompleto,Si,45 a 54,Aprobado
L-2025-4198,F,Mar del Plata,18,"8,23",Ama de casa / tareas de cuidado,Terciario en curso,Si,25 a 34,Aprobado
L-2025-4199,F,Lomas de Zamora,34,"5,25",Monotributista / independiente,Universitario completo,Si,35 a 44,Desaprobado
L-2025-4200,M,Lomas de Zamora,34,"6,02",Ama de casa / tareas de cuidado,Secundario completo,Si,55 y más,Aprobado
L-2025-4201,F,La Plata,35,"7,45",Desempleado,Secundario incompleto,Si,35 a 44,Aprobado
L-2025-4202,M,Quilmes,23,"8,17",Ama de casa / tareas de cuidado,Terciario en curso,Si,45 a 54,Aprobado
L-2025-4203,F,Mar del Plata,32,"4,43",Empleado en relación de dependencia,Sin escolaridad formal,Si,35 a 44,Aprobado
L-2025-4204,M,La Plata,35,"8,80",Empleo informal,Terciario en curso,Si,25 a 34,Aprobado
L-2025-4205,F,Quilmes,30,"6,82",Empleado en relación de dependencia,Secundario completo,No,35 a 44,Aprobado
L-2025-4206,F,La Plata,33,"8,98",Desempleado,Secundario completo,Si,25 a 34,Aprobado
L-2025-4207,M,Quilmes,34,"9,04",Ama de casa / tareas de cuidado,Secundario completo,Si,25 a 34,Destacado
L-2025-4208,M,General San Martín,35,"8,09",Monotributista / independiente,Primario completo,Si,45 a 54,Aprobado
L-2025-4209,F,Merlo,30,"8,35",Empleo informal,Secundario incompleto,Si,25 a 34,Aprobado
L-2025-4210,F,Almirante Brown,33,"8,70",Empleo informal,Secundario incompleto,Si,25 a 34,Aprobado
L-2025-4211,F,La Plata,32,"7,44",Trabajos esporádicos,Secundario completo,No,25 a 34,Aprobado
L-2025-4212,F,La Plata,35,"5,27",Empleo informal,Secundario completo,Si,35 a 44,Desaprobado
L-2025-4213,F,La Plata,37,"4,27",Empleado en relación de dependencia,Sin escolaridad formal,Si,45 a 54,Destacado
L-2025-4214,M,Mar del Plata,34,"7,84",No declara,Secundario completo,Si,45 a 54,Aprobado
L-2025-4215,M,Lanús,22,"6,99",Empleado en relación de dependencia,Terciario completo,Si,35 a 44,Aprobado
L-2025-4216,F,Lomas de Zamora,33,"4,99",Monotributista / independiente,Secundario completo,Si,35 a 44,Desaprobado
L-2025-4217,M,La Plata,34,"6,29",Empleo informal,Secundario completo,Si,35 a 44,Aprobado
L-2025-4218,F,La Matanza,34,"9,42",Ama de casa / tareas de cuidado,Secundario incompleto,Si,25 a 34,Destacado
L-2025-4219,F,Quilmes,32,"7,90",Empleo informal,Universitario completo,Si,25 a 34,Aprobado
L-2025-4220,F,Avellaneda,32,"8,65",Empleado en relación de dependencia,Secundario incompleto,Si,25 a 34,Aprobado
L-2025-4221,M,La Matanza,36,"9,15",Trabajos esporádicos,Secundario completo,Si,45 a 54,Destacado
L-2025-4222,F,Lomas de Zamora,20,"9,26",Empleado en relación de dependencia,Terciario completo,Si,35 a 44,Destacado
L-2025-4223,M,Quilmes,34,"7,70",Empleado en relación de dependencia,Secundario incompleto,No,25 a 34,Aprobado
L-2025-4224,M,Mar del Plata,37,"5,82",Monotributista / independiente,Terciario en curso,Si,35 a 44,Desaprobado
L-2025-4225,M,La Matanza,35,"9,10",Monotributista / independiente,Secundario incompleto,Si,25 a 34,Destacado
L-2025-4226,M,Lanús,32,"8,02",Monotributista / independiente,Primario completo,No,25 a 34,Aprobado
L-2025-4227,F,Avellaneda,36,"7,62",Desempleado,Secundario completo,Si,25 a 34,Aprobado
L-2025-4228,M,Almirante Brown,34,"8,11",Trabajos esporádicos,Universitario incompleto,Si,45 a 54,Aprobado
L-2025-4229,F,La Matanza,33,"7,29",Trabajos esporádicos,Secundario incompleto,Si,25 a 34,Aprobado
L-2025-4230,M,La Matanza,33,"8,24",Desempleado,Universitario incompleto,No,25 a 34,Aprobado
L-2025-4231,M,La Plata,33,"6,19",Empleado en relación de dependencia,Secundario completo,Si,35 a 44,Aprobado
L-2025-4232,F,Quilmes,35,"10,00",Ama de casa / tareas de cuidado,Universitario incompleto,Si,25 a 34,Destacado
L-2025-4233,M,Almirante Brown,36,"4,57",Empleado en relación de dependencia,Secundario incompleto,No,18 a 24,Desaprobado
L-2025-4234,F,Mar del Plata,20,"8,31",Ama de casa / tareas de cuidado,Terciario en curso,No,25 a 34,Aprobado
L-2025-4235,M,La Matanza,34,"7,98",Empleo informal,Universitario completo,Si,45 a 54,Aprobado
L-2025-4236,M,Quilmes,33,"9,66",Desempleado,Universitario incompleto,Si,45 a 54,Destacado
L-2025-4237,M,Almirante Brown,36,"6,96",Empleo informal,Primario incompleto,Si,25 a 34,Aprobado
L-2025-4238,F,Merlo,37,"6,97",Empleo informal,Secundario incompleto,Si,35 a 44,Aprobado
L-2025-4239,F,Avellaneda,38,"5,20",Monotributista / independiente,Secundario completo,Si,45 a 54,Desaprobado
L-2025-4240,F,Quilmes,32,"6,04",Empleado en relación de dependencia,Terciario en curso,Si,18 a 24,Aprobado
L-2025-4241,F,Quilmes,35,"6,39",Empleo informal,Secundario incompleto,Si,35 a 44,Aprobado
L-2025-4242,F,Almirante Brown,36,"7,55",Ama de casa / tareas de cuidado,Universitario incompleto,Si,25 a 34,Aprobado
L-2025-4243,M,Merlo,35,"5,00",Ama de casa / tareas de cuidado,Primario completo,Si,35 a 44,Desaprobado
L-2025-4244,F,Lanús,35,"7,87",Ama de casa / tareas de cuidado,Secundario completo,Si,25 a 34,Aprobado
L-2025-4245,M,La Plata,37,"5,43",Desempleado,Primario completo,No,35 a 44,Desaprobado
L-2025-4246,F,Mar del Plata,34,"9,34",Desempleado,Secundario completo,Si,25 a 34,Destacado
L-2025-4247,F,La Plata,33,"9,10",Monotributista / independiente,Secundario completo,Si,25 a 34,Destacado
L-2025-4248,F,General San Martín,36,"5,28",No declara,Secundario completo,Si,18 a 24,Desaprobado
L-2025-4249,M,Lanús,34,"8,38",Ama de casa / tareas de cuidado,Terciario completo,Si,45 a 54,Aprobado
L-2025-4250,F,Quilmes,33,"6,98",Monotributista / independiente,Secundario incompleto,Si,25 a 34,Aprobado
L-2025-4251,F,La Plata,33,"8,12",Trabajos esporádicos,Secundario completo,Si,25 a 34,Aprobado
L-2025-4252,F,Avellaneda,37,"9,52",Monotributista / independiente,Secundario completo,No,45 a 54,Destacado
L-2025-4253,M,Almirante Brown,37,"8,88",Desempleado,Secundario incompleto,No,45 a 54,Aprobado
L-2025-4254,F,La Matanza,34,"6,65",Empleado en relación de dependencia,Primario completo,Si,25 a 34,Aprobado
L-2025-4255,M,Lomas de Zamora,34,"6,06",Ama de casa / tareas de cuidado,Secundario completo,Si,25 a 34,Aprobado
L-2025-4256,F,Lomas de Zamora,34,"5,33",Empleado en relación de dependencia,Secundario completo,Si,25 a 34,Desaprobado
L-2025-4257,M,Mar del Plata,35,"6,30",Empleado en relación de dependencia,Primario completo,Si,35 a 44,Aprobado
L-2025-4258,F,La Matanza,32,"7,79",Empleo informal,Secundario completo,Si,25 a 34,Aprobado
L-2025-4259,F,Mar del Plata,31,"8,31",Monotributista / independiente,Secundario completo,Si,25 a 34,Aprobado
L-2025-4260,F,La Matanza,32,"6,52",Monotributista / independiente,Universitario completo,Si,25 a 34,Aprobado
L-2025-4261,F,La Matanza,36,"7,73",Empleo informal,Universitario incompleto,Si,45 a 54,Aprobado
L-2025-4262,M,Lomas de Zamora,18,"4,98",Empleado en relación de dependencia,Terciario en curso,Si,35 a 44,Desaprobado
L-2025-4263,M,La Plata,36,"7,89",Desempleado,Secundario incompleto,Si,25 a 34,Aprobado
L-2025-4264,F,Mar del Plata,33,"5,36",Empleo informal,Secundario incompleto,No,18 a 24,Desaprobado
L-2025-4265,F,General San Martín,32,"8,30",Empleado en relación de dependencia,Primario completo,No,25 a 34,Destacado
L-2025-4266,F,Lomas de Zamora,33,"10,00",Desempleado,Secundario incompleto,No,45 a 54,Destacado
L-2025-4267,F,General San Martín,35,"7,18",Empleo informal,Primario incompleto,Si,25 a 34,Aprobado
L-2025-4268,M,Quilmes,35,"8,76",No declara,Secundario incompleto,Si,45 a 54,Aprobado
L-2025-4269,M,Lanús,34,"5,35",Desempleado,Primario completo,Si,25 a 34,Aprobado
L-2025-4270,F,Lanús,35,"8,32",Ama de casa / tareas de cuidado,Terciario completo,Si,25 a 34,Aprobado
L-2025-4271,F,Merlo,28,"7,91",Monotributista / independiente,Universitario incompleto,Si,18 a 24,Aprobado
L-2025-4272,F,Mar del Plata,35,"7,21",Empleado en relación de dependencia,Secundario completo,Si,35 a 44,Aprobado
L-2025-4273,M,La Plata,39,"4,19",Desempleado,Secundario incompleto,No,25 a 34,Destacado
L-2025-4274,F,Almirante Brown,37,"4,63",Desempleado,Secundario incompleto,Si,35 a 44,Desaprobado
L-2025-4275,F,Lomas de Zamora,37,"9,19",Desempleado,Secundario completo,No,25 a 34,Destacado
L-2025-4276,F,La Matanza,32,"6,33",Monotributista / independiente,Secundario completo,No,35 a 44,Aprobado
L-2025-4277,F,La Plata,34,"5,90",Monotributista / independiente,Secundario completo,Si,18 a 24,Desaprobado
L-2025-4278,F,Merlo,38,"7,15",Empleado en relación de dependencia,Primario incompleto,No,45 a 54,Destacado
L-2025-4279,F,General San Martín,36,"4,44",Monotributista / independiente,Secundario completo,Si,35 a 44,Desaprobado
L-2025-4280,M,General San Martín,37,"6,77",Empleo informal,Universitario completo,Si,55 y más,Aprobado
L-2025-4281,M,Lanús,37,"4,72",Ama de casa / tareas de cuidado,Universitario completo,Si,35 a 44,Desaprobado
L-2025-4282,F,La Plata,34,"8,46",Desempleado,Primario completo,Si,25 a 34,Destacado
L-2025-4283,F,General San Martín,31,"6,19",Empleado en relación de dependencia,Secundario completo,No,35 a 44,Aprobado
L-2025-4284,F,Lomas de Zamora,33,"9,53",Empleo informal,Secundario incompleto,Si,25 a 34,Destacado
L-2025-4285,M,Almirante Brown,35,"5,73",Monotributista / independiente,Terciario en curso,Si,35 a 44,Desaprobado
L-2025-4286,M,La Matanza,38,"8,71",Ama de casa / tareas de cuidado,Secundario incompleto,Si,55 y más,Aprobado
L-2025-4287,M,General San Martín,39,"7,40",Monotributista / independiente,Secundario incompleto,Si,35 a 44,Aprobado
L-2025-4288,M,Quilmes,39,"9,58",Monotributista / independiente,Universitario incompleto,Si,45 a 54,Destacado
L-2025-4289,F,Lomas de Zamora,37,"9,02",Empleo informal,Secundario completo,Si,45 a 54,Destacado
L-2025-4290,M,La Plata,35,"4,23",Desempleado,Secundario incompleto,Si,45 a 54,Destacado
L-2025-4291,F,La Matanza,38,"6,62",Monotributista / independiente,Secundario incompleto,Si,18 a 24,Aprobado
L-2025-4292,M,Lomas de Zamora,32,"6,15",Monotributista / independiente,Secundario completo,No,35 a 44,Aprobado
L-2025-4293,F,Avellaneda,32,"7,22",Empleado en relación de dependencia,Secundario incompleto,No,18 a 24,Aprobado
L-2025-4294,M,La Matanza,34,"6,44",Empleo informal,Primario completo,Si,18 a 24,Aprobado
L-2025-4295,F,Merlo,32,"4,40",Monotributista / independiente,Secundario incompleto,Si,25 a 34,Destacado
L-2025-4296,M,General San Martín,35,"9,64",Ama de casa / tareas de cuidado,Secundario completo,Si,25 a 34,Destacado
L-2025-4297,F,Almirante Brown,33,"6,68",Empleado en relación de dependencia,Secundario completo,Si,35 a 44,Aprobado
L-2025-4298,M,Lanús,35,"9,01",Monotributista / independiente,Secundario completo,No,25 a 34,Destacado
L-2025-4299,F,Lomas de Zamora,36,"7,35",Ama de casa / tareas de cuidado,Secundario completo,Si,25 a 34,Aprobado
L-2025-4300,M,Almirante Brown,36,"8,47",Monotributista / independiente,Secundario completo,Si,45 a 54,Aprobado
L-2025-4301,F,Merlo,32,"7,78",Empleo informal,Terciario completo,No,18 a 24,Aprobado
L-2025-4302,F,Lomas de Zamora,33,"6,91",Empleado en relación de dependencia,Secundario incompleto,Si,35 a 44,Aprobado
L-2025-4303,M,General San Martín,30,"6,41",Desempleado,Secundario incompleto,Si,55 y más,Aprobado
L-2025-4304,F,Merlo,37,"9,06",Ama de casa / tareas de cuidado,Universitario incompleto,Si,45 a 54,Destacado
L-2025-4305,F,Almirante Brown,33,"7,74",Empleado en relación de dependencia,Universitario incompleto,Si,35 a 44,Aprobado
L-2025-4306,M,La Plata,36,"8,44",Monotributista / independiente,Secundario completo,Si,25 a 34,Aprobado
L-2025-4307,M,La Matanza,35,"5,53",Empleado en relación de dependencia,Universitario incompleto,Si,55 y más,Desaprobado
L-2025-4308,M,Merlo,36,"8,02",Ama de casa / tareas de cuidado,Primario completo,Si,25 a 34,Aprobado
L-2025-4309,M,Lomas de Zamora,38,"10,00",Empleo informal,Universitario incompleto,Si,25 a 34,Destacado
L-2025-4310,F,Avellaneda,35,"8,54",Monotributista / independiente,Secundario incompleto,No,25 a 34,Aprobado
L-2025-4311,M,Merlo,36,"8,16",Ama de casa / tareas de cuidado,Secundario completo,Si,35 a 44,Aprobado
L-2025-4312,F,La Plata,36,"7,99",Desempleado,Universitario incompleto,Si,25 a 34,Aprobado
L-2025-4313,F,Merlo,33,"7,38",Monotributista / independiente,Secundario completo,No,35 a 44,Aprobado
L-2025-4314,M,Almirante Brown,38,"4,28",Empleado en relación de dependencia,Secundario completo,Si,45 a 54,Destacado
L-2025-4315,F,Avellaneda,37,"6,41",Empleo informal,Universitario completo,Si,55 y más,Aprobado
L-2025-4316,M,Lanús,35,"7,36",Empleado en relación de dependencia,Secundario completo,Si,25 a 34,Aprobado
L-2025-4317,F,Lanús,35,"9,50",Empleado en relación de dependencia,Secundario completo,Si,45 a 54,Destacado
L-2025-4318,F,Merlo,35,"7,66",Empleado en relación de dependencia,Secundario completo,No,45 a 54,Aprobado
L-2025-4319,F,Avellaneda,36,"6,82",Empleado en relación de dependencia,Secundario incompleto,Si,35 a 44,Aprobado
L-2025-4320,F,General San Martín,36,"8,90",Monotributista / independiente,Secundario completo,Si,25 a 34,Aprobado
L-2025-4321,F,Avellaneda,34,"7,36",Empleado en relación de dependencia,Secundario incompleto,No,45 a 54,Aprobado
L-2025-4322,M,La Matanza,34,"7,74",Empleo informal,Terciario completo,Si,55 y más,Aprobado
L-2025-4323,F,La Plata,31,"8,39",Ama de casa / tareas de cuidado,Primario completo,Si,18 a 24,Destacado
L-2025-4324,M,Lomas de Zamora,33,"5,02",Ama de casa / tareas de cuidado,Secundario incompleto,Si,18 a 24,Desaprobado
L-2025-4325,F,General San Martín,36,"8,46",Empleo informal,Secundario completo,No,25 a 34,Aprobado
L-2025-4326,F,La Plata,32,"5,94",Ama de casa / tareas de cuidado,Secundario completo,Si,18 a 24,Desaprobado
L-2025-4327,M,La Matanza,34,"7,28",Empleado en relación de dependencia,Secundario incompleto,Si,35 a 44,Aprobado
L-2025-4328,F,General San Martín,34,"5,73",Ama de casa / tareas de cuidado,Sin escolaridad formal,Si,35 a 44,Desaprobado
L-2025-4329,F,Lomas de Zamora,34,"6,97",Desempleado,Secundario completo,Si,18 a 24,Aprobado
L-2025-4330,F,La Plata,35,"8,35",Desempleado,Secundario completo,No,25 a 34,Aprobado
L-2025-4331,F,Mar del Plata,34,"4,27",Monotributista / independiente,Sin escolaridad formal,Si,25 a 34,Destacado
L-2025-4332,M,Mar del Plata,34,"7,83",Empleo informal,Sin escolaridad formal,Si,25 a 34,Aprobado
L-2025-4333,F,Quilmes,32,"8,68",Ama de casa / tareas de cuidado,Terciario en curso,Si,25 a 34,Aprobado
L-2025-4334,M,La Matanza,32,"4,39",Empleo informal,Secundario incompleto,No,25 a 34,Destacado
L-2025-4335,F,La Plata,34,"8,03",Ama de casa / tareas de cuidado,Secundario completo,Si,25 a 34,Aprobado
L-2025-4336,M,La Matanza,32,"6,43",Empleado en relación de dependencia,Universitario incompleto,Si,35 a 44,Aprobado
L-2025-4337,M,Avellaneda,38,"10,00",Desempleado,Secundario incompleto,Si,25 a 34,Destacado
L-2025-4338,M,Lomas de Zamora,34,"9,74",Trabajos esporádicos,Universitario incompleto,Si,45 a 54,Destacado
L-2025-4339,F,Mar del Plata,39,"7,21",Empleo informal,Secundario completo,Si,35 a 44,Aprobado
L-2025-4340,F,Mar del Plata,34,"7,14",No declara,Secundario completo,Si,25 a 34,Aprobado
L-2025-4341,F,La Matanza,35,"5,80",Empleado en relación de dependencia,Terciario completo,No,18 a 24,Desaprobado
L-2025-4342,F,La Plata,34,"6,99",Ama de casa / tareas de cuidado,Universitario incompleto,Si,45 a 54,Aprobado
L-2025-4343,M,Merlo,38,"7,12",Monotributista / independiente,Terciario completo,No,25 a 34,Aprobado
L-2025-4344,F,Lanús,37,"10,00",Monotributista / independiente,Secundario incompleto,Si,25 a 34,Destacado
L-2025-4345,M,General San Martín,34,"9,13",Empleado en relación de dependencia,Universitario completo,Si,45 a 54,Destacado
L-2025-4346,F,Almirante Brown,38,"8,06",Monotributista / independiente,Terciario en curso,Si,25 a 34,Aprobado
L-2025-4347,M,La Matanza,31,"7,10",Empleado en relación de dependencia,Secundario completo,Si,18 a 24,Aprobado
L-2025-4348,F,La Plata,34,"5,79",Empleado en relación de dependencia,Secundario completo,Si,18 a 24,Desaprobado
L-2025-4349,M,La Matanza,37,"6,32",Desempleado,Terciario completo,Si,35 a 44,Aprobado
L-2025-4350,F,Lomas de Zamora,35,"8,73",No declara,Secundario completo,Si,25 a 34,Aprobado
L-2025-4351,F,La Matanza,38,"7,04",Empleo informal,Secundario incompleto,Si,18 a 24,Aprobado
L-2025-4352,M,Avellaneda,34,"3,97",Desempleado,Secundario incompleto,No,45 a 54,Desaprobado
L-2025-4353,M,La Plata,34,"7,14",Empleo informal,Primario incompleto,Si,45 a 54,Aprobado
L-2025-4354,F,Lomas de Zamora,34,"4,40",Empleo informal,Secundario incompleto,Si,25 a 34,Destacado
L-2025-4355,F,Lomas de Zamora,37,"10,00",Empleado en relación de dependencia,Universitario completo,Si,45 a 54,Destacado
L-2025-4356,M,Lomas de Zamora,34,"5,34",Empleo informal,Universitario completo,No,35 a 44,Desaprobado
L-2025-4357,F,Quilmes,37,"7,53",Monotributista / independiente,Primario completo,No,45 a 54,Aprobado
L-2025-4358,F,Lomas de Zamora,33,"7,01",Empleado en relación de dependencia,Primario incompleto,Si,25 a 34,Aprobado
L-2025-4359,M,Merlo,37,"9,31",No declara,Secundario completo,No,45 a 54,Destacado
L-2025-4360,F,Mar del Plata,32,"9,72",Empleo informal,Secundario completo,Si,25 a 34,Destacado
L-2025-4361,M,La Matanza,33,"6,26",Empleo informal,Secundario completo,Si,18 a 24,Aprobado
L-2025-4362,F,Avellaneda,37,"5,40",Monotributista / independiente,Secundario completo,Si,55 y más,Desaprobado
L-2025-4363,M,La Matanza,35,"7,64",Empleado en relación de dependencia,Secundario completo,No,45 a 54,Aprobado
L-2025-4364,F,Mar del Plata,31,"4,69",Empleado en relación de dependencia,Universitario incompleto,Si,35 a 44,Desaprobado
L-2025-4365,M,Avellaneda,38,"7,11",Empleado en relación de dependencia,Secundario completo,Si,45 a 54,Aprobado
L-2025-4366,F,Mar del Plata,34,"6,29",Ama de casa / tareas de cuidado,Universitario incompleto,Si,18 a 24,Aprobado
L-2025-4367,M,La Matanza,36,"5,87",Empleado en relación de dependencia,Universitario completo,Si,35 a 44,Desaprobado
L-2025-4368,M,General San Martín,34,"9,70",Ama de casa / tareas de cuidado,Secundario incompleto,Si,25 a 34,Destacado
L-2025-4369,F,La Matanza,36,"8,19",Desempleado,Secundario completo,Si,25 a 34,Aprobado
L-2025-4370,F,Quilmes,34,"8,44",Ama de casa / tareas de cuidado,Universitario completo,Si,25 a 34,Aprobado
L-2025-4371,F,La Matanza,36,"5,36",Ama de casa / tareas de cuidado,Universitario incompleto,No,35 a 44,Desaprobado
L-2025-4372,M,La Plata,35,"6,38",Desempleado,Secundario completo,Si,55 y más,Aprobado
L-2025-4373,M,Quilmes,35,"7,77",Ama de casa / tareas de cuidado,Universitario incompleto,No,25 a 34,Aprobado
L-2025-4374,M,General San Martín,36,"5,60",Ama de casa / tareas de cuidado,Sin escolaridad formal,Si,18 a 24,Desaprobado
L-2025-4375,M,La Plata,35,"7,67",Ama de casa / tareas de cuidado,Secundario completo,No,45 a 54,Aprobado
L-2025-4376,M,Lanús,37,"8,54",Empleo informal,Secundario incompleto,Si,25 a 34,Aprobado
L-2025-4377,F,Mar del Plata,38,"9,06",Empleo informal,Primario completo,Si,25 a 34,Destacado
L-2025-4378,F,Merlo,33,"5,84",Monotributista / independiente,Secundario incompleto,Si,18 a 24,Desaprobado
L-2025-4379,F,Avellaneda,34,"5,33",Ama de casa / tareas de cuidado,Primario incompleto,Si,18 a 24,Desaprobado
L-2025-4380,M,Mar del Plata,35,"5,83",Empleado en relación de dependencia,Secundario incompleto,Si,55 y más,Desaprobado
L-2025-4381,F,Lanús,22,"9,21",Empleado en relación de dependencia,Primario completo,No,25 a 34,Destacado
L-2025-4382,M,Quilmes,37,"7,47",No declara,Secundario completo,Si,25 a 34,Aprobado
L-2025-4383,F,General San Martín,22,"6,12",Empleado en relación de dependencia,Terciario completo,Si,55 y más,Aprobado
L-2025-4384,M,La Matanza,34,"7,19",Empleado en relación de dependencia,Terciario en curso,Si,45 a 54,Aprobado
L-2025-4385,M,Mar del Plata,32,"6,38",Empleado en relación de dependencia,Primario completo,Si,35 a 44,Aprobado
L-2025-4386,F,Lomas de Zamora,33,"8,26",Empleado en relación de dependencia,Secundario completo,Si,25 a 34,Aprobado
L-2025-4387,F,La Plata,36,"4,08",Empleo informal,Universitario incompleto,No,55 y más,Desaprobado
L-2025-4388,M,Merlo,36,"7,73",Empleo informal,Secundario completo,Si,35 a 44,Aprobado
L-2025-4389,F,Mar del Plata,33,"7,02",Empleado en relación de dependencia,Universitario incompleto,No,35 a 44,Aprobado
L-2025-4390,F,Almirante Brown,35,"4,12",Empleo informal,Secundario incompleto,Si,45 a 54,Destacado
L-2025-4391,F,Merlo,38,"7,19",Desempleado,Secundario completo,No,18 a 24,Aprobado
L-2025-4392,M,La Matanza,36,"4,43",Monotributista / independiente,Sin escolaridad formal,Si,25 a 34,Aprobado
L-2025-4393,F,La Matanza,33,"9,19",Desempleado,Secundario completo,No,55 y más,Destacado
L-2025-4394,M,Merlo,37,"6,94",Monotributista / independiente,Secundario completo,Si,45 a 54,Aprobado
L-2025-4395,F,Merlo,36,"6,87",Empleado en relación de dependencia,Secundario completo,Si,25 a 34,Aprobado
L-2025-4396,F,Lanús,35,"6,37",Trabajos esporádicos,Universitario incompleto,Si,35 a 44,Aprobado
L-2025-4397,M,La Matanza,35,"6,25",Desempleado,Universitario completo,Si,18 a 24,Aprobado
L-2025-4398,F,La Matanza,38,"6,69",Empleado en relación de dependencia,Terciario en curso,Si,25 a 34,Aprobado
L-2025-4399,F,La Plata,33,"8,54",Empleado en relación de dependencia,Secundario incompleto,No,45 a 54,Aprobado
L-2025-4400,F,Almirante Brown,35,"7,91",Empleo informal,Secundario completo,Si,45 a 54,Aprobado
L-2025-4401,M,Lanús,37,"5,77",Empleo informal,Secundario completo,Si,35 a 44,Desaprobado
L-2025-4402,F,Lanús,38,"9,74",Empleo informal,Secundario completo,Si,45 a 54,Destacado
L-2025-4403,M,Lomas de Zamora,34,"8,15",Desempleado,Terciario completo,Si,25 a 34,Aprobado
L-2025-4404,F,La Plata,30,"5,91",Empleado en relación de dependencia,Secundario incompleto,Si,55 y más,Desaprobado
L-2025-4405,F,Almirante Brown,16,"10,00",Empleado en relación de dependencia,Universitario incompleto,Si,25 a 34,Destacado
L-2025-4406,M,La Matanza,17,"9,96",Ama de casa / tareas de cuidado,Universitario incompleto,Si,25 a 34,Destacado
L-2025-4407,M,Quilmes,38,"8,07",Ama de casa / tareas de cuidado,Secundario incompleto,Si,25 a 34,Aprobado
L-2025-4408,M,Almirante Brown,36,"9,11",Monotributista / independiente,Secundario incompleto,No,45 a 54,Destacado
L-2025-4409,F,La Matanza,36,"5,48",No declara,Secundario incompleto,No,35 a 44,Desaprobado
L-2025-4410,M,Lomas de Zamora,34,"9,72",Trabajos esporádicos,Universitario incompleto,No,45 a 54,Destacado
L-2025-4411,M,Mar del Plata,38,"4,81",Empleado en relación de dependencia,Secundario incompleto,No,35 a 44,Desaprobado
L-2025-4412,M,La Matanza,38,"8,90",Trabajos esporádicos,Universitario completo,Si,25 a 34,Aprobado
L-2025-4413,M,General San Martín,22,"8,77",Empleado en relación de dependencia,Secundario completo,Si,25 a 34,Aprobado
L-2025-4414,F,La Plata,18,"7,38",Ama de casa / tareas de cuidado,Secundario incompleto,Si,45 a 54,Aprobado
L-2025-4415,F,La Plata,36,"9,59",Ama de casa / tareas de cuidado,Secundario completo,Si,25 a 34,Destacado
L-2025-4416,M,General San Martín,37,"7,32",Empleo informal,Secundario incompleto,Si,35 a 44,Aprobado
L-2025-4417,M,Almirante Brown,35,"10,00",Ama de casa / tareas de cuidado,Secundario completo,Si,55 y más,Destacado
L-2025-4418,F,Avellaneda,33,"10,00",Monotributista / independiente,Secundario completo,No,25 a 34,Destacado
L-2025-4419,M,La Matanza,38,"7,00",Empleado en relación de dependencia,Secundario incompleto,Si,35 a 44,Aprobado
L-2025-4420,M,Avellaneda,34,"5,71",Empleo informal,Secundario completo,Si,35 a 44,Desaprobado
L-2025-4421,M,La Plata,20,"6,88",Empleado en relación de dependencia,Universitario incompleto,No,18 a 24,Aprobado
L-2025-4422,M,La Plata,34,"5,57",Empleado en relación de dependencia,Terciario en curso,No,35 a 44,Desaprobado
L-2025-4423,F,General San Martín,34,"8,82",Monotributista / independiente,Secundario incompleto,No,25 a 34,Aprobado
L-2025-4424,M,La Matanza,34,"5,35",Empleado en relación de dependencia,Primario completo,No,25 a 34,Destacado
L-2025-4425,M,Lomas de Zamora,22,"6,21",Empleado en relación de dependencia,Secundario incompleto,Si,35 a 44,Aprobado
L-2025-4426,F,La Matanza,32,"7,72",Empleo informal,Universitario incompleto,Si,35 a 44,Aprobado
L-2025-4427,F,La Matanza,35,"7,10",Empleo informal,Universitario incompleto,Si,25 a 34,Aprobado
L-2025-4428,M,General San Martín,36,"6,84",Empleo informal,Secundario completo,Si,25 a 34,Aprobado
L-2025-4429,M,Mar del Plata,34,"6,56",Ama de casa / tareas de cuidado,Secundario incompleto,Si,25 a 34,Aprobado
L-2025-4430,F,General San Martín,38,"8,91",Empleado en relación de dependencia,Secundario incompleto,Si,25 a 34,Aprobado
L-2025-4431,F,Merlo,38,"9,03",Empleado en relación de dependencia,Universitario incompleto,Si,25 a 34,Destacado
L-2025-4432,F,Mar del Plata,34,"8,20",Desempleado,Secundario incompleto,Si,45 a 54,Aprobado
L-2025-4433,M,La Matanza,36,"6,44",Empleado en relación de dependencia,Secundario incompleto,Si,55 y más,Aprobado
L-2025-4434,M,Lanús,37,"7,66",Desempleado,Universitario incompleto,Si,55 y más,Aprobado
L-2025-4435,M,Quilmes,33,"9,32",Monotributista / independiente,Terciario en curso,No,25 a 34,Destacado
L-2025-4436,F,General San Martín,33,"5,47",Monotributista / independiente,Primario completo,Si,18 a 24,Destacado
L-2025-4437,F,Quilmes,36,"9,23",Ama de casa / tareas de cuidado,Universitario completo,Si,25 a 34,Destacado
L-2025-4438,M,La Matanza,21,"6,35",Empleado en relación de dependencia,Secundario incompleto,Si,35 a 44,Aprobado
L-2025-4439,F,La Matanza,37,"5,10",No declara,Secundario completo,Si,35 a 44,Desaprobado
L-2025-4440,F,Quilmes,39,"9,91",Monotributista / independiente,Terciario en curso,Si,25 a 34,Destacado
L-2025-4441,M,La Matanza,35,"9,27",Empleo informal,Primario completo,Si,55 y más,Destacado
L-2025-4442,M,La Matanza,31,"4,42",No declara,Secundario completo,Si,55 y más,Desaprobado
L-2025-4443,M,Almirante Brown,33,"8,39",Desempleado,Terciario en curso,Si,45 a 54,Aprobado
L-2025-4444,M,La Plata,34,"4,19",Empleado en relación de dependencia,Secundario incompleto,Si,25 a 34,Destacado
L-2025-4445,F,Almirante Brown,30,"9,44",Monotributista / independiente,Secundario completo,No,25 a 34,Destacado
L-2025-4446,F,Merlo,37,"9,65",Empleo informal,Terciario en curso,No,25 a 34,Destacado
L-2025-4447,F,Merlo,35,"9,03",Empleo informal,Secundario incompleto,Si,45 a 54,Destacado
L-2025-4448,M,La Plata,34,"6,56",Empleo informal,Secundario completo,Si,35 a 44,Aprobado
L-2025-4449,M,La Matanza,39,"8,40",Monotributista / independiente,Secundario incompleto,Si,25 a 34,Aprobado
L-2025-4450,F,Quilmes,34,"6,93",Ama de casa / tareas de cuidado,Secundario completo,Si,55 y más,Aprobado
L-2025-4451,F,Lomas de Zamora,36,"6,86",Desempleado,Secundario incompleto,No,55 y más,Aprobado
L-2025-4452,F,La Matanza,35,"6,89",Monotributista / independiente,Primario incompleto,Si,25 a 34,Destacado
L-2025-4453,M,Lanús,33,"6,90",Desempleado,Secundario completo,Si,18 a 24,Aprobado
L-2025-4454,M,Almirante Brown,36,"7,61",Ama de casa / tareas de cuidado,Universitario completo,Si,18 a 24,Aprobado
L-2025-4455,F,Lomas de Zamora,35,"7,17",Ama de casa / tareas de cuidado,Secundario incompleto,Si,25 a 34,Aprobado
L-2025-4456,M,Lomas de Zamora,18,"7,45",Ama de casa / tareas de cuidado,Secundario completo,Si,25 a 34,Aprobado
L-2025-4457,F,La Matanza,30,"5,82",Monotributista / independiente,Secundario completo,Si,55 y más,Desaprobado
L-2025-4458,M,Mar del Plata,37,"8,47",Monotributista / independiente,Secundario completo,No,25 a 34,Aprobado
L-2025-4459,M,La Matanza,36,"9,74",Ama de casa / tareas de cuidado,Universitario completo,Si,25 a 34,Destacado
L-2025-4460,M,La Plata,37,"7,64",Monotributista / independiente,Secundario completo,Si,35 a 44,Aprobado
L-2025-4461,M,Merlo,35,"7,98",Ama de casa / tareas de cuidado,Secundario completo,Si,25 a 34,Aprobado
L-2025-4462,M,Mar del Plata,37,"8,91",Empleo informal,Secundario incompleto,Si,25 a 34,Aprobado
L-2025-4463,F,La Matanza,35,"6,62",No declara,Secundario completo,Si,25 a 34,Aprobado
L-2025-4464,M,Merlo,35,"6,50",Empleo informal,Secundario completo,Si,18 a 24,Aprobado
L-2025-4465,M,Lomas de Zamora,37,"5,89",Monotributista / independiente,Secundario completo,Si,55 y más,Desaprobado
L-2025-4466,F,La Matanza,33,"8,67",Desempleado,Terciario en curso,Si,25 a 34,Aprobado
L-2025-4467,M,La Matanza,34,"6,33",Empleado en relación de dependencia,Universitario incompleto,Si,35 a 44,Aprobado
L-2025-4468,M,La Matanza,35,"7,45",Empleo informal,Secundario incompleto,Si,35 a 44,Aprobado
L-2025-4469,F,Lomas de Zamora,33,"8,09",Monotributista / independiente,Terciario en curso,Si,25 a 34,Aprobado
L-2025-4470,M,La Matanza,33,"6,27",Empleado en relación de dependencia,Secundario completo,Si,55 y más,Aprobado
L-2025-4471,F,Quilmes,18,"9,69",Ama de casa / tareas de cuidado,Secundario completo,Si,25 a 34,Destacado
L-2025-4472,F,Mar del Plata,36,"9,01",Monotributista / independiente,Terciario completo,Si,25 a 34,Destacado
L-2025-4473,F,La Matanza,37,"5,52",Empleo informal,Primario incompleto,Si,35 a 44,Desaprobado
L-2025-4474,M,Lanús,31,"5,82",Empleo informal,Secundario incompleto,No,18 a 24,Desaprobado
L-2025-4475,F,La Matanza,17,"4,46",Ama de casa / tareas de cuidado,Secundario incompleto,No,25 a 34,Destacado
L-2025-4476,M,Mar del Plata,31,"5,66",Empleo informal,Secundario completo,Si,18 a 24,Desaprobado
L-2025-4477,F,La Matanza,35,"8,49",Desempleado,Universitario completo,Si,25 a 34,Aprobado
L-2025-4478,M,Mar del Plata,33,"6,58",Ama de casa / tareas de cuidado,Secundario incompleto,Si,18 a 24,Aprobado
L-2025-4479,F,General San Martín,34,"6,64",Empleado en relación de dependencia,Terciario en curso,Si,35 a 44,Aprobado
L-2025-4480,F,La Matanza,34,"4,82",Monotributista / independiente,Sin escolaridad formal,No,35 a 44,Desaprobado
L-2025-4481,F,La Plata,38,"5,93",Empleado en relación de dependencia,Primario completo,Si,18 a 24,Desaprobado
L-2025-4482,F,Almirante Brown,34,"8,33",Empleado en relación de dependencia,Secundario incompleto,Si,25 a 34,Aprobado
L-2025-4483,M,General San Martín,20,"8,98",Ama de casa / tareas de cuidado,Secundario completo,Si,35 a 44,Aprobado
L-2025-4484,F,Mar del Plata,37,"6,43",Desempleado,Secundario incompleto,Si,35 a 44,Aprobado
L-2025-4485,F,La Matanza,34,"3,43",Desempleado,Secundario completo,Si,55 y más,Desaprobado
L-2025-4486,M,La Plata,33,"6,67",Ama de casa / tareas de cuidado,Universitario incompleto,Si,18 a 24,Aprobado
L-2025-4487,M,Merlo,38,"5,21",Empleado en relación de dependencia,Secundario completo,Si,35 a 44,Desaprobado
L-2025-4488,M,La Matanza,34,"7,83",Monotributista / independiente,Secundario incompleto,Si,25 a 34,Aprobado
L-2025-4489,F,Quilmes,33,"7,84",Monotributista / independiente,Terciario en curso,Si,45 a 54,Aprobado
L-2025-4490,M,La Plata,35,"8,49",Monotributista / independiente,Secundario completo,Si,45 a 54,Aprobado
L-2025-4491,F,Avellaneda,18,"6,40",Empleado en relación de dependencia,Universitario completo,No,35 a 44,Aprobado
L-2025-4492,M,La Matanza,38,"10,00",Empleado en relación de dependencia,Terciario completo,Si,25 a 34,Destacado
L-2025-4493,M,Lomas de Zamora,35,"6,49",Monotributista / independiente,Universitario incompleto,Si,18 a 24,Aprobado
L-2025-4494,F,Lomas de Zamora,33,"7,93",Desempleado,Secundario completo,No,25 a 34,Aprobado
L-2025-4495,F,General San Martín,38,"6,88",Ama de casa / tareas de cuidado,Primario incompleto,No,25 a 34,Destacado
L-2025-4496,F,Mar del Plata,32,"8,32",Empleado en relación de dependencia,Terciario en curso,Si,18 a 24,Aprobado
L-2025-4497,F,Mar del Plata,35,"4,27",Desempleado,Sin escolaridad formal,Si,25 a 34,Aprobado
L-2025-4498,M,Mar del Plata,36,"5,91",Ama de casa / tareas de cuidado,Secundario completo,Si,55 y más,Desaprobado
L-2025-4499,F,General San Martín,36,"7,94",Empleado en relación de dependencia,Secundario incompleto,Si,45 a 54,Aprobado
L-2025-4500,M,Avellaneda,36,"8,02",Ama de casa / tareas de cuidado,Universitario incompleto,No,25 a 34,Aprobado
L-2025-4501,M,La Matanza,34,"4,73",Desempleado,Primario completo,No,55 y más,Desaprobado
L-2025-4502,M,Merlo,33,"9,50",Ama de casa / tareas de cuidado,Universitario incompleto,Si,25 a 34,Destacado
L-2025-4503,F,Lanús,35,"6,27",Desempleado,Secundario completo,Si,35 a 44,Aprobado
L-2025-4504,M,Merlo,36,"5,38",No declara,Terciario en curso,Si,55 y más,Desaprobado
L-2025-4505,F,Lomas de Zamora,33,"9,12",Empleado en relación de dependencia,Terciario en curso,Si,45 a 54,Destacado
L-2025-4506,M,La Plata,33,"9,14",No declara,Primario completo,Si,45 a 54,Destacado
L-2025-4507,M,La Matanza,22,"5,89",Trabajos esporádicos,Secundario incompleto,Si,18 a 24,Desaprobado
L-2025-4508,F,La Matanza,31,"5,47",Desempleado,Sin escolaridad formal,Si,35 a 44,Desaprobado
L-2025-4509,F,General San Martín,33,"6,85",Empleo informal,Secundario incompleto,Si,18 a 24,Aprobado
L-2025-4510,M,Mar del Plata,34,"7,15",Empleo informal,Universitario incompleto,Si,45 a 54,Aprobado
L-2025-4511,F,Quilmes,33,"7,81",Empleado en relación de dependencia,Secundario completo,Si,25 a 34,Aprobado
L-2025-4512,F,Mar del Plata,34,"4,77",No declara,Secundario completo,Si,55 y más,Desaprobado
L-2025-4513,F,Quilmes,33,"8,20",Desempleado,Terciario en curso,Si,25 a 34,Aprobado
L-2025-4514,F,General San Martín,35,"8,59",Empleado en relación de dependencia,Terciario completo,Si,45 a 54,Aprobado
L-2025-4515,F,Lanús,21,"5,80",Ama de casa / tareas de cuidado,Secundario completo,Si,35 a 44,Desaprobado
L-2025-4516,F,La Matanza,36,"4,46",Empleo informal,Sin escolaridad formal,Si,45 a 54,Destacado
L-2025-4517,M,Mar del Plata,34,"8,57",Empleo informal,Secundario incompleto,Si,45 a 54,Aprobado
L-2025-4518,F,La Plata,35,"2,99",Empleado en relación de dependencia,Terciario completo,Si,55 y más,Desaprobado
L-2025-4519,M,La Plata,34,"6,90",Monotributista / independiente,Primario completo,Si,25 a 34,Aprobado
L-2025-4520,M,La Matanza,38,"7,63",Desempleado,Terciario en curso,Si,25 a 34,Aprobado
L-2025-4521,M,La Matanza,36,"6,14",Ama de casa / tareas de cuidado,Secundario completo,Si,35 a 44,Aprobado
L-2025-4522,F,Merlo,31,"6,40",Desempleado,Secundario completo,Si,35 a 44,Aprobado
L-2025-4523,M,Quilmes,29,"7,76",No declara,Secundario incompleto,Si,55 y más,Aprobado
L-2025-4524,M,Quilmes,39,"2,23",Monotributista / independiente,Secundario incompleto,No,55 y más,Desaprobado
L-2025-4525,M,Lomas de Zamora,18,"4,40",Ama de casa / tareas de cuidado,Secundario completo,Si,55 y más,Desaprobado
L-2025-4526,M,Quilmes,32,"8,98",Monotributista / independiente,Universitario incompleto,Si,45 a 54,Aprobado
L-2025-4527,F,Lomas de Zamora,35,"7,92",Empleado en relación de dependencia,Universitario incompleto,Si,25 a 34,Aprobado
L-2025-4528,F,La Plata,33,"4,42",Empleado en relación de dependencia,Secundario incompleto,No,25 a 34,Destacado
L-2025-4529,M,La Matanza,38,"7,03",Ama de casa / tareas de cuidado,Primario incompleto,No,25 a 34,Aprobado
L-2025-4530,M,La Matanza,16,"8,07",Empleado en relación de dependencia,Secundario completo,Si,25 a 34,Aprobado
L-2025-4531,M,General San Martín,37,"6,08",Desempleado,Terciario completo,Si,18 a 24,Aprobado
L-2025-4532,F,Lanús,35,"8,23",Desempleado,Terciario completo,Si,25 a 34,Aprobado
L-2025-4533,M,General San Martín,33,"7,79",Empleado en relación de dependencia,Universitario completo,Si,35 a 44,Aprobado
L-2025-4534,M,Lanús,20,"8,51",Empleado en relación de dependencia,Secundario completo,Si,25 a 34,Aprobado
L-2025-4535,M,Mar del Plata,21,"7,15",Empleado en relación de dependencia,Primario incompleto,Si,45 a 54,Aprobado
L-2025-4536,F,La Plata,38,"9,61",Empleo informal,Secundario completo,Si,45 a 54,Destacado
L-2025-4537,M,Quilmes,34,"10,00",Monotributista / independiente,Universitario incompleto,Si,25 a 34,Destacado
L-2025-4538,F,Avellaneda,33,"8,09",Empleado en relación de dependencia,Secundario incompleto,Si,45 a 54,Aprobado
L-2025-4539,M,La Matanza,35,"4,15",Desempleado,Secundario completo,Si,45 a 54,Destacado
L-2025-4540,F,La Matanza,35,"9,02",Empleado en relación de dependencia,Secundario completo,No,25 a 34,Destacado
L-2025-4541,F,Lanús,33,"7,29",Empleado en relación de dependencia,Secundario incompleto,Si,35 a 44,Aprobado
L-2025-4542,F,Avellaneda,36,"4,15",Monotributista / independiente,Secundario completo,No,35 a 44,Desaprobado
L-2025-4543,F,General San Martín,35,"9,46",Empleado en relación de dependencia,Secundario completo,No,25 a 34,Destacado
L-2025-4544,M,Mar del Plata,32,"4,46",Monotributista / independiente,Sin escolaridad formal,No,25 a 34,Destacado
L-2025-4545,F,Avellaneda,30,"7,67",Ama de casa / tareas de cuidado,Sin escolaridad formal,No,25 a 34,Aprobado
L-2025-4546,M,Lomas de Zamora,34,"8,73",Ama de casa / tareas de cuidado,Secundario incompleto,Si,25 a 34,Aprobado
L-2025-4547,F,Lomas de Zamora,34,"4,22",Monotributista / independiente,Secundario completo,Si,45 a 54,Destacado
L-2025-4548,M,Mar del Plata,34,"4,93",Empleado en relación de dependencia,Terciario completo,No,35 a 44,Desaprobado
L-2025-4549,M,La Matanza,33,"4,62",Trabajos esporádicos,Terciario en curso,Si,35 a 44,Desaprobado
L-2025-4550,M,La Matanza,36,"6,58",Ama de casa / tareas de cuidado,Secundario completo,No,35 a 44,Aprobado
L-2025-4551,F,La Matanza,36,"3,88",Empleo informal,Primario completo,No,55 y más,Desaprobado
L-2025-4552,M,Avellaneda,38,"5,70",Desempleado,Secundario incompleto,Si,35 a 44,Desaprobado
L-2025-4553,M,La Matanza,21,"7,32",Empleado en relación de dependencia,Sin escolaridad formal,Si,35 a 44,Aprobado
L-2025-4554,F,La Matanza,32,"7,30",Monotributista / independiente,Universitario incompleto,Si,45 a 54,Aprobado
L-2025-4555,F,Mar del Plata,35,"5,68",Ama de casa / tareas de cuidado,Secundario incompleto,No,18 a 24,Desaprobado
L-2025-4556,M,La Matanza,34,"6,02",Empleado en relación de dependencia,Universitario completo,Si,35 a 44,Aprobado
L-2025-4557,F,La Matanza,35,"8,53",Empleado en relación de dependencia,Secundario completo,Si,25 a 34,Aprobado
L-2025-4558,F,La Matanza,34,"7,67",Empleo informal,Secundario completo,Si,25 a 34,Aprobado
L-2025-4559,M,Avellaneda,34,"8,24",Ama de casa / tareas de cuidado,Secundario completo,Si,45 a 54,Aprobado
L-2025-4560,M,Avellaneda,35,"8,59",Empleo informal,Secundario incompleto,Si,45 a 54,Aprobado
L-2025-4561,F,Avellaneda,31,"7,86",Monotributista / independiente,Sin escolaridad formal,Si,45 a 54,Aprobado
L-2025-4562,F,Lomas de Zamora,34,"6,62",Empleado en relación de dependencia,Secundario completo,Si,35 a 44,Aprobado
L-2025-4563,F,General San Martín,35,"7,15",Empleado en relación de dependencia,Secundario completo,Si,35 a 44,Aprobado
L-2025-4564,M,La Matanza,35,"6,16",Empleo informal,Universitario completo,Si,35 a 44,Aprobado
L-2025-4565,M,La Matanza,30,"6,11",Ama de casa / tareas de cuidado,Terciario completo,Si,35 a 44,Aprobado
L-2025-4566,F,La Matanza,37,"8,39",Empleado en relación de dependencia,Secundario completo,Si,25 a 34,Aprobado
L-2025-4567,M,La Matanza,32,"8,17",Monotributista / independiente,Secundario completo,No,25 a 34,Aprobado
L-2025-4568,M,Merlo,31,"8,51",Empleo informal,Secundario completo,Si,25 a 34,Aprobado
L-2025-4569,M,Lomas de Zamora,21,"8,80",Ama de casa / tareas de cuidado,Universitario incompleto,Si,25 a 34,Aprobado
L-2025-4570,F,La Plata,32,"6,88",Empleado en relación de dependencia,Primario incompleto,Si,45 a 54,Aprobado
L-2025-4571,M,Mar del Plata,35,"4,99",Empleado en relación de dependencia,Secundario completo,Si,55 y más,Desaprobado
L-2025-4572,M,General San Martín,16,"8,42",Ama de casa / tareas de cuidado,Secundario incompleto,No,25 a 34,Aprobado
L-2025-4573,F,Lomas de Zamora,39,"9,09",Empleo informal,Universitario incompleto,Si,25 a 34,Destacado
L-2025-4574,M,La Plata,35,"5,96",Empleo informal,Secundario incompleto,Si,18 a 24,Desaprobado
L-2025-4575,F,La Matanza,38,"5,15",No declara,Primario completo,Si,35 a 44,Desaprobado
L-2025-4576,F,Almirante Brown,35,"7,94",Empleo informal,Universitario incompleto,Si,25 a 34,Aprobado
L-2025-4577,M,La Matanza,21,"8,35",Empleado en relación de dependencia,Universitario incompleto,Si,25 a 34,Aprobado
L-2025-4578,M,Mar del Plata,33,"7,48",No declara,Primario completo,Si,25 a 34,Aprobado
L-2025-4579,M,Avellaneda,34,"7,16",Desempleado,Primario completo,Si,55 y más,Aprobado
L-2025-4580,F,La Matanza,34,"8,66",Ama de casa / tareas de cuidado,Secundario completo,Si,45 a 54,Aprobado
L-2025-4581,M,Lanús,38,"10,00",Empleado en relación de dependencia,Primario completo,Si,25 a 34,Destacado
L-2025-4582,F,Almirante Brown,32,"5,27",Empleo informal,Secundario incompleto,Si,35 a 44,Desaprobado
L-2025-4583,F,La Plata,38,"6,54",Empleado en relación de dependencia,Secundario completo,Si,25 a 34,Aprobado
L-2025-4584,F,Mar del Plata,35,"6,57",Empleado en relación de dependencia,Secundario incompleto,Si,35 a 44,Aprobado
L-2025-4585,M,Avellaneda,37,"6,54",Monotributista / independiente,Terciario en curso,No,55 y más,Aprobado
L-2025-4586,F,Almirante Brown,36,"9,54",Ama de casa / tareas de cuidado,Secundario incompleto,Si,45 a 54,Destacado
L-2025-4587,F,Almirante Brown,33,"4,46",Empleado en relación de dependencia,Secundario completo,Si,25 a 34,Destacado
L-2025-4588,M,La Plata,32,"8,20",Empleado en relación de dependencia,Secundario completo,No,45 a 54,Aprobado
L-2025-4589,M,Mar del Plata,34,"8,92",Desempleado,Secundario incompleto,No,25 a 34,Aprobado
L-2025-4590,M,Lomas de Zamora,20,"9,03",Ama de casa / tareas de cuidado,Terciario completo,Si,45 a 54,Destacado
L-2025-4591,M,Merlo,34,"8,76",Desempleado,Secundario completo,Si,25 a 34,Aprobado
L-2025-4592,F,La Matanza,36,"4,56",Empleo informal,Terciario completo,Si,35 a 44,Desaprobado
L-2025-4593,M,Mar del Plata,32,"8,37",Empleo informal,Secundario completo,Si,35 a 44,Aprobado
L-2025-4594,M,La Matanza,35,"8,97",Desempleado,Secundario completo,Si,25 a 34,Aprobado
L-2025-4595,M,La Matanza,35,"7,03",Desempleado,Primario incompleto,Si,45 a 54,Aprobado
L-2025-4596,M,La Matanza,36,"5,64",Desempleado,Secundario completo,Si,55 y más,Desaprobado
L-2025-4597,M,Avellaneda,35,"8,21",Empleo informal,Secundario completo,Si,25 a 34,Aprobado
L-2025-4598,M,Avellaneda,32,"7,23",Empleado en relación de dependencia,Primario incompleto,Si,35 a 44,Aprobado
L-2025-4599,F,General San Martín,38,"9,28",Ama de casa / tareas de cuidado,Primario completo,Si,25 a 34,Destacado
L-2025-4600,M,Lomas de Zamora,36,"6,65",Monotributista / independiente,Secundario completo,Si,35 a 44,Aprobado
L-2025-4601,F,La Plata,33,"4,81",Empleado en relación de dependencia,Secundario incompleto,Si,35 a 44,Desaprobado
L-2025-4602,F,Quilmes,35,"5,93",Empleado en relación de dependencia,Secundario incompleto,No,35 a 44,Desaprobado
L-2025-4603,F,Lomas de Zamora,34,"8,76",Empleado en relación de dependencia,Secundario completo,Si,25 a 34,Aprobado
L-2025-4604,F,General San Martín,35,"7,42",Empleado en relación de dependencia,Secundario completo,No,25 a 34,Aprobado
L-2025-4605,M,Mar del Plata,21,"7,95",Empleado en relación de dependencia,Secundario completo,Si,35 a 44,Aprobado
L-2025-4606,M,Quilmes,36,"9,22",Empleado en relación de dependencia,Universitario incompleto,Si,25 a 34,Destacado
L-2025-4607,M,La Plata,35,"6,96",Empleado en relación de dependencia,Secundario completo,No,35 a 44,Aprobado
L-2025-4608,F,Quilmes,34,"8,30",Desempleado,Primario completo,Si,25 a 34,Aprobado
L-2025-4609,F,Lanús,33,"6,45",Empleado en relación de dependencia,Universitario incompleto,Si,35 a 44,Aprobado
L-2025-4610,M,General San Martín,33,"4,08",Desempleado,Secundario completo,Si,55 y más,Desaprobado
L-2025-4611,F,La Matanza,37,"8,92",Desempleado,Secundario completo,Si,25 a 34,Aprobado
L-2025-4612,M,La Plata,20,"8,36",Ama de casa / tareas de cuidado,Universitario completo,Si,25 a 34,Aprobado
L-2025-4613,M,Quilmes,34,"9,28",Desempleado,Secundario completo,Si,45 a 54,Destacado
L-2025-4614,M,Quilmes,38,"7,94",Ama de casa / tareas de cuidado,Universitario incompleto,Si,25 a 34,Aprobado
L-2025-4615,M,La Matanza,33,"8,41",Empleado en relación de dependencia,Secundario completo,Si,25 a 34,Aprobado
L-2025-4616,F,Merlo,35,"7,66",Monotributista / independiente,Primario completo,Si,45 a 54,Aprobado
L-2025-4617,M,La Matanza,38,"6,47",Monotributista / independiente,Universitario incompleto,Si,18 a 24,Aprobado
L-2025-4618,F,Almirante Brown,21,"4,99",Empleado en relación de dependencia,Primario incompleto,Si,35 a 44,Desaprobado
L-2025-4619,F,La Matanza,36,"8,59",Desempleado,Universitario completo,Si,25 a 34,Aprobado
L-2025-4620,F,Lanús,28,"7,61",Monotributista / independiente,Universitario incompleto,No,25 a 34,Aprobado
L-2025-4621,F,Lomas de Zamora,38,"6,00",Monotributista / independiente,Universitario incompleto,No,35 a 44,Desaprobado
L-2025-4622,M,Almirante Brown,38,"8,80",Desempleado,Universitario completo,No,25 a 34,Aprobado
L-2025-4623,F,Lomas de Zamora,33,"5,77",No declara,Secundario completo,No,35 a 44,Desaprobado
L-2025-4624,F,General San Martín,18,"6,45",Empleado en relación de dependencia,Secundario incompleto,Si,45 a 54,Aprobado
L-2025-4625,F,La Plata,34,"4,57",Monotributista / independiente,Secundario completo,No,55 y más,Desaprobado
L-2025-4626,M,General San Martín,34,"4,87",Empleado en relación de dependencia,Secundario incompleto,No,35 a 44,Desaprobado
L-2025-4627,F,La Matanza,36,"6,91",Desempleado,Secundario incompleto,Si,25 a 34,Aprobado
L-2025-4628,F,General San Martín,34,"7,63",Monotributista / independiente,Secundario completo,Si,25 a 34,Aprobado
L-2025-4629,F,La Matanza,34,"7,51",Empleado en relación de dependencia,Universitario incompleto,Si,25 a 34,Aprobado
L-2025-4630,F,Mar del Plata,31,"4,11",Empleo informal,Secundario completo,Si,55 y más,Desaprobado
L-2025-4631,M,La Plata,36,"7,27",Monotributista / independiente,Secundario completo,Si,55 y más,Aprobado
L-2025-4632,M,Quilmes,35,"8,46",Monotributista / independiente,Secundario completo,Si,25 a 34,Aprobado
L-2025-4633,F,La Plata,21,"7,09",Empleado en relación de dependencia,Secundario completo,No,18 a 24,Aprobado
L-2025-4634,M,La Matanza,35,"7,34",Empleo informal,Secundario completo,Si,35 a 44,Aprobado
L-2025-4635,M,Quilmes,33,"8,32",Empleo informal,Secundario completo,Si,25 a 34,Aprobado
L-2025-4636,M,Almirante Brown,32,"8,10",Desempleado,Terciario en curso,No,35 a 44,Aprobado
L-2025-4637,M,La Matanza,32,"7,42",Monotributista / independiente,Secundario completo,Si,45 a 54,Aprobado
L-2025-4638,F,La Matanza,15,"5,57",Empleado en relación de dependencia,Secundario completo,Si,25 a 34,Desaprobado
L-2025-4639,M,Mar del Plata,32,"9,16",Empleo informal,Primario completo,Si,55 y más,Destacado
L-2025-4640,F,La Plata,33,"7,70",Empleado en relación de dependencia,Secundario completo,Si,25 a 34,Aprobado
L-2025-4641,F,Mar del Plata,33,"8,08",Empleado en relación de dependencia,Secundario completo,No,45 a 54,Aprobado
L-2025-4642,M,La Plata,33,"8,66",Monotributista / independiente,Secundario completo,Si,45 a 54,Aprobado
L-2025-4643,F,Mar del Plata,33,"3,59",Monotributista / independiente,Secundario completo,Si,45 a 54,Desaprobado
L-2025-4644,F,Lomas de Zamora,35,"8,53",Monotributista / independiente,Secundario completo,Si,25 a 34,Aprobado
L-2025-4645,M,La Matanza,35,"8,36",Empleo informal,Secundario completo,Si,25 a 34,Aprobado
L-2025-4646,M,Lomas de Zamora,22,"6,33",Ama de casa / tareas de cuidado,Secundario completo,Si,35 a 44,Aprobado
L-2025-4647,M,La Plata,33,"3,35",Empleado en relación de dependencia,Secundario incompleto,Si,55 y más,Desaprobado
L-2025-4648,F,La Matanza,36,"4,94",Empleo informal,Secundario completo,No,18 a 24,Desaprobado
L-2025-4649,F,La Matanza,18,"8,52",Empleado en relación de dependencia,Universitario completo,Si,25 a 34,Aprobado
L-2025-4650,M,Quilmes,34,"7,48",Empleado en relación de dependencia,Secundario completo,Si,25 a 34,Aprobado
L-2025-4651,F,La Matanza,37,"7,98",Desempleado,Terciario en curso,Si,45 a 54,Aprobado
L-2025-4652,F,La Plata,35,"5,27",Desempleado,Secundario completo,Si,35 a 44,Desaprobado
L-2025-4653,F,La Plata,33,"8,26",Empleo informal,Secundario completo,No,25 a 34,Aprobado
L-2025-4654,M,Lanús,32,"4,42",Monotributista / independiente,Secundario completo,No,25 a 34,Destacado
L-2025-4655,F,Mar del Plata,38,"8,47",Monotributista / independiente,Secundario completo,Si,25 a 34,Aprobado
L-2025-4656,F,La Plata,38,"4,64",Monotributista / independiente,Primario completo,Si,18 a 24,Desaprobado
L-2025-4657,M,Mar del Plata,15,"4,92",Ama de casa / tareas de cuidado,Secundario completo,Si,35 a 44,Desaprobado
L-2025-4658,F,Quilmes,35,"6,09",Monotributista / independiente,Secundario completo,No,35 a 44,Aprobado
L-2025-4659,M,Lomas de Zamora,36,"4,14",Empleado en relación de dependencia,Primario completo,Si,35 a 44,Desaprobado
L-2025-4660,F,Mar del Plata,29,"5,29",Monotributista / independiente,Secundario completo,Si,35 a 44,Desaprobado
L-2025-4661,M,La Matanza,33,"10,00",Ama de casa / tareas de cuidado,Secundario completo,Si,45 a 54,Destacado
L-2025-4662,M,La Matanza,32,"5,30",Monotributista / independiente,Universitario incompleto,Si,45 a 54,Desaprobado
L-2025-4663,F,Mar del Plata,33,"9,24",Monotributista / independiente,Terciario en curso,Si,45 a 54,Destacado
L-2025-4664,F,General San Martín,34,"5,54",Empleado en relación de dependencia,Sin escolaridad formal,Si,35 a 44,Desaprobado
L-2025-4665,F,Mar del Plata,33,"7,98",Empleo informal,Secundario completo,Si,25 a 34,Aprobado
L-2025-4666,M,La Matanza,34,"10,00",Empleado en relación de dependencia,Secundario completo,Si,45 a 54,Destacado
L-2025-4667,F,La Matanza,32,"6,92",Desempleado,Secundario incompleto,Si,18 a 24,Aprobado
L-2025-4668,F,La Matanza,38,"8,45",Empleado en relación de dependencia,Secundario completo,Si,25 a 34,Aprobado
L-2025-4669,F,La Matanza,36,"7,54",Empleo informal,Secundario incompleto,Si,35 a 44,Aprobado
L-2025-4670,M,La Matanza,22,"7,45",Empleado en relación de dependencia,Terciario completo,Si,25 a 34,Aprobado
L-2025-4671,F,Almirante Brown,33,"7,21",Empleado en relación de dependencia,Secundario completo,Si,25 a 34,Aprobado
L-2025-4672,M,Merlo,35,"8,57",Empleo informal,Secundario incompleto,No,25 a 34,Aprobado
L-2025-4673,F,Avellaneda,33,"5,64",Trabajos esporádicos,Secundario incompleto,Si,35 a 44,Desaprobado
L-2025-4674,M,La Matanza,37,"6,41",Empleo informal,Terciario en curso,No,35 a 44,Aprobado
L-2025-4675,F,Merlo,35,"8,86",Monotributista / independiente,Secundario completo,Si,45 a 54,Aprobado
L-2025-4676,M,La Plata,38,"6,48",Empleado en relación de dependencia,Primario completo,Si,18 a 24,Aprobado
L-2025-4677,F,Lanús,36,"5,19",Trabajos esporádicos,Secundario incompleto,Si,35 a 44,Desaprobado
L-2025-4678,F,La Plata,38,"8,65",Ama de casa / tareas de cuidado,Secundario completo,No,45 a 54,Aprobado
L-2025-4679,M,Almirante Brown,37,"7,00",Empleo informal,Primario incompleto,No,25 a 34,Aprobado
L-2025-4680,F,Lanús,33,"7,65",Empleado en relación de dependencia,Secundario completo,Si,25 a 34,Aprobado
L-2025-4681,F,Almirante Brown,37,"6,74",Empleado en relación de dependencia,Secundario completo,Si,25 a 34,Aprobado
L-2025-4682,F,La Plata,34,"8,82",Desempleado,Terciario en curso,Si,25 a 34,Aprobado
L-2025-4683,F,La Matanza,38,"8,15",Trabajos esporádicos,Terciario completo,Si,18 a 24,Aprobado
L-2025-4684,F,Quilmes,37,"6,88",Empleo informal,Secundario completo,No,25 a 34,Aprobado
L-2025-4685,F,La Plata,35,"6,11",Empleado en relación de dependencia,Secundario incompleto,No,35 a 44,Aprobado
L-2025-4686,M,Lanús,35,"7,12",No declara,Secundario completo,Si,18 a 24,Aprobado
L-2025-4687,F,Merlo,15,"10,00",Empleado en relación de dependencia,Secundario completo,Si,25 a 34,Destacado
L-2025-4688,F,Lanús,23,"4,27",Empleado en relación de dependencia,Sin escolaridad formal,Si,35 a 44,Aprobado
L-2025-4689,M,La Plata,37,"6,89",No declara,Primario incompleto,Si,25 a 34,Aprobado
L-2025-4690,M,Avellaneda,16,"3,77",Empleado en relación de dependencia,Primario incompleto,Si,18 a 24,Desaprobado
L-2025-4691,M,Mar del Plata,38,"6,48",Desempleado,Universitario incompleto,Si,35 a 44,Aprobado
L-2025-4692,M,La Matanza,33,"5,64",Ama de casa / tareas de cuidado,Secundario completo,Si,35 a 44,Desaprobado
L-2025-4693,M,Mar del Plata,33,"7,34",Empleado en relación de dependencia,Secundario incompleto,Si,35 a 44,Aprobado
L-2025-4694,M,La Matanza,33,"9,93",Desempleado,Universitario incompleto,No,25 a 34,Destacado
L-2025-4695,,La Matanza,33,"8,93",Monotributista / independiente,Secundario completo,Si,25 a 34,Aprobado
L-2025-4696,M,La Plata,37,"10,00",No declara,Secundario incompleto,Si,25 a 34,Destacado
L-2025-4697,F,La Matanza,35,"5,46",Desempleado,Secundario incompleto,Si,35 a 44,Desaprobado
L-2025-4698,M,La Matanza,34,"5,06",Empleo informal,Secundario completo,Si,35 a 44,Desaprobado
L-2025-4699,M,General San Martín,32,"5,32",Monotributista / independiente,Primario completo,Si,25 a 34,Destacado
L-2025-4700,M,Merlo,37,"7,85",Monotributista / independiente,Secundario incompleto,Si,35 a 44,Aprobado
L-2025-4701,M,Almirante Brown,34,"6,47",Desempleado,Secundario completo,Si,18 a 24,Aprobado
L-2025-4702,F,Almirante Brown,34,"9,75",Monotributista / independiente,Terciario en curso,Si,25 a 34,Destacado
L-2025-4703,M,La Matanza,33,"8,98",Ama de casa / tareas de cuidado,Secundario incompleto,Si,25 a 34,Aprobado
L-2025-4704,F,Lomas de Zamora,20,"9,04",Empleado en relación de dependencia,Universitario incompleto,Si,25 a 34,Destacado
L-2025-4705,F,Merlo,33,"7,89",Trabajos esporádicos,Secundario completo,Si,25 a 34,Aprobado
L-2025-4706,F,Lomas de Zamora,37,"6,47",Monotributista / independiente,Secundario incompleto,Si,35 a 44,Aprobado
L-2025-4707,M,Quilmes,20,"5,64",Empleado en relación de dependencia,Terciario en curso,Si,55 y más,Desaprobado
L-2025-4708,F,La Matanza,37,"4,62",Ama de casa / tareas de cuidado,Secundario completo,Si,55 y más,Desaprobado
L-2025-4709,F,Almirante Brown,36,"5,76",Empleado en relación de dependencia,Primario completo,Si,25 a 34,Desaprobado
L-2025-4710,M,Quilmes,35,"8,76",Desempleado,Secundario incompleto,No,25 a 34,Aprobado
L-2025-4711,M,Mar del Plata,33,"5,35",No declara,Universitario incompleto,No,35 a 44,Desaprobado
L-2025-4712,F,Merlo,34,"8,96",Ama de casa / tareas de cuidado,Secundario incompleto,Si,45 a 54,Aprobado
L-2025-4713,F,Mar del Plata,32,"8,93",Monotributista / independiente,Terciario en curso,No,45 a 54,Aprobado
L-2025-4714,M,Lomas de Zamora,34,"6,92",Monotributista / independiente,Secundario completo,Si,25 a 34,Aprobado
L-2025-4715,M,Avellaneda,33,"9,27",Ama de casa / tareas de cuidado,Secundario completo,No,25 a 34,Destacado
L-2025-4716,M,Quilmes,36,"7,22",Monotributista / independiente,Sin escolaridad formal,Si,45 a 54,Aprobado
L-2025-4717,F,Avellaneda,36,"4,52",No declara,Secundario completo,Si,55 y más,Desaprobado
L-2025-4718,M,Almirante Brown,36,"5,29",Empleado en relación de dependencia,Secundario completo,Si,18 a 24,Desaprobado
L-2025-4719,M,Lomas de Zamora,34,"7,74",Ama de casa / tareas de cuidado,Sin escolaridad formal,Si,25 a 34,Aprobado
L-2025-4720,F,Lomas de Zamora,35,"8,18",Desempleado,Terciario en curso,Si,25 a 34,Aprobado
L-2025-4721,M,Mar del Plata,34,"8,60",Empleado en relación de dependencia,Universitario incompleto,Si,45 a 54,Aprobado
L-2025-4722,F,Mar del Plata,35,"6,15",Monotributista / independiente,Secundario incompleto,No,18 a 24,Aprobado
L-2025-4723,F,Lomas de Zamora,31,"4,79",Empleo informal,Universitario incompleto,Si,55 y más,Desaprobado
L-2025-4724,F,Mar del Plata,33,"8,92",Empleo informal,Secundario completo,No,25 a 34,Aprobado
L-2025-4725,F,Almirante Brown,38,"7,84",Empleado en relación de dependencia,Terciario en curso,Si,25 a 34,Aprobado
L-2025-4726,F,Merlo,33,"8,42",Empleo informal,Secundario completo,Si,45 a 54,Aprobado
L-2025-4727,M,Mar del Plata,32,"9,14",Desempleado,Universitario completo,Si,45 a 54,Destacado
L-2025-4728,M,General San Martín,36,"6,92",No declara,Universitario incompleto,No,18 a 24,Aprobado
L-2025-4729,F,Mar del Plata,21,"4,77",Empleado en relación de dependencia,Primario completo,Si,35 a 44,Desaprobado
L-2025-4730,M,Lanús,35,"7,00",Empleo informal,Primario incompleto,Si,45 a 54,Destacado
L-2025-4731,M,Quilmes,33,"6,46",Desempleado,Secundario completo,Si,18 a 24,Aprobado
L-2025-4732,M,Almirante Brown,33,"4,46",Empleado en relación de dependencia,Sin escolaridad formal,Si,45 a 54,Aprobado
L-2025-4733,F,Lomas de Zamora,38,"6,19",Monotributista / independiente,Primario incompleto,Si,25 a 34,Aprobado
L-2025-4734,F,La Matanza,34,"8,00",Empleado en relación de dependencia,Universitario incompleto,No,25 a 34,Aprobado
L-2025-4735,M,Merlo,34,"7,02",Desempleado,Secundario incompleto,Si,45 a 54,Aprobado
L-2025-4736,M,La Matanza,35,"8,89",Desempleado,Universitario incompleto,Si,25 a 34,Aprobado
L-2025-4737,F,Quilmes,36,"9,27",Monotributista / independiente,Primario completo,Si,25 a 34,Destacado
L-2025-4738,M,Almirante Brown,34,"8,70",No declara,Universitario incompleto,No,18 a 24,Aprobado
L-2025-4739,F,Lanús,36,"7,41",No declara,Universitario incompleto,Si,35 a 44,Aprobado
L-2025-4740,F,Mar del Plata,18,"8,48",Empleado en relación de dependencia,Secundario completo,Si,55 y más,Aprobado
L-2025-4741,M,Mar del Plata,15,"8,73",Ama de casa / tareas de cuidado,Secundario incompleto,No,25 a 34,Aprobado
L-2025-4742,M,Mar del Plata,33,"4,27",Empleo informal,Sin escolaridad formal,Si,25 a 34,Aprobado
L-2025-4743,M,Almirante Brown,15,"8,28",Ama de casa / tareas de cuidado,Secundario incompleto,No,25 a 34,Aprobado
L-2025-4744,M,La Plata,31,"7,54",Empleo informal,Secundario completo,Si,18 a 24,Aprobado
L-2025-4745,M,Almirante Brown,20,"8,44",Trabajos esporádicos,Secundario completo,Si,25 a 34,Aprobado
L-2025-4746,M,Lomas de Zamora,33,"7,87",Ama de casa / tareas de cuidado,Secundario completo,Si,25 a 34,Aprobado
L-2025-4747,M,La Matanza,34,"9,07",Ama de casa / tareas de cuidado,Primario completo,Si,25 a 34,Destacado
L-2025-4748,F,General San Martín,34,"8,21",Ama de casa / tareas de cuidado,Universitario incompleto,Si,25 a 34,Aprobado
L-2025-4749,F,La Plata,38,"9,50",Empleo informal,Universitario incompleto,Si,45 a 54,Destacado
L-2025-4750,M,Mar del Plata,33,"7,22",No declara,Secundario incompleto,Si,18 a 24,Aprobado
L-2025-4751,M,La Plata,33,"6,52",Desempleado,Secundario incompleto,Si,18 a 24,Aprobado
L-2025-4752,F,General San Martín,33,"7,74",Empleado en relación de dependencia,Secundario incompleto,Si,25 a 34,Aprobado
L-2025-4753,F,Mar del Plata,22,"5,21",Ama de casa / tareas de cuidado,Secundario incompleto,Si,55 y más,Desaprobado
L-2025-4754,F,Mar del Plata,38,"4,93",Empleado en relación de dependencia,Secundario completo,Si,25 a 34,Desaprobado
L-2025-4755,F,Lomas de Zamora,21,"5,92",Empleado en relación de dependencia,Secundario completo,Si,35 a 44,Desaprobado
L-2025-4756,M,La Matanza,38,"6,45",Ama de casa / tareas de cuidado,Universitario completo,Si,18 a 24,Aprobado
L-2025-4757,F,La Matanza,40,"10,00",Monotributista / independiente,Secundario completo,Si,25 a 34,Destacado
L-2025-4758,F,Mar del Plata,34,"9,72",Empleado en relación de dependencia,Universitario completo,Si,25 a 34,Destacado
L-2025-4759,M,Mar del Plata,35,"6,94",Empleo informal,Secundario completo,Si,25 a 34,Aprobado
L-2025-4760,M,Quilmes,35,"8,05",Ama de casa / tareas de cuidado,Secundario completo,No,45 a 54,Aprobado
L-2025-4761,F,La Matanza,35,"8,64",Monotributista / independiente,Terciario completo,No,45 a 54,Aprobado
L-2025-4762,M,Lomas de Zamora,30,"6,02",Ama de casa / tareas de cuidado,Secundario completo,Si,35 a 44,Aprobado
L-2025-4763,F,Merlo,36,"6,87",Ama de casa / tareas de cuidado,Secundario completo,No,25 a 34,Aprobado
L-2025-4764,F,Merlo,33,"5,70",Desempleado,Primario completo,Si,35 a 44,Desaprobado
L-2025-4765,M,Avellaneda,22,"8,49",Empleado en relación de dependencia,Secundario completo,Si,55 y más,Aprobado
L-2025-4766,M,Quilmes,38,"5,21",Monotributista / independiente,Primario completo,Si,35 a 44,Desaprobado
L-2025-4767,F,Almirante Brown,18,"8,23",Empleado en relación de dependencia,Secundario incompleto,Si,45 a 54,Aprobado
L-2025-4768,F,Lomas de Zamora,38,"5,21",Ama de casa / tareas de cuidado,Secundario completo,Si,35 a 44,Desaprobado
L-2025-4769,F,Mar del Plata,38,"4,61",Empleo informal,Secundario completo,Si,55 y más,Desaprobado
L-2025-4770,F,Quilmes,37,"9,27",Empleo informal,Secundario completo,Si,25 a 34,Destacado
L-2025-4771,F,La Plata,36,"8,79",No declara,Terciario completo,Si,45 a 54,Aprobado
L-2025-4772,F,Lanús,31,"9,03",Monotributista / independiente,Secundario completo,No,45 a 54,Destacado
L-2025-4773,F,Mar del Plata,34,"7,24",Empleado en relación de dependencia,Secundario incompleto,Si,25 a 34,Aprobado
L-2025-4774,F,La Matanza,32,"8,32",Empleado en relación de dependencia,Secundario completo,Si,25 a 34,Aprobado
L-2025-4775,F,Lomas de Zamora,36,"9,04",Monotributista / independiente,Secundario incompleto,Si,25 a 34,Destacado
L-2025-4776,F,Avellaneda,34,"8,90",Monotributista / independiente,Secundario completo,Si,45 a 54,Aprobado
L-2025-4777,M,Mar del Plata,37,"4,46",Monotributista / independiente,Sin escolaridad formal,Si,35 a 44,Aprobado
L-2025-4778,M,La Plata,22,"7,91",Ama de casa / tareas de cuidado,Universitario incompleto,Si,25 a 34,Aprobado
L-2025-4779,M,Lomas de Zamora,35,"4,21",Desempleado,Secundario completo,Si,25 a 34,Destacado
L-2025-4780,M,Mar del Plata,21,"7,80",Trabajos esporádicos,Terciario en curso,Si,18 a 24,Aprobado
L-2025-4781,F,Quilmes,18,"5,92",Empleado en relación de dependencia,Secundario completo,Si,18 a 24,Desaprobado
L-2025-4782,F,Lomas de Zamora,33,"8,61",Empleado en relación de dependencia,Secundario completo,Si,25 a 34,Aprobado
L-2025-4783,M,La Plata,38,"4,29",Empleado en relación de dependencia,Secundario completo,No,35 a 44,Desaprobado
L-2025-4784,F,Lanús,33,"6,36",Empleo informal,Secundario completo,Si,35 a 44,Aprobado
L-2025-4785,M,Merlo,35,"9,40",Monotributista / independiente,Secundario completo,Si,25 a 34,Destacado
L-2025-4786,F,Mar del Plata,34,"6,32",Empleado en relación de dependencia,Secundario incompleto,Si,18 a 24,Aprobado
L-2025-4787,F,Merlo,34,"5,35",Empleo informal,Primario completo,Si,25 a 34,Aprobado
L-2025-4788,F,Merlo,38,"9,11",Empleo informal,Secundario completo,Si,45 a 54,Destacado
L-2025-4789,M,Avellaneda,36,"6,00",Desempleado,Universitario completo,Si,35 a 44,Desaprobado
L-2025-4790,F,Mar del Plata,35,"8,15",Ama de casa / tareas de cuidado,Secundario incompleto,Si,25 a 34,Aprobado
L-2025-4791,M,Lomas de Zamora,36,"4,23",Desempleado,Secundario incompleto,Si,25 a 34,Destacado
L-2025-4792,M,Merlo,33,"4,26",Empleado en relación de dependencia,Primario completo,Si,35 a 44,Desaprobado
L-2025-4793,M,Mar del Plata,33,"5,13",Empleado en relación de dependencia,Secundario completo,Si,35 a 44,Desaprobado
L-2025-4794,F,Lanús,16,"6,36",Empleado en relación de dependencia,Terciario en curso,Si,18 a 24,Aprobado
L-2025-4795,M,La Plata,36,"7,15",Empleado en relación de dependencia,Primario incompleto,Si,45 a 54,Aprobado
L-2025-4796,M,La Plata,35,"7,91",Monotributista / independiente,Terciario en curso,Si,25 a 34,Aprobado
L-2025-4797,F,La Matanza,36,"7,40",Monotributista / independiente,Primario completo,Si,25 a 34,Aprobado
L-2025-4798,M,La Matanza,36,"4,25",Monotributista / independiente,Secundario completo,Si,55 y más,Desaprobado
L-2025-4799,M,General San Martín,37,"8,16",Empleo informal,Universitario incompleto,Si,25 a 34,Aprobado
L-2025-4800,M,Quilmes,39,"4,46",Monotributista / independiente,Primario completo,Si,55 y más,Desaprobado
L-2025-4801,F,La Matanza,33,"5,90",Desempleado,Secundario completo,Si,35 a 44,Desaprobado
L-2025-4802,F,La Matanza,36,"9,38",Empleado en relación de dependencia,Universitario completo,Si,25 a 34,Destacado
L-2025-4803,M,Avellaneda,34,"8,00",Empleado en relación de dependencia,Secundario incompleto,Si,25 a 34,Aprobado
L-2025-4804,F,Mar del Plata,37,"4,91",No declara,Terciario completo,Si,55 y más,Desaprobado
L-2025-4805,M,La Matanza,38,"8,50",Empleado en relación de dependencia,Secundario incompleto,Si,25 a 34,Aprobado
L-2025-4806,M,Mar del Plata,37,"5,81",Empleo informal,Secundario incompleto,Si,35 a 44,Desaprobado
L-2025-4807,M,Almirante Brown,33,"5,52",Ama de casa / tareas de cuidado,Secundario completo,Si,18 a 24,Desaprobado
L-2025-4808,F,General San Martín,31,"8,64",Monotributista / independiente,Secundario completo,No,45 a 54,Aprobado
L-2025-4809,M,Mar del Plata,35,"7,13",Empleado en relación de dependencia,Secundario completo,No,25 a 34,Aprobado
L-2025-4810,M,Avellaneda,34,"5,76",Ama de casa / tareas de cuidado,Secundario completo,Si,35 a 44,Desaprobado
L-2025-4811,F,Avellaneda,36,"6,21",Desempleado,Primario completo,Si,35 a 44,Aprobado
L-2025-4812,M,General San Martín,34,"8,33",Monotributista / independiente,Secundario incompleto,Si,25 a 34,Aprobado
L-2025-4813,M,General San Martín,31,"7,03",Desempleado,Sin escolaridad formal,Si,25 a 34,Aprobado
L-2025-4814,F,Mar del Plata,22,"5,55",Ama de casa / tareas de cuidado,Secundario incompleto,Si,45 a 54,Desaprobado
L-2025-4815,F,Quilmes,38,"4,42",Empleado en relación de dependencia,Secundario incompleto,Si,35 a 44,Desaprobado
L-2025-4816,M,Almirante Brown,36,"8,10",Ama de casa / tareas de cuidado,Secundario completo,Si,45 a 54,Aprobado
L-2025-4817,M,General San Martín,37,"5,51",Empleado en relación de dependencia,Secundario completo,No,35 a 44,Desaprobado
L-2025-4818,F,La Matanza,34,"7,83",Empleo informal,Secundario incompleto,Si,35 a 44,Aprobado
L-2025-4819,F,Mar del Plata,33,"6,96",Empleo informal,Secundario completo,No,35 a 44,Aprobado
L-2025-4820,F,Lanús,22,"8,88",Ama de casa / tareas de cuidado,Universitario incompleto,Si,25 a 34,Aprobado
L-2025-4821,M,La Matanza,33,"6,69",Empleado en relación de dependencia,Universitario incompleto,No,35 a 44,Aprobado
L-2025-4822,F,Quilmes,37,"9,06",Empleo informal,Secundario completo,Si,25 a 34,Destacado
L-2025-4823,M,Lanús,36,"8,32",Empleo informal,Secundario incompleto,Si,25 a 34,Aprobado
L-2025-4824,F,La Matanza,33,"2,59",Empleado en relación de dependencia,Universitario incompleto,No,18 a 24,Desaprobado
L-2025-4825,M,La Matanza,31,"4,24",Empleado en relación de dependencia,Universitario completo,Si,35 a 44,Desaprobado
L-2025-4826,F,Quilmes,38,"8,37",Empleado en relación de dependencia,Secundario completo,Si,25 a 34,Aprobado
L-2025-4827,F,La Plata,35,"6,37",No declara,Secundario incompleto,No,35 a 44,Aprobado
L-2025-4828,M,Lomas de Zamora,36,"5,86",Desempleado,Secundario completo,Si,35 a 44,Desaprobado
L-2025-4829,F,La Matanza,38,"5,81",Empleo informal,Terciario completo,No,25 a 34,Desaprobado
L-2025-4830,F,La Matanza,34,"3,55",Desempleado,Secundario incompleto,No,55 y más,Desaprobado
L-2025-4831,M,Lomas de Zamora,37,"6,68",Desempleado,Secundario completo,Si,18 a 24,Aprobado
L-2025-4832,M,Lomas de Zamora,29,"8,68",Monotributista / independiente,Secundario incompleto,Si,25 a 34,Aprobado
L-2025-4833,M,Lomas de Zamora,37,"9,25",Monotributista / independiente,Secundario completo,Si,25 a 34,Destacado
L-2025-4834,F,General San Martín,33,"8,06",Desempleado,Secundario incompleto,No,25 a 34,Aprobado
L-2025-4835,F,Merlo,31,"4,70",Ama de casa / tareas de cuidado,Terciario en curso,Si,35 a 44,Desaprobado
L-2025-4836,F,La Plata,33,"6,28",Desempleado,Secundario completo,Si,18 a 24,Aprobado
L-2025-4837,M,La Matanza,40,"7,57",Empleo informal,Terciario completo,Si,18 a 24,Aprobado
L-2025-4838,M,La Plata,38,"7,59",Ama de casa / tareas de cuidado,Secundario completo,Si,25 a 34,Aprobado
L-2025-4839,M,General San Martín,36,"9,23",Empleado en relación de dependencia,Universitario incompleto,Si,45 a 54,Destacado
L-2025-4840,M,La Matanza,33,"7,10",Empleado en relación de dependencia,Secundario completo,No,35 a 44,Aprobado
L-2025-4841,M,Mar del Plata,34,"8,94",Empleado en relación de dependencia,Secundario completo,Si,25 a 34,Aprobado
L-2025-4842,F,Lomas de Zamora,35,"7,86",Trabajos esporádicos,Secundario completo,Si,25 a 34,Aprobado
L-2025-4843,M,La Plata,18,"10,00",Empleado en relación de dependencia,Secundario completo,No,45 a 54,Destacado
L-2025-4844,F,Quilmes,36,"8,92",Desempleado,Secundario completo,No,25 a 34,Aprobado
L-2025-4845,F,La Plata,16,"6,24",Empleado en relación de dependencia,Terciario en curso,Si,35 a 44,Aprobado
L-2025-4846,F,La Matanza,33,"4,46",Empleado en relación de dependencia,Secundario incompleto,No,25 a 34,Destacado
L-2025-4847,M,General San Martín,35,"8,95",Monotributista / independiente,Secundario completo,Si,25 a 34,Aprobado
L-2025-4848,M,La Matanza,40,"8,74",Monotributista / independiente,Universitario incompleto,Si,18 a 24,Aprobado
L-2025-4849,M,Almirante Brown,33,"8,53",Empleado en relación de dependencia,Secundario completo,Si,25 a 34,Aprobado
L-2025-4850,M,La Plata,34,"6,62",Desempleado,Primario incompleto,Si,18 a 24,Aprobado
L-2025-4851,M,Almirante Brown,35,"6,11",Empleo informal,Terciario en curso,Si,25 a 34,Aprobado
L-2025-4852,F,La Plata,34,"8,35",Empleado en relación de dependencia,Secundario completo,Si,45 a 54,Aprobado
L-2025-4853,M,Mar del Plata,18,"9,67",Ama de casa / tareas de cuidado,Secundario completo,No,25 a 34,Destacado
L-2025-4854,F,Merlo,34,"6,91",Monotributista / independiente,Terciario en curso,Si,18 a 24,Aprobado
L-2025-4855,F,Almirante Brown,36,"4,12",Desempleado,Secundario incompleto,Si,25 a 34,Destacado
L-2025-4856,F,La Matanza,32,"9,54",Empleo informal,Secundario completo,Si,45 a 54,Destacado
L-2025-4857,M,Quilmes,33,"5,60",Empleo informal,Secundario completo,Si,55 y más,Desaprobado
L-2025-4858,M,La Plata,36,"8,61",Monotributista / independiente,Universitario incompleto,Si,25 a 34,Aprobado
L-2025-4859,F,Almirante Brown,34,"7,56",Monotributista / independiente,Terciario completo,Si,45 a 54,Aprobado
L-2025-4860,F,Mar del Plata,38,"8,74",Ama de casa / tareas de cuidado,Universitario incompleto,Si,25 a 34,Aprobado
L-2025-4861,F,La Matanza,34,"4,72",Ama de casa / tareas de cuidado,Universitario completo,Si,35 a 44,Desaprobado
L-2025-4862,F,Avellaneda,16,"6,23",Ama de casa / tareas de cuidado,Secundario completo,Si,18 a 24,Aprobado
L-2025-4863,F,La Plata,39,"6,43",Desempleado,Secundario completo,Si,35 a 44,Aprobado
L-2025-4864,F,Avellaneda,15,"8,14",Ama de casa / tareas de cuidado,Primario completo,No,45 a 54,Aprobado
L-2025-4865,F,Mar del Plata,22,"5,95",Empleado en relación de dependencia,Secundario completo,Si,35 a 44,Desaprobado
L-2025-4866,F,Lomas de Zamora,37,"8,68",Empleado en relación de dependencia,Secundario completo,Si,25 a 34,Aprobado
L-2025-4867,F,Mar del Plata,38,"9,09",Empleo informal,Secundario completo,Si,25 a 34,Destacado
L-2025-4868,M,La Plata,34,"5,67",Empleado en relación de dependencia,Terciario completo,Si,18 a 24,Desaprobado
L-2025-4869,M,Lomas de Zamora,33,"9,76",No declara,Secundario completo,No,25 a 34,Destacado
L-2025-4870,F,Avellaneda,36,"7,41",Empleado en relación de dependencia,Universitario incompleto,No,18 a 24,Aprobado
L-2025-4871,M,La Matanza,21,"4,76",Empleado en relación de dependencia,Secundario completo,Si,35 a 44,Desaprobado
L-2025-4872,M,La Plata,34,"7,33",Empleado en relación de dependencia,Universitario incompleto,Si,45 a 54,Aprobado
L-2025-4873,F,La Plata,34,"9,32",Ama de casa / tareas de cuidado,Secundario completo,Si,45 a 54,Destacado
L-2025-4874,M,Mar del Plata,36,"7,89",No declara,Universitario completo,Si,25 a 34,Aprobado
L-2025-4875,M,La Matanza,34,"9,66",Empleado en relación de dependencia,Universitario completo,Si,25 a 34,Destacado
L-2025-4876,M,Lanús,34,"5,68",Monotributista / independiente,Secundario completo,Si,35 a 44,Desaprobado
L-2025-4877,F,La Matanza,32,"7,23",Ama de casa / tareas de cuidado,Universitario completo,Si,35 a 44,Aprobado
L-2025-4878,M,Quilmes,35,"9,00",Empleo informal,Universitario incompleto,Si,45 a 54,Destacado
L-2025-4879,M,Mar del Plata,35,"5,32",Empleado en relación de dependencia,Secundario completo,No,55 y más,Desaprobado
L-2025-4880,M,La Matanza,38,"5,49",Monotributista / independiente,Secundario incompleto,Si,35 a 44,Desaprobado
L-2025-4881,F,La Plata,32,"7,14",Trabajos esporádicos,Primario incompleto,Si,25 a 34,Aprobado
L-2025-4882,F,Mar del Plata,36,"3,82",Empleo informal,Primario completo,Si,18 a 24,Desaprobado
L-2025-4883,M,La Plata,34,"6,95",Empleado en relación de dependencia,Secundario completo,Si,18 a 24,Aprobado
L-2025-4884,M,La Matanza,37,"6,33",Monotributista / independiente,Secundario completo,Si,35 a 44,Aprobado
L-2025-4885,F,La Plata,34,"5,31",Empleado en relación de dependencia,Primario completo,Si,25 a 34,Aprobado
L-2025-4886,F,La Matanza,34,"6,42",Empleado en relación de dependencia,Secundario completo,No,18 a 24,Aprobado
L-2025-4887,M,La Plata,36,"6,66",Desempleado,Secundario completo,Si,45 a 54,Aprobado
L-2025-4888,M,La Matanza,34,"7,87",Desempleado,Secundario incompleto,Si,35 a 44,Aprobado
L-2025-4889,M,La Plata,37,"7,94",Monotributista / independiente,Secundario completo,No,45 a 54,Aprobado
L-2025-4890,M,La Plata,35,"7,87",Monotributista / independiente,Secundario completo,Si,25 a 34,Aprobado
L-2025-4891,M,Lomas de Zamora,35,"5,40",Desempleado,Secundario completo,Si,35 a 44,Desaprobado
L-2025-4892,F,Mar del Plata,35,"6,16",Empleado en relación de dependencia,Secundario completo,No,35 a 44,Aprobado
L-2025-4893,M,La Plata,34,"9,22",Empleado en relación de dependencia,Secundario completo,Si,25 a 34,Destacado
L-2025-4894,F,Quilmes,38,"6,62",Empleo informal,Secundario incompleto,Si,25 a 34,Aprobado
L-2025-4895,F,La Matanza,36,"8,78",Empleo informal,Universitario incompleto,Si,25 a 34,Aprobado
L-2025-4896,F,La Matanza,16,"7,78",Ama de casa / tareas de cuidado,Secundario incompleto,Si,35 a 44,Aprobado
L-2025-4897,F,La Plata,30,"5,11",Empleado en relación de dependencia,Primario completo,Si,55 y más,Desaprobado
L-2025-4898,F,Mar del Plata,37,"8,56",Desempleado,Universitario incompleto,Si,45 a 54,Aprobado
L-2025-4899,M,Mar del Plata,22,"5,40",Ama de casa / tareas de cuidado,Secundario completo,Si,55 y más,Desaprobado
L-2025-4900,M,Mar del Plata,33,"6,96",Ama de casa / tareas de cuidado,Primario incompleto,Si,45 a 54,Aprobado
L-2025-4901,M,La Matanza,33,"6,22",Desempleado,Secundario completo,Si,35 a 44,Aprobado
L-2025-4902,F,Lomas de Zamora,33,"5,24",Desempleado,Secundario incompleto,Si,35 a 44,Desaprobado
L-2025-4903,M,La Plata,34,"7,08",Desempleado,Universitario incompleto,Si,45 a 54,Aprobado
L-2025-4904,M,Avellaneda,36,"8,29",Empleado en relación de dependencia,Secundario completo,Si,45 a 54,Aprobado
L-2025-4905,M,Almirante Brown,37,"5,32",Monotributista / independiente,Universitario incompleto,No,35 a 44,Desaprobado
L-2025-4906,M,Mar del Plata,35,"10,00",Desempleado,Terciario completo,Si,25 a 34,Destacado
L-2025-4907,F,Mar del Plata,33,"5,18",Desempleado,Universitario incompleto,Si,35 a 44,Desaprobado
L-2025-4908,F,General San Martín,34,"5,53",Empleado en relación de dependencia,Secundario completo,Si,55 y más,Desaprobado
L-2025-4909,M,La Matanza,34,"5,71",Empleado en relación de dependencia,Secundario incompleto,Si,25 a 34,Desaprobado
L-2025-4910,F,Lanús,38,"8,96",Trabajos esporádicos,Terciario completo,Si,25 a 34,Aprobado
L-2025-4911,F,Merlo,38,"9,99",Empleado en relación de dependencia,Terciario en curso,Si,25 a 34,Destacado
L-2025-4912,M,La Matanza,33,"9,57",Monotributista / independiente,Terciario en curso,Si,45 a 54,Destacado
L-2025-4913,F,La Plata,36,"5,70",Empleo informal,Universitario incompleto,Si,35 a 44,Desaprobado
L-2025-4914,F,Avellaneda,34,"3,98",Trabajos esporádicos,Secundario completo,Si,35 a 44,Desaprobado
L-2025-4915,F,La Plata,18,"8,87",Ama de casa / tareas de cuidado,Secundario completo,Si,45 a 54,Aprobado
L-2025-4916,F,Mar del Plata,34,"6,75",Desempleado,Secundario completo,Si,18 a 24,Aprobado
L-2025-4917,M,Avellaneda,34,"3,39",Empleo informal,Terciario en curso,Si,45 a 54,Desaprobado
L-2025-4918,M,Almirante Brown,33,"5,11",Desempleado,Secundario incompleto,No,35 a 44,Desaprobado
L-2025-4919,F,General San Martín,34,"7,18",Empleado en relación de dependencia,Universitario incompleto,Si,25 a 34,Aprobado
L-2025-4920,F,La Plata,35,"9,04",Empleo informal,Secundario completo,Si,25 a 34,Destacado
L-2025-4921,M,Quilmes,35,"8,70",Ama de casa / tareas de cuidado,Primario completo,No,25 a 34,Aprobado
L-2025-4922,M,General San Martín,36,"5,63",Empleado en relación de dependencia,Terciario en curso,Si,35 a 44,Desaprobado
L-2025-4923,F,La Matanza,31,"8,44",Empleado en relación de dependencia,Terciario en curso,Si,25 a 34,Aprobado
L-2025-4924,F,Almirante Brown,36,"8,24",Ama de casa / tareas de cuidado,Terciario completo,No,18 a 24,Aprobado
L-2025-4925,F,La Plata,18,"6,78",Empleado en relación de dependencia,Secundario completo,Si,35 a 44,Aprobado
L-2025-4926,F,Lomas de Zamora,36,"10,00",Desempleado,Secundario completo,No,25 a 34,Destacado
L-2025-4927,F,La Matanza,37,"6,68",Desempleado,Secundario incompleto,Si,18 a 24,Aprobado
L-2025-4928,F,La Matanza,39,"7,62",Desempleado,Secundario completo,Si,45 a 54,Aprobado
L-2025-4929,F,La Matanza,34,"6,39",Empleado en relación de dependencia,Secundario completo,Si,18 a 24,Aprobado
L-2025-4930,M,Mar del Plata,15,"8,77",Empleado en relación de dependencia,Terciario completo,No,25 a 34,Aprobado
L-2025-4931,F,General San Martín,34,"7,32",Empleado en relación de dependencia,Secundario incompleto,No,18 a 24,Aprobado
L-2025-4932,M,Mar del Plata,17,"7,38",Ama de casa / tareas de cuidado,Terciario completo,Si,25 a 34,Aprobado
L-2025-4933,F,La Plata,33,"6,61",Empleado en relación de dependencia,Primario incompleto,Si,35 a 44,Aprobado
L-2025-4934,M,Quilmes,36,"8,00",Monotributista / independiente,Secundario completo,Si,45 a 54,Aprobado
L-2025-4935,F,Almirante Brown,34,"8,41",Empleado en relación de dependencia,Universitario incompleto,Si,25 a 34,Aprobado
L-2025-4936,F,Lomas de Zamora,34,"6,04",Empleado en relación de dependencia,Secundario incompleto,Si,25 a 34,Aprobado
L-2025-4937,M,Lomas de Zamora,36,"6,58",Ama de casa / tareas de cuidado,Secundario completo,Si,35 a 44,Aprobado
L-2025-4938,M,La Matanza,38,"8,11",Desempleado,Primario completo,Si,18 a 24,Aprobado
L-2025-4939,F,Lanús,34,"6,61",Desempleado,Terciario completo,Si,45 a 54,Aprobado
L-2025-4940,F,Quilmes,34,"9,53",Empleado en relación de dependencia,Secundario completo,No,45 a 54,Destacado
L-2025-4941,F,La Matanza,38,"5,35",Empleado en relación de dependencia,Universitario completo,Si,25 a 34,Desaprobado
L-2025-4942,M,Lomas de Zamora,18,"6,30",Ama de casa / tareas de cuidado,Secundario incompleto,Si,18 a 24,Aprobado
L-2025-4943,F,La Matanza,18,"7,42",Empleado en relación de dependencia,Secundario incompleto,Si,25 a 34,Aprobado
L-2025-4944,M,La Plata,38,"6,32",Trabajos esporádicos,Primario completo,Si,35 a 44,Aprobado
L-2025-4945,M,General San Martín,35,"8,66",Desempleado,Universitario completo,No,55 y más,Aprobado
L-2025-4946,M,Lanús,37,"7,72",Empleo informal,Universitario completo,Si,35 a 44,Aprobado
L-2025-4947,F,La Matanza,16,"2,15",Ama de casa / tareas de cuidado,Secundario completo,Si,45 a 54,Desaprobado
L-2025-4948,F,La Plata,33,"8,71",Monotributista / independiente,Secundario completo,Si,25 a 34,Aprobado
L-2025-4949,F,Mar del Plata,15,"7,27",Desempleado,Secundario incompleto,No,18 a 24,Aprobado
L-2025-4950,F,La Matanza,32,"6,38",No declara,Secundario completo,No,35 a 44,Aprobado
L-2025-4951,M,La Plata,32,"5,31",Empleo informal,Primario completo,Si,25 a 34,Destacado
L-2025-4952,F,La Matanza,34,"4,09",Ama de casa / tareas de cuidado,Secundario completo,Si,25 a 34,Destacado
L-2025-4953,M,Mar del Plata,16,"8,49",Empleado en relación de dependencia,Secundario completo,Si,25 a 34,Aprobado
L-2025-4954,F,La Matanza,37,"5,45",Empleo informal,Secundario incompleto,No,35 a 44,Desaprobado
L-2025-4955,M,Lomas de Zamora,36,"3,62",Monotributista / independiente,Terciario en curso,No,55 y más,Desaprobado
L-2025-4956,M,Mar del Plata,36,"7,39",Desempleado,Secundario completo,Si,45 a 54,Aprobado
L-2025-4957,F,Lanús,31,"8,09",Monotributista / independiente,Secundario completo,No,25 a 34,Aprobado
L-2025-4958,M,Lanús,37,"8,09",Desempleado,Secundario incompleto,Si,45 a 54,Aprobado
L-2025-4959,M,Lanús,36,"6,26",Empleado en relación de dependencia,Universitario incompleto,Si,35 a 44,Aprobado
L-2025-4960,M,Lomas de Zamora,35,"8,41",Trabajos esporádicos,Secundario completo,Si,25 a 34,Aprobado
L-2025-4961,M,Quilmes,35,"9,09",Desempleado,Secundario incompleto,Si,25 a 34,Destacado
L-2025-4962,M,Merlo,34,"7,64",Monotributista / independiente,Primario completo,Si,25 a 34,Aprobado
L-2025-4963,M,Lomas de Zamora,34,"9,06",Desempleado,Secundario incompleto,Si,25 a 34,Destacado
L-2025-4964,M,Mar del Plata,36,"9,44",Monotributista / independiente,Secundario completo,Si,45 a 54,Destacado
L-2025-4965,F,La Plata,35,"4,38",Monotributista / independiente,Terciario en curso,Si,35 a 44,Desaprobado
L-2025-4966,M,Mar del Plata,37,"4,26",Desempleado,Secundario completo,Si,35 a 44,Destacado
L-2025-4967,F,Avellaneda,34,"8,38",Empleo informal,Secundario incompleto,No,18 a 24,Aprobado
L-2025-4968,F,Merlo,35,"8,98",Ama de casa / tareas de cuidado,Terciario en curso,Si,25 a 34,Aprobado
L-2025-4969,F,Quilmes,36,"7,54",Empleo informal,Secundario completo,Si,25 a 34,Aprobado
L-2025-4970,F,La Matanza,35,"6,06",Empleado en relación de dependencia,Secundario completo,Si,35 a 44,Aprobado
L-2025-4971,M,La Matanza,35,"8,30",Empleo informal,Secundario incompleto,Si,45 a 54,Aprobado
L-2025-4972,F,General San Martín,34,"7,03",No declara,Secundario incompleto,Si,25 a 34,Aprobado
L-2025-4973,M,Mar del Plata,31,"6,94",Monotributista / independiente,Primario incompleto,Si,25 a 34,Destacado
L-2025-4974,M,Mar del Plata,30,"6,54",Ama de casa / tareas de cuidado,Secundario completo,Si,25 a 34,Aprobado
L-2025-4975,F,Merlo,36,"9,28",Monotributista / independiente,Terciario completo,No,45 a 54,Destacado
L-2025-4976,F,Avellaneda,36,"5,27",Trabajos esporádicos,Primario completo,Si,25 a 34,Destacado
L-2025-4977,M,General San Martín,34,"7,75",Empleado en relación de dependencia,Primario completo,Si,25 a 34,Aprobado
L-2025-4978,M,Lomas de Zamora,18,"10,00",Empleado en relación de dependencia,Terciario en curso,Si,45 a 54,Destacado
L-2025-4979,F,La Plata,36,"4,87",Desempleado,Secundario incompleto,Si,18 a 24,Desaprobado
L-2025-4980,M,La Matanza,38,"5,99",Empleado en relación de dependencia,Secundario completo,Si,55 y más,Desaprobado
L-2025-4981,M,General San Martín,36,"9,09",Monotributista / independiente,Universitario incompleto,Si,45 a 54,Destacado
L-2025-4982,M,Mar del Plata,34,"8,25",Desempleado,Secundario completo,Si,45 a 54,Aprobado
L-2025-4983,F,Mar del Plata,33,"7,54",Empleado en relación de dependencia,Secundario completo,No,45 a 54,Aprobado
L-2025-4984,F,La Matanza,35,"7,57",Empleado en relación de dependencia,Universitario incompleto,Si,25 a 34,Aprobado
L-2025-4985,F,La Plata,33,"7,57",Ama de casa / tareas de cuidado,Terciario en curso,Si,25 a 34,Aprobado
L-2025-4986,M,La Matanza,38,"8,42",Monotributista / independiente,Terciario completo,Si,35 a 44,Aprobado
L-2025-4987,F,La Matanza,35,"5,47",Desempleado,Sin escolaridad formal,No,55 y más,Desaprobado
L-2025-4988,F,La Plata,35,"5,34",Empleado en relación de dependencia,Secundario completo,Si,35 a 44,Desaprobado
L-2025-4989,F,Mar del Plata,33,"7,66",Monotributista / independiente,Terciario en curso,Si,25 a 34,Aprobado
L-2025-4990,F,Lomas de Zamora,31,"7,44",Empleado en relación de dependencia,Terciario completo,Si,25 a 34,Aprobado
L-2025-4991,F,General San Martín,34,"5,09",Empleado en relación de dependencia,Universitario completo,Si,18 a 24,Desaprobado
L-2025-4992,M,La Plata,33,"5,52",Monotributista / independiente,Universitario incompleto,Si,55 y más,Desaprobado
L-2025-4993,M,Quilmes,39,"9,62",No declara,Terciario en curso,Si,25 a 34,Destacado
L-2025-4994,M,Mar del Plata,35,"5,86",Desempleado,Primario completo,Si,35 a 44,Desaprobado
L-2025-4995,F,La Matanza,18,"5,37",Ama de casa / tareas de cuidado,Universitario incompleto,Si,35 a 44,Desaprobado
L-2025-4996,M,General San Martín,36,"7,56",No declara,Universitario incompleto,Si,55 y más,Aprobado
L-2025-4997,F,La Plata,16,"6,56",Ama de casa / tareas de cuidado,Secundario incompleto,Si,35 a 44,Aprobado
L-2025-4998,M,Lomas de Zamora,36,"6,32",Desempleado,Secundario completo,Si,35 a 44,Aprobado
L-2025-4999,M,Mar del Plata,35,"8,89",Empleado en relación de dependencia,Secundario completo,Si,45 a 54,Aprobado
L-2025-5000,M,Lanús,35,"4,90",Empleo informal,Secundario incompleto,No,35 a 44,Desaprobado